truth_trial,switch_between_days,state_name,absolute_boundary_change,non_boundary_median_absolute_change,non_boundary_95th_percentile_absolute_change,boundary_to_non_boundary_95th_ratio
1,180-181,SNOWPACK,0.0,6.269970434054866,22.187210614664366,0.0
1,180-181,MELTWATER,0.0,6.096553653407325e-08,0.10351199842902276,0.0
1,180-181,SM,12.175984253548592,7.961071921491687,22.959141994863522,0.5303327213304676
1,180-181,SUZ,1.7412099040903308,2.096636080528946,8.18190109317972,0.21281238727534496
1,180-181,SLZ,48.35936358748478,24.87438318620616,75.13181003265281,0.6436603026929267
1,180-181,qraw_t_minus_0,54.79312783348305,0.7347160245146372,8.345596144129473,6.565513941388845
1,180-181,qraw_t_minus_1,0.03799139189018952,0.7349266874746918,8.379443342505486,0.0045338801561524665
1,180-181,qraw_t_minus_2,0.12012814041256181,0.7380556754384866,8.466421001687959,0.014188774735937623
1,180-181,qraw_t_minus_3,1.313990065036883,0.7347160245146372,8.379443342505486,0.15681114023070594
1,180-181,qraw_t_minus_4,3.5631960088809773,0.7347160245146372,8.466421001687959,0.4208621338545035
1,180-181,qraw_t_minus_5,2.8858032271210554,0.7349266874746918,8.466421001687959,0.34085279087181114
1,180-181,qraw_t_minus_6,0.5371901516457136,0.7380556754384866,8.466421001687959,0.06344949672814681
1,180-181,qraw_t_minus_7,0.5534882774456271,0.7349266874746918,8.466421001687959,0.06537452807216622
1,180-181,qraw_t_minus_8,1.9889715329115454,0.7346321540226913,8.466421001687959,0.23492471405745144
1,180-181,qraw_t_minus_9,4.465377917777738,0.7346321540226913,8.466421001687959,0.5274221441253006
1,360-361,SNOWPACK,5.715522266415422,6.269970434054866,22.187210614664366,0.25760436341816745
1,360-361,MELTWATER,0.015475084420201802,6.096553653407325e-08,0.10351199842902276,0.14950039275700902
1,360-361,SM,7.8180917076542755,7.961071921491687,22.959141994863522,0.34052194587251383
1,360-361,SUZ,5.507375320495504,2.096636080528946,8.18190109317972,0.6731168291787771
1,360-361,SLZ,69.58820828850409,24.87438318620616,75.13181003265281,0.9262149848148283
1,360-361,qraw_t_minus_0,12.220120121022111,0.7347160245146372,8.345596144129473,1.4642597017611603
1,360-361,qraw_t_minus_1,14.563664994995609,0.7349266874746918,8.379443342505486,1.7380229687955642
1,360-361,qraw_t_minus_2,0.22554118768834286,0.7380556754384866,8.466421001687959,0.02663949591490625
1,360-361,qraw_t_minus_3,28.324338234933105,0.7347160245146372,8.379443342505486,3.380217166843928
1,360-361,qraw_t_minus_4,2.6858462054126244,0.7347160245146372,8.466421001687959,0.3172351345246291
1,360-361,qraw_t_minus_5,0.633817200763469,0.7349266874746918,8.466421001687959,0.0748624714784564
1,360-361,qraw_t_minus_6,0.35085464395409627,0.7380556754384866,8.466421001687959,0.041440727301907856
1,360-361,qraw_t_minus_7,1.253049823635454,0.7349266874746918,8.466421001687959,0.14800230503368922
1,360-361,qraw_t_minus_8,1.0283639612661628,0.7346321540226913,8.466421001687959,0.12146383472557494
1,360-361,qraw_t_minus_9,2.8800271708854996,0.7346321540226913,8.466421001687959,0.3401705597100954
2,180-181,SNOWPACK,0.0,6.59976941024818,22.32972183079697,0.0
2,180-181,MELTWATER,0.0,4.4834570569140594e-08,0.11872033982829407,0.0
2,180-181,SM,13.92465876222218,7.709553304418193,22.1108083230091,0.6297670604711365
2,180-181,SUZ,1.7412099040903308,2.1825070318792683,10.19636491404302,0.17076771170598617
2,180-181,SLZ,13.860053710511238,24.770990399440507,73.63087708823626,0.18823697691257854
2,180-181,qraw_t_minus_0,4.7147855830860435,0.9086000588125538,8.855533021491766,0.5324112700662496
2,180-181,qraw_t_minus_1,2.652655033164435,0.9086000588125538,8.855533021491766,0.29954775468925754
2,180-181,qraw_t_minus_2,2.2816108723232174,0.9086000588125538,8.855533021491766,0.25764805650725997
2,180-181,qraw_t_minus_3,5.537611715999644,0.900622938463608,8.855533021491766,0.6253278828682862
2,180-181,qraw_t_minus_4,7.495624772129919,0.8997348542535981,8.855533021491766,0.8464340603709067
2,180-181,qraw_t_minus_5,2.0910478993800456,0.900622938463608,8.855533021491766,0.23612897092757906
2,180-181,qraw_t_minus_6,5.118435635879143,0.900622938463608,8.855533021491766,0.577992947850463
2,180-181,qraw_t_minus_7,5.5648495062641,0.900622938463608,8.855533021491766,0.6284036762957798
2,180-181,qraw_t_minus_8,2.5580424642746316,0.8997348542535981,8.855533021491766,0.2888637485814168
2,180-181,qraw_t_minus_9,12.604259758205947,0.8997348542535981,8.768276580839961,1.4374842812039257
2,360-361,SNOWPACK,5.715522266415422,6.59976941024818,22.32972183079697,0.25596029855296365
2,360-361,MELTWATER,0.03801304361034664,4.4834570569140594e-08,0.11872033982829407,0.3201898146966655
2,360-361,SM,445.52215628944003,7.709553304418193,22.1108083230091,20.149519175462153
2,360-361,SUZ,23.095996051348813,2.1825070318792683,10.19636491404302,2.2651205842524997
2,360-361,SLZ,71.68065010994405,24.770990399440507,73.63087708823626,0.9735134626203742
2,360-361,qraw_t_minus_0,6.044310085905382,0.9086000588125538,8.855533021491766,0.6825461630865426
2,360-361,qraw_t_minus_1,2.2114264279305846,0.9086000588125538,8.855533021491766,0.24972256583128374
2,360-361,qraw_t_minus_2,1.9715096966736176,0.9086000588125538,8.855533021491766,0.2226302687696946
2,360-361,qraw_t_minus_3,7.394015167817557,0.900622938463608,8.855533021491766,0.8349599227819255
2,360-361,qraw_t_minus_4,2.615788511793956,0.8997348542535981,8.855533021491766,0.2953846488343071
2,360-361,qraw_t_minus_5,0.12118482362928962,0.900622938463608,8.855533021491766,0.013684644767873648
2,360-361,qraw_t_minus_6,0.35501059416559144,0.900622938463608,8.855533021491766,0.04008912770174368
2,360-361,qraw_t_minus_7,0.4740827150913196,0.900622938463608,8.855533021491766,0.05353519815698882
2,360-361,qraw_t_minus_8,0.18899030804570316,0.8997348542535981,8.855533021491766,0.021341494361438975
2,360-361,qraw_t_minus_9,0.1720288427341723,0.8997348542535981,8.768276580839961,0.019619458983545512
3,180-181,SNOWPACK,0.0,6.050329644305166,23.17779161772249,0.0
3,180-181,MELTWATER,0.0,4.7321539855693635e-08,1.5680790083717635,0.0
3,180-181,SM,433.39633207578606,7.5605884451864185,22.018404799176402,19.683366530349065
3,180-181,SUZ,3.076571742657377,2.0527587361675472,8.890183684784672,0.3460639118090274
3,180-181,SLZ,4.292558972817119,26.05293185939926,75.98245042083842,0.05649408447664214
3,180-181,qraw_t_minus_0,9.323132045427519,0.9617302067509703,8.119532488160987,1.1482350811480204
3,180-181,qraw_t_minus_1,0.2685066919786552,0.9617302067509703,8.778951288091337,0.03058528099397077
3,180-181,qraw_t_minus_2,0.8630978893438801,0.9617302067509703,8.778951288091337,0.0983144638830237
3,180-181,qraw_t_minus_3,1.6427032219373823,0.9552348954573784,8.386551734339415,0.19587349771076962
3,180-181,qraw_t_minus_4,0.8473185350543524,0.9607290241845323,8.386551734339415,0.10103300640058513
3,180-181,qraw_t_minus_5,2.1109863000218656,0.9509366758774331,8.386551734339415,0.2517108779497849
3,180-181,qraw_t_minus_6,0.7095533904416609,0.9473910788823585,8.386551734339415,0.08460609472381087
3,180-181,qraw_t_minus_7,0.8927445786847858,0.9473910788823585,8.386551734339415,0.10644954052204447
3,180-181,qraw_t_minus_8,2.9199123679207606,0.9409032617725828,8.205090262940491,0.35586596543720894
3,180-181,qraw_t_minus_9,2.4078843637241922,0.9364479947402513,8.205090262940491,0.29346226385829777
3,360-361,SNOWPACK,5.715522266415422,6.050329644305166,23.17779161772249,0.2465947731640295
3,360-361,MELTWATER,2.7382257744981074e-08,4.7321539855693635e-08,1.5680790083717635,1.7462294692289655e-08
3,360-361,SM,3.975148483932358,7.5605884451864185,22.018404799176402,0.1805375330405883
3,360-361,SUZ,11.147345103014096,2.0527587361675472,8.890183684784672,1.253893676245689
3,360-361,SLZ,48.38730540388667,26.05293185939926,75.98245042083842,0.6368221232124979
3,360-361,qraw_t_minus_0,17.810466937451416,0.9617302067509703,8.119532488160987,2.1935335517679975
3,360-361,qraw_t_minus_1,6.262347982299243,0.9617302067509703,8.778951288091337,0.7133366818875199
3,360-361,qraw_t_minus_2,1.8418862200896289,0.9617302067509703,8.778951288091337,0.2098070896677774
3,360-361,qraw_t_minus_3,11.78033571285932,0.9552348954573784,8.386551734339415,1.4046697720379857
3,360-361,qraw_t_minus_4,0.3327100715908964,0.9607290241845323,8.386551734339415,0.03967185586283193
3,360-361,qraw_t_minus_5,0.13734341866118926,0.9509366758774331,8.386551734339415,0.016376625699311614
3,360-361,qraw_t_minus_6,0.9617302067509703,0.9473910788823585,8.386551734339415,0.11467528457650696
3,360-361,qraw_t_minus_7,0.12063153360147849,0.9473910788823585,8.386551734339415,0.014383925291671774
3,360-361,qraw_t_minus_8,0.12073625143513755,0.9409032617725828,8.205090262940491,0.01471479868789022
3,360-361,qraw_t_minus_9,0.34424020622578366,0.9364479947402513,8.205090262940491,0.04195446913979675
