basin,frac_snow,nse_clean,D_nse,temp_share,precip_share
01022500,0.245259009248271,0.7718266248703003,0.4105430245399475,0.37362217923864105,0.4093560623028847
01055000,0.306048851694867,0.6876212358474731,0.4649078845977783,0.45371761015280215,0.3289224318002038
01134500,0.280582089228151,0.7580877542495728,0.7185679078102112,0.40463971209199356,0.3807413687302124
01144000,0.248466348504845,0.8269900679588318,0.5763313174247742,0.4522193281321436,0.3304869157193854
01187300,0.201269335695146,0.7423389554023743,0.36408287286758423,0.4102471080252079,0.3690576751407405
01350080,0.221156578322867,0.6578410863876343,0.36378878355026245,0.38887008873570716,0.407644062468287
01414500,0.216628505016047,0.7068052291870117,0.4149523377418518,0.4013492869588195,0.39123189183684143
01439500,0.163765228832016,0.7954329252243042,0.6061710715293884,0.3424853738305116,0.4273066206109033
01484100,0.042571686471381,0.6409103870391846,0.352261483669281,0.2693586673966306,0.5174832239395901
01518862,0.201111344911574,0.6199761629104614,0.3884890675544739,0.3786540899551088,0.40975491932223923
01543500,0.181653610941671,0.7863365411758423,0.4570664167404175,0.3919191519577594,0.40048734450064216
01549500,0.186519052942025,0.6990604400634766,0.3666646480560303,0.3488538784834195,0.4608228547197363
01567500,0.126036065938383,0.47681063413619995,0.4486227035522461,0.33683370985273237,0.442465098379746
01591400,0.0838764227317032,0.6062304377555847,0.47360408306121826,0.35118415370069916,0.449061575770107
01632000,0.110024870103334,0.585631787776947,0.45591360330581665,0.3610060031413022,0.42553731454971827
01644000,0.084351798741144,0.7578597664833069,0.4343150854110718,0.31041760797647455,0.4646493973020513
01669520,0.0368199149910729,0.825855553150177,0.34975767135620117,0.19880534904030955,0.5817644582726021
02016000,0.102077363429123,0.8131596446037292,0.3834320306777954,0.33561327798400387,0.44461389429548126
02028500,0.0802569579048301,0.6822072863578796,0.39171427488327026,0.34414429243814126,0.413779939134744
02053800,0.0938172550300136,0.7051995992660522,0.5600008964538574,0.3614963472240593,0.4119294345062771
02065500,0.0617139970732649,0.4927266836166382,0.5434231758117676,0.30489284117633997,0.44300808106286066
02081500,0.0436247713972968,0.766128420829773,0.3814091086387634,0.2844835132405769,0.4788419307906485
02108000,0.0092819261110396,0.9020463228225708,0.15072858333587646,0.2567177545169186,0.4763517388802661
02118500,0.0413708350211441,0.6820598840713501,0.36533457040786743,0.3023538414920413,0.45680757304062924
02143000,0.0313262156816952,0.6927891969680786,0.2622583508491516,0.31333799790690975,0.4332622676084789
02178400,0.033836252850455,0.7935663461685181,0.1810133457183838,0.34442909569321256,0.4036163687691399
02212600,0.0090237999831922,0.7667526006698608,0.20764756202697754,0.34587227197704673,0.4027571459080068
02245500,0.0004366285424588,0.44349753856658936,0.26026779413223267,0.2365465037016566,0.5466009313046287
02298123,0.0,0.4975851774215698,0.46297866106033325,0.24210776259068084,0.5228348421414535
02349900,0.0010817469729248,0.6480823159217834,0.217157781124115,0.32075257691143,0.44551275535044177
02371500,0.0040171402581935,0.8794282674789429,0.17839980125427246,0.27573275601196906,0.4666260449075599
02395120,0.0124894104226604,0.7256239652633667,0.29960763454437256,0.33247647703790056,0.44272476889619405
02464000,0.011217518412828,0.7916156649589539,0.22490757703781128,0.2838630826529917,0.4788878147321074
02472500,0.002454389871356,0.8317511677742004,0.20223897695541382,0.27021014545817074,0.4453184207902754
02481510,0.0007622545076852,0.7954458594322205,0.13937276601791382,0.2849177942596222,0.4685008406053431
04043050,0.299401075000363,0.6778337955474854,0.6621924638748169,0.5014647372778235,0.2933032295405925
04063700,0.211966109984869,0.7417138814926147,0.7554631233215332,0.317172359018622,0.490760783863985
04122500,0.184317913063151,0.776170015335083,0.9944814443588257,0.2508560647717702,0.573553768751811
04196800,0.099311648741759,0.7980222702026367,0.6073379516601562,0.2500406697682807,0.5574680465879084
04216418,0.225393876789264,0.7471075654029846,0.5945143103599548,0.3732127212258104,0.4135267211625276
03010655,0.207261759338099,0.7471541166305542,0.4733009934425354,0.38104410755471324,0.3995662273469315
03028000,0.203474312123818,0.7090960741043091,0.46381711959838867,0.39009596396531454,0.4097781646342685
03070500,0.144725592442485,0.7867332100868225,0.4136515259742737,0.36737165755505596,0.42391403954750245
03170000,0.0945585836238721,0.7457536458969116,0.5688561201095581,0.33793662692212967,0.44447970953307353
03237280,0.0847306381238598,0.3923078179359436,0.854131281375885,0.3171674960402193,0.4691873762439572
03281500,0.044067880842997,0.8705272674560547,0.3194751739501953,0.2822398921677431,0.4793136129710692
03346000,0.0621069652969445,0.8350773453712463,0.322845458984375,0.25120432400953013,0.5206622503664142
03439000,0.0374660918206049,0.8370022773742676,0.15597331523895264,0.3500063030958962,0.3892847369764203
03471500,0.0838711696088708,0.7164819240570068,0.7218083143234253,0.3319292378391533,0.43486659311160314
03500000,0.0292489179120406,0.8705183267593384,0.21384024620056152,0.32093902313209655,0.41558163426893674
03604000,0.0255990760932844,0.7960313558578491,0.15847909450531006,0.31503991453334707,0.4469102132106733
05408000,0.140156645371,0.6371655464172363,1.0948882102966309,0.3058246232839494,0.4983717632438864
05458000,0.122540965691067,0.6018116474151611,0.6118590831756592,0.32827853473263197,0.4546066457798154
05495000,0.0965623589589288,0.7556233406066895,0.31050628423690796,0.2533429505569724,0.5428154995375406
05508805,0.075793058486455,0.7152848243713379,0.34527188539505005,0.2689643736999376,0.5169888907863057
05592050,0.0740889287495313,0.717052161693573,0.38139355182647705,0.26082720399081427,0.525261378950707
07291000,0.003569389743915,0.5408379435539246,0.47523295879364014,0.3171794065389846,0.4654259072296332
08013000,0.0032863361803717,0.7578470706939697,0.22023743391036987,0.22779855662416795,0.547391118893876
06224000,0.693901350936104,0.879996657371521,0.38353925943374634,0.4337448825870501,0.37117846449969294
06311000,0.57382796016244,0.6687827706336975,0.5971969366073608,0.42726639986079695,0.43179759659353856
06352000,0.168403955596369,0.33599603176116943,1.5565463304519653,0.3217886549964657,0.5223012330367773
06440200,0.140805850137048,0.41887104511260986,0.5351425409317017,0.2795569928843056,0.5489809709341286
06601000,0.105879368005318,0.5568722486495972,0.44231510162353516,0.3070887881898998,0.4868935264351144
06746095,0.728744289492069,0.7664585709571838,0.7212750315666199,0.5213816838834104,0.29917082505001563
06853800,0.104135741933305,0.6248492002487183,0.4186142683029175,0.29462159792030435,0.49652863614954446
06888500,0.0703719655848806,0.7300605773925781,0.22856861352920532,0.30521550295501404,0.4474775845073757
06906800,0.0604504736826071,0.8086654543876648,0.14842742681503296,0.29826576523967807,0.48319709355131696
06919500,0.0494466083766876,0.8792300224304199,0.3017873764038086,0.2602078226929225,0.5019063240594571
07066000,0.0562313137196695,0.6114249229431152,0.25971436500549316,0.27072633756930864,0.4798140285052806
07180500,0.0557846206828486,0.7185767889022827,0.4338230490684509,0.2727315166993573,0.5207736740407924
07208500,0.333134983679482,0.4386845827102661,1.3177306652069092,0.3684424299526786,0.39568482336819005
07315200,0.0162560388991893,0.5645704865455627,0.29913628101348877,0.31017879239222385,0.46467856515636374
08023080,0.0072046599774758,0.7045890092849731,0.35074955224990845,0.28128806630787506,0.48227140306985816
08070200,0.0024550978464837,0.7300329208374023,0.20133113861083984,0.25651505542512976,0.5178080569399368
08103900,0.0092842421517583,0.4572664499282837,1.006332278251648,0.30390668627064304,0.4496842410542455
08158810,0.0058462589398929,0.2155907154083252,0.5596671104431152,0.29044135283671185,0.3870010302016754
08175000,0.0022293177664445,0.7316097021102905,0.2067093849182129,0.2700053511128031,0.5093018255953198
08190500,0.0044907633248583,0.4098855257034302,0.09427130222320557,0.3846136141248396,0.3159974395835653
08200000,0.0026284470487446,0.3824803829193115,0.2745819091796875,0.265025637932851,0.4662360182847821
08324000,0.365429081915842,0.845932126045227,0.9633873701095581,0.4025369362651832,0.4154004069066309
09035900,0.689823885415144,0.9296601414680481,0.6176307201385498,0.44870913667417445,0.3633139227031442
09066300,0.688317497264152,0.8707587718963623,0.41792452335357666,0.5681690955989842,0.24957741067998462
09306242,0.35800746386243,0.22888582944869995,2.446856677532196,0.3062453538608631,0.4973272849546388
09404450,0.423599939585063,0.7846960425376892,1.0501773953437805,0.319535152098286,0.47079994485201593
09494000,0.235554110470522,0.7576971054077148,0.4755970239639282,0.38911600745295627,0.4036233736889263
09510200,0.0061243701078094,0.7339109778404236,0.23048657178878784,0.33233670810313704,0.46358846379616997
10336645,0.665304872565722,0.884395956993103,0.2930344343185425,0.5920357525202593,0.16968953549404484
12020000,0.043553396693619,0.8204169869422913,0.2029104232788086,0.4253255609759483,0.3337101515332051
12048000,0.498197653251076,0.5574172139167786,0.7147068381309509,0.5395246519159261,0.17061707387594147
12092000,0.513670726431351,0.7856543660163879,0.4330906271934509,0.5667359372141224,0.18215920350563725
12144000,0.220551545924003,0.8353031277656555,0.25164151191711426,0.5588602742994495,0.20772505545196668
12178100,0.52956688772688,0.7360385656356812,0.3859958052635193,0.5761743330745701,0.18011110415909812
12381400,0.594005153419735,0.8163225650787354,0.7070059180259705,0.48211200014235617,0.25278550343097556
12451000,0.716767081202258,0.8355802893638611,0.32334041595458984,0.5635809711292288,0.21771508417492513
13023000,0.646858624758436,0.8505322337150574,0.25650912523269653,0.4592520925683523,0.3292251331634406
13331500,0.55788094452843,0.8857179880142212,0.8108606338500977,0.4844219500269264,0.2846561760476107
14138870,0.229049355466927,0.7764586210250854,0.26521170139312744,0.5107891635428026,0.23985703267968536
14158790,0.365056630377127,0.7628835439682007,0.38596123456954956,0.5428025952121389,0.2241257047791618
14187000,0.0895194173938424,0.8947298526763916,0.17386960983276367,0.42605074409864013,0.35005248082229273
14303200,0.088754104072909,0.8155605792999268,0.11975175142288208,0.46984338110312013,0.2854655139176964
14309500,0.0612553691709827,0.8482518196105957,0.18522071838378906,0.4248237278848788,0.33891959841810604
10259000,0.0335249004621377,0.6561672687530518,0.17929446697235107,0.31824522448527653,0.43494009969214464
11151300,0.0038403901400884,0.8647193908691406,0.1417175531387329,0.355352418851213,0.3833347943410753
11266500,0.885217452223562,0.7729212045669556,0.36152851581573486,0.5369682328909713,0.22135468706384467
11473900,0.262478357358648,0.8188745379447937,0.18940073251724243,0.4573067150971687,0.3072947284964116
11481200,0.0016368255310898,0.78178471326828,0.11713546514511108,0.39046855728726293,0.3972758411031847
11532500,0.0485353765496996,0.8578619360923767,0.1337674856185913,0.43754180533839326,0.3276485753307828
01031500,0.291836473001958,0.818418562412262,0.5514674186706543,0.3920197257477847,0.3833827011487709
01057000,0.251157672769098,0.8319109082221985,0.5120538473129272,0.4779089490513634,0.2963067550181688
01137500,0.301814975818189,0.6937626600265503,0.4746743440628052,0.42665708813155934,0.3462356263548688
01162500,0.226769184680043,0.789359986782074,0.5028775334358215,0.40572643508487083,0.35760837202965695
01195100,0.106042892091717,0.5549538731575012,0.3464621901512146,0.37011650543816277,0.3978660228333423
01350140,0.219859026682811,0.554563045501709,0.7611545324325562,0.3840987668240434,0.41680727221478403
01415000,0.213452184948768,0.7569281458854675,0.43807196617126465,0.3754343748669369,0.41433915715668046
01440000,0.147767408338048,0.7374321222305298,0.47239965200424194,0.3607549200952296,0.422622971669179
01487000,0.0424689894259026,0.8266141414642334,0.8011628985404968,0.2768222029840003,0.5109087080506373
01532000,0.176741266621108,0.5338141918182373,0.3034396171569824,0.384504962453526,0.40321465124188827
01544500,0.20336289315932,0.8017406463623047,0.3585408329963684,0.3929438138935739,0.3904067461190084
01550000,0.179825512854574,0.6749495267868042,0.3190574049949646,0.37747240686379674,0.4086018722078004
01568000,0.128510858031358,0.6415245532989502,0.48321712017059326,0.3591848863328123,0.40963689436696116
01594950,0.189214297334908,0.7025479078292847,0.42292940616607666,0.38915803542553284,0.40885861554796815
01632900,0.0980763292373855,0.5497965812683105,0.917273998260498,0.3086749309130441,0.47122875684035054
01664000,0.0827964257846037,0.6885781288146973,0.43282806873321533,0.32607657879481244,0.4141917153247829
02011400,0.129154721501962,0.8612060546875,0.4199672341346741,0.348414776010433,0.43255646464731057
02017500,0.0901845265568014,0.721656084060669,0.43887126445770264,0.3433094445569872,0.47196009266785166
02038850,0.0655225978510027,0.5640077590942383,0.39749860763549805,0.35389506850598024,0.42072322579413074
02055100,0.0622119918873982,0.6516194939613342,0.5635097622871399,0.2952026203058066,0.4786178381955953
02069700,0.0533951587612168,0.7269130349159241,0.35719484090805054,0.31419524144499184,0.4414983727673592
02082950,0.0329927432325966,0.5524907112121582,0.19336670637130737,0.30101457237278867,0.4506551659871586
02111180,0.0460568781002514,0.6275782585144043,0.2719199061393738,0.3060640891894835,0.4690793648507673
02125000,0.0247912331690011,0.48547792434692383,0.4157176613807678,0.3133439191499739,0.4590251466505722
02143040,0.0345610698452001,0.6106172800064087,0.2977592349052429,0.3126496176224875,0.44486081420870194
02193340,0.0127448828346305,0.7258784174919128,0.24384921789169312,0.3153188429497558,0.44657363302683356
02215100,0.0010333057458655,0.6521037220954895,0.27979743480682373,0.24880193879202822,0.4913364432043706
02246000,0.0003326922230974,0.748123049736023,0.22682905197143555,0.25144537076387835,0.49592484163031814
02298608,0.0,0.7024227976799011,0.21611738204956055,0.2574330986337847,0.48669745348990634
02350900,0.001767717746493,0.8618989586830139,0.1865749955177307,0.24755530460332248,0.5575068383765688
02372250,0.0034759991435446,0.7694461345672607,0.16822028160095215,0.2726240459617568,0.4766302972609744
02415000,0.0124691410953683,0.8266725540161133,0.14042532444000244,0.29051017871112106,0.46242586104986494
02464360,0.0095365763059721,0.7666195631027222,0.253104567527771,0.31008637138031936,0.4390954674027672
02479155,0.0018026132328254,0.6067606210708618,0.14580601453781128,0.2810048655280654,0.47739543770140913
04015330,0.196079390089318,0.7848813533782959,0.5104245543479919,0.38137077304769923,0.3973370308271975
04045500,0.300079815277018,0.8843867182731628,0.5425593852996826,0.3895421732770184,0.4156148994448086
04074950,0.203272983314769,0.6836624145507812,0.5860874056816101,0.29012050721385885,0.5202623369822506
04127918,0.290254060373262,0.697510838508606,0.3966420292854309,0.38286431943491617,0.44048287708827466
04197100,0.111863760810241,0.7889013290405273,0.5462957620620728,0.256662585906139,0.5588675101406023
04221000,0.207214753166224,0.7649009227752686,0.45445024967193604,0.39313748511430535,0.40568311424742043
03011800,0.210192690903197,0.6881811618804932,0.6373702883720398,0.380132928170799,0.40393890068887417
03049000,0.139333377128464,0.684099555015564,0.48181861639022827,0.2985678391468474,0.49830781704254745
03076600,0.189395500517419,0.6465710401535034,0.5035058259963989,0.35456943092072,0.44783850468119357
03173000,0.0942000993572573,0.8224482536315918,0.6093249917030334,0.3311783330458136,0.46732291713255514
03237500,0.0787104016916548,0.8356038331985474,0.21955299377441406,0.2929638612058405,0.49427416150713505
03285000,0.0446468108120254,0.6071729063987732,0.3329322934150696,0.28738506633293115,0.5001050907642883
03364500,0.0804170575814994,0.8233581781387329,0.3580646514892578,0.2741691334269164,0.47044810729424263
03455500,0.0774314166204897,0.7173950672149658,0.17135202884674072,0.41630646860722686,0.3416107397313307
03473000,0.0832667330515825,0.7321803569793701,0.47705668210983276,0.33632647550193634,0.45281071029346914
03500240,0.029394718558517,0.817357063293457,0.2561361789703369,0.3349644153120968,0.40375708672151467
05291000,0.148874500915531,0.4849722981452942,0.8643806576728821,0.34655920078636115,0.4591202627131056
05413500,0.124159245932601,0.579325795173645,1.050438404083252,0.30727769326947213,0.48540898460431
05466500,0.107102802145215,0.7409208416938782,0.7207549214363098,0.3041427539649793,0.45878492620926103
05495500,0.0758324970984556,0.714183509349823,0.29209935665130615,0.2664833549683698,0.5606075579916964
05525500,0.0775662992910571,0.7533760666847229,0.4069877862930298,0.24700122018632528,0.5432219487186721
05592575,0.0638801924050215,0.6128377914428711,0.3890231251716614,0.29337953758543556,0.5165671323916585
07359610,0.0301790248613661,0.6508299112319946,0.194543719291687,0.34379907006658517,0.42755871616677743
08014500,0.0022457658116513,0.7286081910133362,0.2523425817489624,0.22816042214413085,0.5258760955355104
06278300,0.732862235334757,0.8743531107902527,0.46775567531585693,0.5278266932721093,0.27347411433316454
06332515,0.173914615394175,0.4486079812049866,1.0919867157936096,0.335640732537401,0.444164673690278
06404000,0.191294358675479,0.7232931852340698,0.362123966217041,0.312020013534868,0.5043087327602332
06447500,0.155649176414783,0.41935068368911743,0.309612512588501,0.2382901867013494,0.5722467638870373
06614800,0.760476738091987,0.8293037414550781,0.4356381297111511,0.49144115568032826,0.28640586246171945
06803510,0.0940475934983777,0.49638479948043823,0.1822013258934021,0.27315747098526855,0.5018910205668863
06876700,0.0796113854216262,0.7156944274902344,0.3349437713623047,0.27264674218755663,0.4631553370176404
06889200,0.0716152496141078,0.7692975997924805,0.27439361810684204,0.2824532093442453,0.48265704377200236
06910800,0.0613066358092003,0.8424224853515625,0.3003930449485779,0.2844272392125123,0.4902911498797067
06921070,0.0601238372834516,0.7970678806304932,0.2886086702346802,0.2871566828274844,0.47105996410687817
07083000,0.710599947836907,0.8079418540000916,0.3979535698890686,0.48922041512715897,0.2971920548344785
07184000,0.0453576175844397,0.7332388162612915,0.19114911556243896,0.2792689222681206,0.49567848876753495
07261000,0.0378060990134872,0.5863441228866577,0.24370187520980835,0.2764862220701699,0.49174209642524364
07315700,0.0208161228801737,0.6898679137229919,0.25959312915802,0.2700559971753379,0.5400388349352675
08050800,0.0196728968786143,0.4315185546875,0.18219709396362305,0.30700411103715597,0.4544968482048471
08082700,0.0128021384845558,0.3076963424682617,0.3551058769226074,0.2874177713276576,0.4791910843841253
08104900,0.0093596117977168,0.6882636547088623,0.24556052684783936,0.28617396423819647,0.44594154623159327
08164300,0.0021354784821483,0.7913957834243774,0.14312946796417236,0.2769337845616469,0.4781811912015134
08176900,0.0018005933498891,0.46192485094070435,0.18653088808059692,0.24126708949659117,0.5085601219108328
08194200,0.0005535601264272,-0.030588388442993164,0.5039851665496826,0.23697649711668767,0.5161135028515753
08202700,0.002762016493395,0.5564929246902466,0.6881380081176758,0.2766679459526994,0.4798056279382616
08377900,0.466213354634129,0.6231536269187927,0.7750981450080872,0.4344796904346037,0.32333318948324213
09047700,0.626945100722261,0.8229009509086609,0.6577861905097961,0.473974831765515,0.34504430189699514
09081600,0.66474212387336,0.9166585206985474,0.3536818027496338,0.4545549593285163,0.2894740073026576
09312600,0.604725963590861,0.815000057220459,0.6949698328971863,0.3900238098629313,0.4241234649782338
09430600,0.21287165392999,0.28912901878356934,1.6800861358642578,0.4490142440962663,0.331665199452
09497980,0.0796650506390503,0.7139788269996643,0.5890305042266846,0.3732802268170969,0.4024861237046236
09512280,0.0046420695661842,0.6810120344161987,0.17598193883895874,0.38503703972465114,0.32796733798170097
10336660,0.668727842270536,0.7780494689941406,0.2554208040237427,0.5391975088779597,0.21109420640792123
12025700,0.0905767573548292,0.8244218230247498,0.2856248617172241,0.4667292588393709,0.2961183303115011
12054000,0.379149578248129,0.718258261680603,0.5023598074913025,0.5592026426875103,0.17077420507827254
12114500,0.40651703888364,0.7459716200828552,0.5031066536903381,0.5798472463569262,0.181579652220905
12145500,0.0448546378807159,0.8978121876716614,0.1238899827003479,0.4167463522026565,0.3720804913923737
12186000,0.435652191884185,0.7242417931556702,0.47337186336517334,0.5515998162000524,0.20854410739855975
12383500,0.612621722100952,0.7332739233970642,1.2459816336631775,0.4381165624910711,0.328127335698348
12488500,0.641918995401996,0.7859035730361938,0.5251966118812561,0.5882638131622719,0.19722393643107652
13161500,0.518679342368851,0.8190436363220215,0.9224594831466675,0.3165489121620719,0.5103772468914146
14020000,0.355358222004398,0.6838706731796265,0.7228695154190063,0.47137372540811145,0.3216071160603937
14138900,0.221358389006793,0.7346494197845459,0.3424599766731262,0.517084390033856,0.24530570272055005
14166500,0.0106763012784076,0.8318215012550354,0.21995311975479126,0.29097349619480317,0.4992690582316942
14216500,0.295816183757834,0.7301254272460938,0.2912229299545288,0.5539897126340022,0.20168834268663818
14305500,0.0257414277847911,0.8515323400497437,0.11950838565826416,0.4632887507630834,0.28726611143878705
14316700,0.176336580742005,0.8363401889801025,0.21308660507202148,0.4791501560831501,0.2978188356457452
11124500,0.0230381055615776,0.5278693437576294,0.3859173059463501,0.3643913971808495,0.40714273135466517
11176400,0.016307003804813,0.6216756701469421,0.18903934955596924,0.3014641379678466,0.5193200202443462
11284400,0.0365047230850116,0.7467138767242432,0.1564633846282959,0.4351001494709178,0.3516964322801798
11475560,0.138629337971597,0.8039987087249756,0.14315712451934814,0.42313322596144226,0.344075201971581
11482500,0.0131812044990649,0.8482460975646973,0.15252447128295898,0.3644705038938985,0.41740275933791376
01047000,0.280118126940736,0.7915604114532471,0.4281175136566162,0.4207595224697905,0.3623357652479311
01073000,0.17503243505174,0.8549125790596008,0.35832804441452026,0.3670898617294811,0.4240033941153636
01139000,0.246562671549799,0.740311861038208,0.5804125666618347,0.40902303973656545,0.39574486479084225
01169000,0.238972605896079,0.7350915670394897,0.6904134750366211,0.43297974945404066,0.33793101250646274
04296000,0.273317826422307,0.8099183440208435,0.5783153772354126,0.43926589676764893,0.3626895563081846
01365000,0.202270211093681,0.7653586268424988,0.3939463496208191,0.3932699723988148,0.4029437093833604
01423000,0.217830297712483,0.8028198480606079,0.39680933952331543,0.38981861671597634,0.40336751727326403
01440400,0.172223371092882,0.7043428421020508,0.7582178115844727,0.33752995925535434,0.4507227494314331
01491000,0.0500257211233794,0.7232059836387634,0.4218248128890991,0.2870417636058119,0.46842646497719304
01539000,0.156285913306627,0.8000116348266602,0.544036865234375,0.3430971436745587,0.43289257316002366
01545600,0.192645540908709,0.7874879837036133,0.42259442806243896,0.3971810699566433,0.4025891670711928
01552000,0.17305912288721,0.6726281046867371,0.369723379611969,0.3439345140428502,0.45147313644621134
01580000,0.0816880923954386,0.6682472229003906,0.3617420792579651,0.3584914782204125,0.4412979621157549
01596500,0.188402157557544,0.6208688020706177,0.5006440281867981,0.3830735526467894,0.41008603410020433
01634500,0.114828393813144,0.5649744272232056,0.5830012559890747,0.36964170490351195,0.41977504344725997
01666500,0.0822553978033295,0.6280423998832703,0.4422904849052429,0.33309870337322045,0.4332976591965408
02013000,0.0979143372407574,0.773804783821106,0.404323935508728,0.3789310170535831,0.4272434365768529
02018000,0.0849686144296571,0.7710499167442322,0.3329083323478699,0.327708476347906,0.4736307297540744
02046000,0.0453728268084367,0.5314111113548279,0.7511044144630432,0.2912327089355755,0.4814114928937594
02056900,0.0646059372808137,0.7507181167602539,0.47122442722320557,0.32268112471001253,0.4327589223343584
02070000,0.0508621647943431,0.6572259664535522,0.6109119653701782,0.3244609667375543,0.42770249916001485
02092500,0.0120832517590196,0.8649614453315735,0.30333423614501953,0.24428435635671183,0.4824125933052398
02111500,0.0523692516718814,0.47177207469940186,0.5983922481536865,0.3135874719047187,0.4472176801333015
02128000,0.0256704433801346,0.5647163391113281,0.2763074040412903,0.2837757611737766,0.4792778364388179
02149000,0.029590457635321,0.7254969477653503,0.40906721353530884,0.2462845110240374,0.5101884608029204
02196000,0.014697822503637,0.7753556966781616,0.21150517463684082,0.25656435328119803,0.522595258870356
02216180,0.000534865436369,0.7440296411514282,0.1688908338546753,0.2725448965574182,0.4859268784412789
02296500,0.0,0.8054134845733643,0.5218237042427063,0.2287873782606568,0.5033220945109801
02299950,0.0,0.5055227279663086,0.2517465353012085,0.28514073907769505,0.43289568186549165
02361000,0.0015124422847458,0.5764658451080322,0.08150583505630493,0.29901156035352866,0.4412564763907954
02374500,0.0030425564536237,0.7845419645309448,0.3632693886756897,0.2659681075408197,0.45794031431870746
02427250,0.0031810787432098,0.8103511333465576,0.2898916006088257,0.265684590358365,0.4722909083984832
02465493,0.0073106547528566,0.8311396241188049,0.2667604088783264,0.29265980507449585,0.4402543948698877
02479300,0.0007412865485982,0.7321171760559082,0.15168213844299316,0.24362308838457128,0.5022280482741478
04024430,0.1608667587394,0.7029736042022705,0.5599863529205322,0.3770945057278162,0.4067928364185549
04057510,0.253134692886369,0.7756491303443909,0.6525523662567139,0.4073285774937023,0.41721272629934997
04105700,0.154578943663624,0.6046465635299683,0.9134150743484497,0.19562643656734952,0.6143234944838271
04127997,0.268061615104673,0.5109243392944336,1.0102266073226929,0.25129174380516317,0.5844276763361256
04197170,0.10758495614117,0.7647468447685242,0.4419916272163391,0.28365101297111545,0.5071913423748642
04224775,0.204650190587357,0.6842317581176758,0.5185783505439758,0.3787249759491896,0.4110710641295992
03015500,0.192038519147369,0.7957258820533752,0.4237416386604309,0.363880276562682,0.4223360547077392
03049800,0.116341909362209,0.4198101758956909,0.7297203540802002,0.3195654525754685,0.45951307574251904
03078000,0.194625437344426,0.6260904669761658,0.4857756495475769,0.4001689895635225,0.3873106436931695
03180500,0.195303023284764,0.7387794256210327,0.3792978525161743,0.3743237751423701,0.4002067238881844
03238500,0.0747385312973334,0.7885662913322449,0.2602847218513489,0.29030726939501533,0.507585743552208
03291780,0.0673686532615331,0.66094571352005,0.3374897241592407,0.32617286786030475,0.46279689796775303
03366500,0.059067129172147,0.7822064161300659,0.29252803325653076,0.30322055304332873,0.487464995569796
03456500,0.0638736766495558,0.7487859725952148,0.22456121444702148,0.37757268820309176,0.37594505581065807
03479000,0.0904171237520879,0.7702596187591553,0.24694406986236572,0.366256568418414,0.40198539570623043
03504000,0.0589912291417263,0.7921052575111389,0.24061542749404907,0.3916178219586179,0.35167841134927613
05362000,0.174430982504896,0.7386472225189209,0.5395780801773071,0.3563629247016022,0.4188337617465844
05414000,0.123542293769616,0.3574214577674866,1.631451666355133,0.288491812948278,0.4822721691548367
05487980,0.0964519167641938,0.8197147846221924,0.23695778846740723,0.28384453502036816,0.4986340552682546
05501000,0.0805965933083467,0.6881469488143921,0.3640180826187134,0.2570962921311416,0.543156273733215
05556500,0.106987814559373,0.7042925357818604,0.565271258354187,0.2855906688198183,0.5310985627362308
05593575,0.0547473552431735,0.8410624265670776,0.20166289806365967,0.2756485811999199,0.5192437481809945
07362100,0.0183234657917035,0.7392795085906982,0.17277681827545166,0.2919544136997906,0.454484206389146
05057200,0.141789208175196,0.3073124885559082,0.45123934745788574,0.2889644975278078,0.5464468059003368
06280300,0.666773488915146,0.9121784567832947,0.5891603231430054,0.46991709506737417,0.3127354092623576
06339100,0.160349274004295,0.41255342960357666,1.0994874238967896,0.3234563834468915,0.5075915625059086
06406000,0.167832878351021,0.48537522554397583,0.4395478367805481,0.22808736765655807,0.5971464985820752
06470800,0.14718946482151,0.2943815588951111,0.4487394690513611,0.2592083757647425,0.5745148035157167
06622700,0.717691988588396,0.856273353099823,0.6153414249420166,0.47471518999183304,0.3137954718160053
06803530,0.0991958577666237,0.7274297475814819,0.2252887487411499,0.27114652690501023,0.5189030314374593
06878000,0.0727867121382812,0.6057062149047852,0.22958821058273315,0.2727691864196011,0.5324153602213043
06889500,0.069599735811632,0.7621252536773682,0.23993968963623047,0.27863396475881225,0.5034847945133712
06911900,0.0618531603753962,0.8656684756278992,0.31158721446990967,0.2934578113675017,0.4763883412774939
06921200,0.0572554270612204,0.6483529806137085,0.33701032400131226,0.288443502536284,0.4869242427652854
07142300,0.0867916780002227,0.2288200855255127,0.1770738959312439,0.24950609908317017,0.4763556817542111
07195800,0.0482364215180522,0.6347517967224121,0.466488242149353,0.2743167485741214,0.4849609537065015
07263295,0.0310455107281904,0.6587767601013184,0.5612988471984863,0.3183295845807622,0.43959187436975683
07335700,0.0430162960741129,0.5819456577301025,0.25707656145095825,0.3356728759505156,0.4284287790396063
08066200,0.0023206818433828,0.632623016834259,0.14995169639587402,0.27456262616643373,0.4546252525210702
08086212,0.0131862313964449,0.3618999123573303,0.1491943597793579,0.28528483148054895,0.5299034729389238
08109700,0.0051361625387599,0.6825883388519287,0.33202844858169556,0.24830787677465177,0.4893394041994208
08164600,0.0008978831137086,0.7506457567214966,0.14365428686141968,0.28074061283088375,0.44170926433875646
08178880,0.0030449353276083,0.3931012749671936,1.09866601228714,0.2503958968456295,0.5019506262661408
08195000,0.0043576302166992,0.5245946049690247,0.8451548218727112,0.2728771533601005,0.4159900467882947
08267500,0.471388008193727,0.8088289499282837,0.9450466632843018,0.4483895202819363,0.39406494718400165
08378500,0.449989328985624,0.625514030456543,0.7309576272964478,0.4264457056649608,0.3621592825786351
09065500,0.715530725661926,0.8644807934761047,0.36707890033721924,0.5118703473380534,0.2884109415289816
09107000,0.672583021372504,0.9432376623153687,0.4430375099182129,0.437118454640072,0.3398688924777311
09352900,0.633893898746821,0.8745903968811035,0.583648145198822,0.44455519532222115,0.3125114866024681
09447800,0.0394826699276366,0.22974669933319092,0.11508500576019287,0.4061763012347749,0.42382870669628775
09505350,0.198936492502152,0.6484882831573486,0.31168562173843384,0.5330628933438359,0.25306576319121654
09513780,0.0042560892003911,0.5818097591400146,0.12190085649490356,0.3463647616406708,0.37916145209020763
10343500,0.714981248450698,0.6005250215530396,0.4334385395050049,0.47837303936038805,0.2292191805658989
12035000,0.0220218880896681,0.8960293531417847,0.08014583587646484,0.4536178342050369,0.31571975968588867
12056500,0.338574932035289,0.7376338839530945,0.3191071152687073,0.6013729092139611,0.1578018542311953
12115000,0.338944352402744,0.7492125034332275,0.3975887894630432,0.5718100338145119,0.18095137586331453
12147500,0.159041201436992,0.826124906539917,0.30170583724975586,0.5158419403146373,0.2506924181371868
12189500,0.457875714546575,0.7075537443161011,0.4693005681037903,0.55545194961105,0.2015441283353877
12390700,0.519487009712609,0.7809848785400391,1.1341824531555176,0.43594070578307303,0.3088387230394974
13011500,0.658713268212353,0.8672940731048584,0.5440354943275452,0.5489163372997814,0.26409614774176515
13235000,0.677895075896552,0.9088454842567444,0.481420636177063,0.5162676095320412,0.2629971106441533
14096850,0.244750228496234,0.7018454670906067,0.3072538375854492,0.37573192934972166,0.43058477614855534
14139800,0.183197955663698,0.7875672578811646,0.3312544822692871,0.5022839578489312,0.24640846491796584
14182500,0.146759311242181,0.730993926525116,0.24150586128234863,0.4890479138616045,0.2679056344077374
14222500,0.0900274241194852,0.8573654890060425,0.20074152946472168,0.4654359128408869,0.2807333223015511
14306340,0.0693804146431187,0.823714017868042,0.09630370140075684,0.43346460865156855,0.3236659324796141
14325000,0.0302033920558714,0.836222231388092,0.12577873468399048,0.46331978695348036,0.28937219108594614
11141280,0.0007877803924076,0.34578937292099,0.5251266360282898,0.33328177531403946,0.446313045571394
11230500,0.902963679881608,0.6959945559501648,0.22990024089813232,0.5929813461483777,0.15604093800058766
11381500,0.165026130486202,0.7950068116188049,0.17868942022323608,0.40307636720262213,0.3667929469582025
11476600,0.0120106292964887,0.8515090346336365,0.13829630613327026,0.37422836541935156,0.38814360447760404
11522500,0.249129777057898,0.8618080615997314,0.30275285243988037,0.46144465405679125,0.30520839861209254
01052500,0.352698254049326,0.8042401075363159,0.6060210466384888,0.4642364240799697,0.3216471133239273
01078000,0.23971852199071,0.8730838298797607,0.6222633123397827,0.47016015067660577,0.3066635545147869
01139800,0.26232897318021,0.6973127126693726,0.5385246276855469,0.4083075503214322,0.39033803704547526
01170100,0.234653735405934,0.7344257831573486,0.6042996048927307,0.42729959867551726,0.35148115927269735
01333000,0.222244968016498,0.7655107378959656,0.7745391726493835,0.3802711696702665,0.419510061566044
01411300,0.0480948550351646,0.7385833263397217,0.3369982838630676,0.2637806752318872,0.5008457277946856
01434025,0.23781373120698,0.7099615335464478,0.353273868560791,0.4062494968442738,0.3863819480566313
01451800,0.128362665991427,0.7596362829208374,0.30549103021621704,0.34373625710673245,0.43254791990554076
01510000,0.237057400622962,0.7765648365020752,0.5233848094940186,0.3989241284867981,0.4023060324541449
01542810,0.189716485804691,0.6761918067932129,0.5849487781524658,0.3728435779662633,0.41251774756925647
01547700,0.156172998266035,0.7089778780937195,0.5984199643135071,0.3768199427586413,0.4093450741825943
01552500,0.185169707979555,0.6117779016494751,0.3838964104652405,0.34330074239393216,0.46602244376112195
01583500,0.0807286497637625,0.6240810751914978,0.3497263193130493,0.33252120483655784,0.47259566402506353
01605500,0.137136101417764,0.66741943359375,0.7720742225646973,0.34855185061760324,0.4421344133826658
01638480,0.0845583823488279,0.5707039833068848,0.32269835472106934,0.28771801893445575,0.5064712757516334
01667500,0.0788117934771709,0.8323150277137756,0.4171258211135864,0.31757469991651116,0.4362759341627672
02014000,0.0978680841760858,0.7675912976264954,0.5295804142951965,0.3532234695987719,0.44170242356212386
02027000,0.0904732223814793,0.5676570534706116,0.6480662226676941,0.35001960338243054,0.4293940120421998
02051500,0.0525514965704711,0.8253755569458008,0.24544888734817505,0.26185358477209125,0.5028571775189459
02059500,0.0529389162953181,0.6444969177246094,0.39658021926879883,0.3177462463339426,0.42530931162158764
02074500,0.0524690208413809,0.7736092805862427,0.3125419616699219,0.3292053846711168,0.4211056157838341
02096846,0.0392525452032849,0.7176832556724548,0.47916507720947266,0.28660391139654195,0.4734613139482039
02112120,0.0524049751607388,0.6729898452758789,0.3886040449142456,0.29752761694159685,0.5038109847997163
02137727,0.0405315310761795,0.6846160888671875,0.3289397358894348,0.28249531749878815,0.49498074648570045
02152100,0.0300807469143999,0.5512889623641968,0.6782487630844116,0.3041983682658435,0.4421108418032063
02198100,0.0030935926215692,0.5027257204055786,0.23045969009399414,0.26698873999988915,0.47751381858703906
02221525,0.0095385192188569,0.7944993376731873,0.20028382539749146,0.3179978600587777,0.40489063899645605
02297155,0.0,0.4582955241203308,0.4072567820549011,0.23946613302818787,0.46226205995725983
02300700,0.0,0.4896327257156372,0.2728518843650818,0.2917075460012837,0.44150916393300305
02363000,0.0026556564479946,0.7903857231140137,0.14336854219436646,0.28866982835875576,0.45321666185346526
02381600,0.0166377865167783,0.5729584097862244,0.5167026519775391,0.3510734298000806,0.4091113547381038
02430085,0.0126767241295668,0.5744990110397339,0.2441226840019226,0.3649095739144552,0.3912658596373667
02469800,0.003171649398055,0.8514741063117981,0.2348330020904541,0.29744669683722946,0.43973411732751944
02479560,0.0008881841770739,0.7924671173095703,0.13796651363372803,0.24975366381448186,0.479243466855751
04027000,0.235000084730923,0.8062857985496521,0.676340639591217,0.39115616680207554,0.39855212792670675
04057800,0.334246736484748,0.6576991081237793,0.5053450465202332,0.4308469972484974,0.36582269529329015
04115265,0.17692366303836,0.613896369934082,0.5605167150497437,0.2796198656695592,0.537716121859705
04161580,0.157673147023086,0.6311013698577881,0.7002328634262085,0.24430430727193153,0.5454830638502742
04213000,0.162227338465539,0.6907619833946228,0.5452038049697876,0.3010092614884478,0.4790272302777362
04233000,0.169532329377697,0.6993726491928101,0.5842322707176208,0.36125228215367866,0.41603068534167964
03021350,0.208263538884948,0.6586331725120544,0.6358605623245239,0.3665938140905535,0.4006681641918423
03050000,0.158964457158934,0.8012363910675049,0.3488394021987915,0.34506489826112513,0.43047549996661366
03140000,0.0894584784615066,0.7647472620010376,0.47479915618896484,0.29689461595001837,0.4945601800808526
03182500,0.170253081143655,0.8548935651779175,0.37303853034973145,0.35777959329349734,0.4307717710447442
03241500,0.0779467519548554,0.8204541206359863,0.6459903717041016,0.26160362527104875,0.510501172584346
03338780,0.0725503193755769,0.6537100076675415,0.2952098250389099,0.2532326086435903,0.5458092445925933
03368000,0.0670858663666364,0.6806066036224365,0.2277698516845703,0.3203304230578326,0.4600982834853319
03460000,0.077253343718732,0.7555556297302246,0.287749707698822,0.3388760183926824,0.4220787885616106
03488000,0.0815490515140822,0.6686139702796936,0.670890748500824,0.320939323619715,0.48596302800338675
03574500,0.0200681785915394,0.8460004329681396,0.19277310371398926,0.2945436854937479,0.46646835653314267
05393500,0.19616986570515,0.8289703130722046,0.615568995475769,0.4052417029445355,0.3730015318598174
05444000,0.113352332875094,0.5739369988441467,0.5299482941627502,0.29862669786138024,0.5130621209859658
05488200,0.10182137585369,0.7698736190795898,0.4020655155181885,0.29416028243197573,0.5046587452631854
05503800,0.0832843857982754,0.6837767362594604,0.24596238136291504,0.26045575409348176,0.5538963104363533
05584500,0.0864765586667042,0.7751272320747375,0.4381679892539978,0.2705212496850343,0.5276819842920641
05593900,0.0734339258739105,0.6000124216079712,0.6210672855377197,0.27728673820533223,0.49273761327856264
07362587,0.0366380668861851,0.594149649143219,0.2756752371788025,0.32713130525329454,0.442450552689347
05120500,0.19176626992326,0.4961123466491699,0.8044073581695557,0.2793248889003727,0.5113315250423952
06289000,0.583642806430044,0.7050899267196655,0.6088499426841736,0.381358593425812,0.45473246757942376
06344600,0.162624033289867,0.3430231809616089,1.8649073839187622,0.3443439539824529,0.46838209907460987
06409000,0.343337176611808,0.13156872987747192,4.365990936756134,0.29598570481014297,0.40601186041787757
06477500,0.132381124658994,0.4102839231491089,0.4055534601211548,0.32362936992492286,0.48675379961146686
06623800,0.753935609059572,0.8650515675544739,0.5548205375671387,0.46820922989807473,0.2973790886683099
06814000,0.0902842088456011,0.5652676820755005,0.2561434507369995,0.28942170611578893,0.4864277023181004
06879650,0.0672497335190048,0.3438856601715088,0.24837833642959595,0.2806351309312026,0.5004507929180871
06892000,0.0715178249456991,0.7910212278366089,0.26390862464904785,0.2600272138392523,0.5107756462940987
06917000,0.05107020470328,0.6970086097717285,0.19653284549713135,0.280480632008939,0.49455232785617553
07057500,0.0564394367095807,0.6276369690895081,0.30457085371017456,0.24757993192671304,0.5256178535945568
07145700,0.0617611519704068,0.6940365433692932,0.32890212535858154,0.23961272622548277,0.5715748628247491
07196900,0.0460986315040519,0.5719839334487915,0.27782100439071655,0.3294528747656368,0.42585850506671946
07299670,0.02913235345217,-0.19414448738098145,0.5177234411239624,0.26965832478781665,0.4783771854005092
07340300,0.0385678054509223,0.6304091215133667,0.24803310632705688,0.3568819889159257,0.4259388090086229
08066300,0.0017530511421341,0.6593573093414307,0.2814837694168091,0.2547589275271093,0.5051097717097257
08086290,0.0128799846435909,0.2350751757621765,0.27982789278030396,0.26740158784632917,0.4927504232439119
08150800,0.0082340595135767,0.5340240597724915,0.4847763776779175,0.3009154860772489,0.36634827629245065
08165300,0.0056160383836324,0.23318958282470703,1.446329116821289,0.3102784846174252,0.3754043250065845
08189500,0.0016287321026845,0.7342091798782349,0.2679499387741089,0.26464687920516766,0.49594070253598027
08196000,0.0023896281867178,0.5416877865791321,0.40913063287734985,0.26710845047969506,0.506293236502223
08269000,0.401645682298287,0.6394202709197998,1.4281593561172485,0.39135857668231594,0.4738455005921007
08380500,0.291104431145414,0.47498399019241333,1.4636114239692688,0.2937675725088328,0.4768698111842554
09066000,0.682272756610747,0.8826290965080261,0.34585148096084595,0.49377445759345545,0.299201238909212
09210500,0.65472507476901,0.707230806350708,1.6341590881347656,0.40951459024395254,0.4187870304638362
09378170,0.504005221672301,0.829704761505127,1.1142728328704834,0.4122703292036609,0.34679299732490876
09484600,0.0101482581857307,-0.2912830114364624,1.833426594734192,0.28249259840430196,0.48485189730791717
09505800,0.284069099376475,0.4970744848251343,0.5781036615371704,0.44513899358669556,0.331998052563946
10234500,0.632069679226265,0.7828310132026672,1.0052282214164734,0.4428506720248119,0.376990978068553
12010000,0.0236362361738051,0.9027836918830872,0.09511798620223999,0.46437492204148073,0.30393969600632265
12040500,0.0670917839751389,0.8141919374465942,0.13340646028518677,0.5065161509465747,0.25447172359287074
12073500,0.0156016658711511,0.8714207410812378,0.21381819248199463,0.2799302227562277,0.5051032143890746
12117000,0.12519943348901,0.8035046458244324,0.18364042043685913,0.46062453349839144,0.30993079521782213
12167000,0.131187744738816,0.7652405500411987,0.1981058120727539,0.5068557357393066,0.25847565537504147
12375900,0.606515526539202,0.7887713313102722,0.6234688758850098,0.4863139853828557,0.2548028250406361
12411000,0.464485512558355,0.8191480040550232,0.8344226479530334,0.4897881296259666,0.25899155008381736
13011900,0.704607069419076,0.9429482221603394,0.3630468249320984,0.5103650916630968,0.264151548390286
13240000,0.726533471798391,0.8966790437698364,0.2685633897781372,0.5556738217922069,0.23555135555521298
14137000,0.324496374801996,0.8306369781494141,0.23982608318328857,0.5069205006545968,0.24009663668567893
14141500,0.142882264769743,0.8396347761154175,0.2644757032394409,0.48389967112070736,0.2632321850505932
14185000,0.178107252284554,0.8487191200256348,0.2665572166442871,0.47965466754108765,0.2736103921148929
14236200,0.11471395531314,0.8262007236480713,0.22462338209152222,0.47548953732614013,0.2880463392958411
14306500,0.0202982706122534,0.8983669281005859,0.09015190601348877,0.3609923753868124,0.41273975897636683
14362250,0.141500009350329,0.5769639611244202,0.7824041247367859,0.3898027055561342,0.38891553316593924
11143000,0.0254379399486261,0.8516899347305298,0.17712748050689697,0.41499690005582685,0.37124961772414267
11237500,0.749856960685691,0.7767619490623474,0.4726331830024719,0.5685677488223374,0.19049934904706423
11451100,0.123536359034925,0.6264005899429321,0.1649196743965149,0.402672840725845,0.38855111445379975
11478500,0.157314421019928,0.8329309821128845,0.23404544591903687,0.43445071509981986,0.34566632630210337
11523200,0.431707151976883,0.8296604752540588,0.43935155868530273,0.49811999540322127,0.26454938907641756
01054200,0.299641539662879,0.7428289651870728,0.35002732276916504,0.4408191055186657,0.35433258837477954
01123000,0.136053399026134,0.7394248247146606,0.4862695336341858,0.36601665360517827,0.40380414351168603
01142500,0.252307890542821,0.7374985218048096,0.4956093430519104,0.4065575558682785,0.3784575957802888
01181000,0.217563041040592,0.7435771226882935,0.6396698355674744,0.3893609391072726,0.3637764835973759
01350000,0.231159657658639,0.7128852605819702,0.3840290904045105,0.4266189047019718,0.35715446653582
01413500,0.216908033968228,0.7205543518066406,0.39559030532836914,0.41950188140601025,0.38182274878631006
01435000,0.223616269388589,0.7468972206115723,0.2901074290275574,0.41963366337975117,0.38542352569782595
01466500,0.0626617697616761,0.6958576440811157,0.471743106842041,0.2626257096199632,0.5107062181360822
01516500,0.199238597784613,0.5690982341766357,0.36086463928222656,0.3981339512259401,0.3954646219067419
01543000,0.188056577083995,0.7421097755432129,0.46404755115509033,0.3814538065239239,0.4057352006082653
01548500,0.202088630482319,0.7756240963935852,0.43730199337005615,0.3507267189831998,0.4433475134753901
01557500,0.15867182381751,0.6821972727775574,0.5850946307182312,0.36011214161428706,0.4362117899261259
01586610,0.088413478566147,0.6545390486717224,0.4433961510658264,0.347151127006879,0.4420829473274113
01606500,0.148750518921295,0.6984660029411316,0.4378353953361511,0.33566193369802955,0.46522804542404617
01639500,0.0961263501421113,0.7132812738418579,0.5073688626289368,0.3354193349542824,0.44423949522276635
01669000,0.0412059832430486,0.6881281137466431,0.38417017459869385,0.23136603012205956,0.5432108039497595
02015700,0.128567248718796,0.741569995880127,0.3087078928947449,0.370641964784741,0.4057532575492568
02027500,0.100786018307687,0.5283215045928955,0.39500778913497925,0.34158022991169174,0.4617943766928243
02053200,0.0248316831845784,0.8096317648887634,0.3200158476829529,0.25296360901449105,0.5131133223138884
02064000,0.0606011692596163,0.6171045899391174,0.2647230625152588,0.33418817793499056,0.4208582444490258
02077200,0.0489889008542847,0.4254010319709778,0.23041236400604248,0.29452141070096216,0.45564226523634677
02102908,0.0235111757954398,0.5205003023147583,0.4462442398071289,0.2869726815220776,0.45538955588506536
02112360,0.0531136274470014,0.5794917345046997,0.469804584980011,0.3006592565471009,0.46478233177905104
02140991,0.0420384668349782,0.7129458785057068,0.23966926336288452,0.27047390933908294,0.4963998191650293
02177000,0.0267395574591906,0.8204174637794495,0.2475389838218689,0.2988116681940704,0.4533989707288583
02202600,0.000456804897604,0.7298733592033386,0.2909711003303528,0.2533970639830618,0.5111550085273723
02231000,0.0002359180653982,0.7788743376731873,0.22293412685394287,0.2498922326777358,0.5347523556055661
02297310,0.0,0.6145556569099426,0.43591928482055664,0.23451712419039225,0.4874979410236262
02342933,0.0027962712555372,0.6789104342460632,0.1609058976173401,0.304121814164116,0.44930088591550055
02369800,0.0008723526438152,0.7262793779373169,0.11453044414520264,0.3398708031803382,0.4286854413620728
02384540,0.0316827871052048,0.648146390914917,0.24105459451675415,0.3644928661505576,0.3985307082116305
02450250,0.0142864105715527,0.833727240562439,0.23917973041534424,0.3332796989384358,0.42406778329376554
02472000,0.0060147222598053,0.8227360248565674,0.1850064992904663,0.2507847876821525,0.5275814056065824
02481000,0.0003653977736162,0.7135273218154907,0.24968284368515015,0.29710004849969907,0.45817515846950013
04040500,0.309607600434067,0.6842100024223328,0.5484868288040161,0.35259561408099677,0.4485159515917068
04059500,0.235319790957285,0.8015554547309875,0.4910520911216736,0.34659283654119205,0.4533305678055729
04122200,0.175430988197981,0.7003374099731445,0.9774067401885986,0.22422267131621337,0.6116981190962166
04185000,0.125203448992686,0.8335546255111694,0.5160375237464905,0.2923494602584194,0.4940074653536447
04213075,0.160655070848624,0.4861708879470825,0.36630189418792725,0.2444913533767691,0.5625530118266588
04256000,0.279703584506989,0.8134748935699463,0.5036903023719788,0.43174656329816186,0.3619289395334173
03026500,0.209814940150446,0.5804188847541809,0.6212249398231506,0.37826924978127574,0.4129547959898937
03069500,0.194644630432116,0.8316235542297363,0.24237847328186035,0.37866038180227446,0.41295694830121704
03144000,0.0936024048579887,0.8735612630844116,0.4219081997871399,0.2793061285287391,0.4988074293847465
03186500,0.1907316712122,0.7319654226303101,0.3906916379928589,0.3661422964892925,0.43518432873390217
03280700,0.0584460847843343,0.6457083225250244,0.6212589144706726,0.3136403793257989,0.45295433685998077
03340800,0.0732286680426859,0.8014169931411743,0.33223801851272583,0.27484224443143745,0.5160439036131576
03384450,0.0496725306242436,0.7266381978988647,0.3414897322654724,0.3097945486296467,0.47934301002584595
03463300,0.0849163900758962,0.7591232061386108,0.21838605403900146,0.33268430130800203,0.41764394899162594
03498500,0.0343707789266315,0.8836818933486938,0.23285722732543945,0.3147479375255172,0.451536506425584
03592718,0.0149109120314144,0.48769038915634155,0.3843443989753723,0.3446859587521606,0.39966149293720543
05399500,0.156958255923397,0.5742329955101013,0.9464183449745178,0.3162977338135037,0.47687162235260083
05454000,0.102381239516297,0.5493019819259644,0.5534095764160156,0.28296555557564035,0.4902965802386908
05489000,0.0977424681708028,0.7938595414161682,0.29354268312454224,0.2919719911237268,0.48615567979550073
05507600,0.0742633892998097,0.6911002397537231,0.4137532114982605,0.2707160325383359,0.5304902850082625
05591550,0.0692516054963585,0.7285318374633789,0.8096413612365723,0.27951712458462846,0.5063202628372525
05595730,0.05667164669358,0.840821385383606,0.23559391498565674,0.26201821035492207,0.5143619912565177
07375000,0.0005081655254214,0.7269448041915894,0.17912840843200684,0.2660179423641575,0.478011816848075
06221400,0.714826752405444,0.9062103033065796,0.2856776714324951,0.49482046876869024,0.30797072397434666
06291500,0.404772816694431,0.7572038173675537,1.4638313055038452,0.30529491169578715,0.5073678796933443
06350000,0.164913327830338,0.42987585067749023,1.8412320613861084,0.30250962664692743,0.5379829484663273
06431500,0.36993144167527,0.5625475645065308,0.8941365480422974,0.31647859518257576,0.5035819551374511
06479215,0.164751422321796,0.4181479811668396,0.7312244772911072,0.3727643215735882,0.4363325903658286
06632400,0.744511869620645,0.8216374516487122,0.42787277698516846,0.4797412660392518,0.2898226059027846
06847900,0.102382584534704,0.2582334876060486,0.3551256060600281,0.23504568493304692,0.5850779648472983
06885500,0.0842987262187572,0.6872339248657227,0.3181356191635132,0.2958429631342031,0.4736614748795624
06903400,0.0979262678501136,0.7174890637397766,0.26857221126556396,0.2834564630320609,0.4865745244005327
06918460,0.0498588468679264,0.7785733342170715,0.34088653326034546,0.2872308995317446,0.48069448148186944
07060710,0.0509984831292569,0.5605708360671997,0.8282567262649536,0.29338091661797405,0.4665430673045041
07167500,0.0520689190916616,0.5795553922653198,0.2509651780128479,0.3045186180388916,0.4643352081746152
07197000,0.0408010944755726,0.8025583028793335,0.28300929069519043,0.2714857585587946,0.46221730327591953
07301410,0.0754167591358171,0.43649953603744507,0.16937261819839478,0.27940155519594645,0.5290860169546296
07346045,0.0168897938562348,0.8357211351394653,0.27810657024383545,0.25896775264746963,0.48750532212640374
08070000,0.0023807368074233,0.6544784307479858,0.20213043689727783,0.24927084340670935,0.5117116520265451
08101000,0.0091795525039557,0.728089451789856,0.23403269052505493,0.27108749146798644,0.532099167474764
08158700,0.0064753537654614,0.6523467302322388,0.5094355344772339,0.321742234959468,0.4181811519377135
08171300,0.0043200262623378,0.8136169910430908,0.26196610927581787,0.3011299840744812,0.43583130870557
08190000,0.0037075564040486,0.7488964200019836,0.2814403772354126,0.29871576018334467,0.4454963475997409
08198500,0.0030982528891208,0.5602729320526123,0.5645536184310913,0.250340132143882,0.4812477928503967
08271000,0.48400245009705,0.8060650825500488,0.7993742227554321,0.44522001791795124,0.3715961549461798
09035800,0.703715181667891,0.9117882251739502,0.5363145470619202,0.4019815147138152,0.36836921656505706
09066200,0.712216418137875,0.8557015061378479,0.3348125219345093,0.5133200563218063,0.2639694722924801
09223000,0.698323179997837,0.7801365256309509,0.9126958250999451,0.4717853579782671,0.3325850215228782
09386900,0.307507544080434,0.17308926582336426,0.14606529474258423,0.3631943536300713,0.4938118171477816
09492400,0.271766261706385,0.728560209274292,0.4757015109062195,0.3384760844075522,0.4790608747053984
09508300,0.0401188085303456,0.6679970026016235,0.2826513648033142,0.32971983168030194,0.4610199912938087
10244950,0.656356436998628,0.622523307800293,0.9115046262741089,0.3596974404085855,0.45038229099703603
12013500,0.0174156764185481,0.8590973615646362,0.11612111330032349,0.41729469363515376,0.3531328151462591
12041200,0.179574104744132,0.7038847208023071,0.2456505298614502,0.534733010904007,0.21337917553912644
12082500,0.39878651405721,0.7965656518936157,0.4422396421432495,0.5626555654153936,0.17968552410333374
12143600,0.311622046373118,0.8030562400817871,0.2838013172149658,0.5677464590778522,0.19066387256628223
12175500,0.690360443229126,0.80857253074646,0.3275741934776306,0.5805486087630533,0.18048051034972848
12377150,0.719886653780668,0.8957292437553406,0.26607340574264526,0.52314076084724,0.23790920386265293
12447390,0.777311497508566,0.7671765685081482,0.6272639632225037,0.5384226131218814,0.23601132695146498
13018300,0.65711853695655,0.8517472743988037,0.7752690315246582,0.4967202223701868,0.26853032686077305
13313000,0.744536050209931,0.923556387424469,0.3572009205818176,0.5164157633641245,0.23397435331100594
14138800,0.317266212149897,0.7474592924118042,0.446502685546875,0.5443379008854786,0.19846684189615005
14154500,0.135550710091939,0.8479623794555664,0.1795787811279297,0.418271681479744,0.36410248334202255
14185900,0.187297518505713,0.8432822823524475,0.2783305048942566,0.5162928110506926,0.23371968712265132
14301000,0.0324798903206775,0.9129493832588196,0.0716019868850708,0.36873090958613236,0.4078052868113207
14308990,0.135825515539971,0.7606240510940552,0.18437999486923218,0.391206896601717,0.40266141184787274
14400000,0.0243303906906382,0.837576687335968,0.12277179956436157,0.4455892893501007,0.31749651139115626
11148900,0.003526794606684,0.7402224540710449,0.16793233156204224,0.36040244486472883,0.46325272655865124
11264500,0.90632692590849,0.7953718304634094,0.3409672975540161,0.5255349312630242,0.22044740273393507
11468500,0.000524205133848,0.7891466617584229,0.13253772258758545,0.3878544152069118,0.3981888557555746
11480390,0.299512506046178,0.823492169380188,0.19985342025756836,0.4778131155440032,0.29421559642468437
11528700,0.271305322327506,0.8548204898834229,0.2019709348678589,0.43958514492582207,0.32715822760256646
