basin,n_peaks,peak_mag_rel,peak_timing_abs,peak_shape_corr_med,n_wy,viol_adv,viol_clean,rc_adv_med,rc_clean_med,frac_snow,runoff_ratio
01022500,38,-0.10267677158117294,0.0,0.9727651495816703,10,0.0,0.0,0.6250069737434387,0.5941654443740845,0.245259009248271,0.602268929482991
01031500,38,0.13291224837303162,0.0,0.9752867529816491,10,0.0,0.0,0.836835503578186,0.6496049165725708,0.291836473001958,0.576289279160751
01047000,39,-0.08001003414392471,0.0,0.9847616680343417,10,0.0,0.0,0.7392640113830566,0.6257858276367188,0.280118126940736,0.65686843497944
01052500,39,-0.2674044370651245,0.0,0.9685372696047365,10,0.0,0.0,0.7521334886550903,0.662466287612915,0.352698254049326,0.644651819954492
01054200,56,0.01545514352619648,0.0,0.9748943548083495,10,0.0,0.0,0.8184762001037598,0.684699296951294,0.299641539662879,0.671662858004331
01055000,51,0.15835660696029663,0.0,0.9769901856341938,10,0.0,0.0,0.7837485074996948,0.6542699933052063,0.306048851694867,0.652483626799972
01057000,46,-0.275359183549881,0.0,0.9818346528634864,10,0.0,0.0,0.5992751121520996,0.5509787201881409,0.251157672769098,0.510727007805829
01073000,48,-0.23622440546751022,0.0,0.9797424016418803,10,0.0,0.0,0.4750516414642334,0.46837109327316284,0.17503243505174,0.486206602514752
01078000,39,-0.08743954449892044,0.0,0.9742363323651003,10,0.0,0.0,0.6633856296539307,0.547797441482544,0.23971852199071,0.492803378546533
01123000,58,0.1511952355504036,0.0,0.9910399046138443,10,0.0,0.0,0.567872166633606,0.4744323492050171,0.136053399026134,0.45429529711326
01134500,42,0.04966961033642292,0.0,0.9754721489397604,10,0.0,0.0,0.8501266241073608,0.6451236605644226,0.280582089228151,0.599172754886935
01137500,55,0.03488738089799881,0.0,0.9791105676928203,10,0.0,0.0,0.5713769793510437,0.4967185854911804,0.301814975818189,0.597226132140909
01139000,46,-0.25286613404750824,0.0,0.9809257429424794,10,0.0,0.0,0.4929824471473694,0.4797360599040985,0.246562671549799,0.541536747426106
01139800,38,-0.12125862017273903,0.0,0.976618656953101,10,0.0,0.0,0.6554455757141113,0.57522052526474,0.26232897318021,0.548410572565566
01142500,44,-0.16008879989385605,0.0,0.9791374693325279,10,0.0,0.0,0.6050282120704651,0.520878255367279,0.252307890542821,0.519815262322349
01144000,41,-0.06547942757606506,0.0,0.9782566210669419,10,0.0,0.0,0.643028974533081,0.524876594543457,0.248466348504845,0.543359055776503
01162500,39,-0.23836921155452728,0.0,0.9707088432085027,10,0.0,0.0,0.5197725296020508,0.49254435300827026,0.226769184680043,0.485229191630436
01169000,53,0.14718957245349884,0.0,0.9825651122367919,10,0.0,0.0,0.7648904323577881,0.6045396327972412,0.238972605896079,0.570484016884238
01170100,50,0.04786015674471855,0.0,0.9746765030475806,10,0.0,0.0,0.691729724407196,0.6107158064842224,0.234653735405934,0.557636460056619
01181000,58,0.13178157806396484,0.0,0.9806992596676214,10,0.0,0.0,0.7147624492645264,0.6031287312507629,0.217563041040592,0.563934955144295
01187300,58,-0.21246124804019928,0.0,0.9835659931883035,10,0.0,0.0,0.6022434234619141,0.5766392350196838,0.201269335695146,0.506828688234216
01195100,61,0.21904145181179047,0.0,0.9908998713601659,10,0.0,0.0,0.5015151500701904,0.46370193362236023,0.106042892091717,0.440559883929016
01333000,47,0.07902199029922485,0.0,0.9790102550611848,10,0.0,0.0,0.7569261789321899,0.6099550724029541,0.222244968016498,0.55824317757751
01350000,54,-0.1976759433746338,0.0,0.9825659616275875,10,0.0,0.0,0.5392788648605347,0.5132131576538086,0.231159657658639,0.544607098819415
01350080,47,-0.26258939504623413,0.0,0.9852709471296004,10,0.0,0.0,0.481331467628479,0.44540631771087646,0.221156578322867,0.439351612145991
01350140,53,0.1134791448712349,0.0,0.9732165834282478,10,0.0,0.0,0.6752380132675171,0.5429716110229492,0.219859026682811,0.428298151238039
01365000,47,-0.07856214791536331,0.0,0.979181632438435,10,0.0,0.0,0.6984193921089172,0.6361079216003418,0.202270211093681,0.64567313638997
01411300,35,-0.28659871220588684,0.0,0.9937600836096591,10,0.0,0.0,0.2938430905342102,0.30674052238464355,0.0480948550351646,0.374178811377067
01413500,49,-0.19257043302059174,0.0,0.9858526713191886,10,0.0,0.0,0.5078923106193542,0.4732756018638611,0.216908033968228,0.511237169194687
01414500,48,-0.1521802470088005,0.0,0.9786918439980555,10,0.0,0.0,0.59233558177948,0.5741238594055176,0.216628505016047,0.562712057263301
01415000,47,-0.23458336293697357,0.0,0.9859158979714104,10,0.0,0.0,0.4795580506324768,0.4700348675251007,0.213452184948768,0.479676467756593
01423000,47,-0.21030236780643463,0.0,0.9810574144828614,10,0.0,0.0,0.5319347977638245,0.5156177282333374,0.217830297712483,0.496978105834379
01434025,60,-0.08069952949881554,0.0,0.9808414784954018,10,0.0,0.0,0.6258124113082886,0.626022458076477,0.23781373120698,0.634761838781561
01435000,57,-0.17920851707458496,0.0,0.9840678451432554,10,0.0,0.0,0.6449390649795532,0.646600604057312,0.223616269388589,0.687251847880788
01439500,36,-0.0747627466917038,0.0,0.9833733487409412,10,0.0,0.0,0.5785468816757202,0.5372294187545776,0.163765228832016,0.550426939143426
01440000,50,-0.22542905807495117,0.0,0.9909959611925645,10,0.0,0.0,0.4871637225151062,0.4779340624809265,0.147767408338048,0.506237971462614
01440400,44,0.2763781398534775,0.0,0.9825744619979615,10,0.0,0.0,0.7095528244972229,0.5853238105773926,0.172223371092882,0.551243771791167
01451800,49,-0.30796337127685547,0.0,0.9884241897543956,10,0.0,0.0,0.4084858298301697,0.4647327959537506,0.128362665991427,0.502370836246927
01466500,34,-0.15530645102262497,0.0,0.9835223456539222,10,0.0,0.0,0.24352243542671204,0.21964609622955322,0.0626617697616761,0.241045546354964
01484100,49,0.18486516177654266,0.0,0.9787311474282389,10,0.0,0.0,0.4637189507484436,0.33855366706848145,0.042571686471381,0.300141865209522
01487000,32,0.42163242399692535,0.0,0.9817543196515315,10,0.0,0.0,0.5856068134307861,0.38648098707199097,0.0424689894259026,0.39071341206459
01491000,44,0.29563742876052856,0.0,0.9782494129907494,10,0.0,0.0,0.44994866847991943,0.38521677255630493,0.0500257211233794,0.372009472420895
01510000,44,-0.07069256342947483,0.0,0.9614774829857804,10,0.0,0.0,0.6142429113388062,0.5401195883750916,0.237057400622962,0.548786686711458
01516500,53,0.2542336881160736,0.0,0.9802080105129727,10,0.0,0.0,0.43962231278419495,0.37082013487815857,0.199238597784613,0.323373524799016
01518862,49,-0.331687867641449,0.0,0.9716457168759327,10,0.0,0.0,0.43817728757858276,0.43418848514556885,0.201111344911574,0.395290298333401
01532000,48,-0.2735830396413803,0.0,0.9867611440448703,10,0.0,0.0,0.4327912926673889,0.43680238723754883,0.176741266621108,0.421819974940574
01539000,46,0.09692678414285183,0.0,0.9858759547307974,10,0.0,0.0,0.6193085312843323,0.5361530184745789,0.156285913306627,0.519507507471259
01542810,49,0.05291130021214485,0.0,0.9758514229706152,10,0.0,0.0,0.670940637588501,0.5660611391067505,0.189716485804691,0.467258394194627
01543000,41,-0.16946053504943848,0.0,0.9716978890314646,10,0.0,0.0,0.6411270499229431,0.5490787029266357,0.188056577083995,0.486116606363887
01543500,43,-0.2442120462656021,0.0,0.9783383057199487,10,0.0,0.0,0.5635940432548523,0.5398958921432495,0.181653610941671,0.478316788526037
01544500,40,-0.28707943856716156,0.0,0.9833606294908424,10,0.0,0.0,0.49084386229515076,0.5353254079818726,0.20336289315932,0.485865266892819
01545600,33,-0.2444472759962082,0.0,0.9828632344437345,10,0.0,0.0,0.5193293690681458,0.5232839584350586,0.192645540908709,0.448479056936079
01547700,43,0.02400236204266548,0.0,0.9772573116840919,10,0.0,0.0,0.6260443925857544,0.517641544342041,0.156172998266035,0.429971169656749
01548500,37,-0.3220532536506653,0.0,0.9836226190534438,10,0.0,0.0,0.4671826660633087,0.46006280183792114,0.202088630482319,0.455212892499828
01549500,40,-0.42107152938842773,0.0,0.9776673048943838,10,0.0,0.0,0.39720070362091064,0.4450485110282898,0.186519052942025,0.453494786847218
01550000,41,-0.34297481179237366,0.0,0.9880300533487373,10,0.0,0.0,0.47251734137535095,0.5193896293640137,0.179825512854574,0.496449757656269
01552000,46,-0.32724711298942566,0.0,0.9898899070998386,10,0.0,0.0,0.41627007722854614,0.5081515312194824,0.17305912288721,0.494463815495184
01552500,49,-0.33524978160858154,0.0,0.9731836004670977,10,0.0,0.0,0.44866663217544556,0.5372377634048462,0.185169707979555,0.547203753444974
01557500,46,-0.1544860675930977,0.0,0.9820176011880607,10,0.0,0.0,0.5396969318389893,0.49610817432403564,0.15867182381751,0.507252635070237
01567500,41,-0.12007049471139908,0.0,0.9844344819302884,10,0.0,0.0,0.46959418058395386,0.36782461404800415,0.126036065938383,0.403572520340108
01568000,48,-0.0036782342940568924,0.0,0.991121710782426,10,0.0,0.0,0.541628897190094,0.4931051731109619,0.128510858031358,0.427469830225647
01580000,62,-0.29413609206676483,0.0,0.986117420512175,10,0.0,0.0,0.27740857005119324,0.36656010150909424,0.0816880923954386,0.380362222334981
01583500,65,-0.3379586637020111,0.0,0.9853327638156005,10,0.0,0.0,0.232018381357193,0.30280354619026184,0.0807286497637625,0.337025443508645
01586610,57,-0.3290785253047943,0.0,0.9872140169122463,10,0.0,0.0,0.31804975867271423,0.29219287633895874,0.088413478566147,0.351986053069253
01591400,65,0.37533247470855713,0.0,0.9835547472741498,10,0.0,0.0,0.43538302183151245,0.34316012263298035,0.0838764227317032,0.324920431219488
01594950,62,-0.11295466870069504,0.0,0.9751329170896967,10,0.0,0.0,0.5770573616027832,0.5389590263366699,0.189214297334908,0.460015525667394
01596500,49,-0.13777606189250946,0.0,0.9785071794884366,10,0.0,0.0,0.5545423030853271,0.53306645154953,0.188402157557544,0.463635893331234
01605500,45,0.48051026463508606,0.0,0.9833415590713801,10,0.0,0.0,0.49034202098846436,0.37357962131500244,0.137136101417764,0.314546729407771
01606500,44,0.1682417094707489,0.0,0.9804570143933851,10,0.0,0.0,0.47512733936309814,0.4131343960762024,0.148750518921295,0.35981723587233
01632000,52,0.13190020993351936,0.0,0.9763142179320852,10,0.0,0.0,0.4815644919872284,0.4009234309196472,0.110024870103334,0.322975927031301
01632900,45,0.18694822490215302,0.0,0.9671894502460695,10,0.0,0.0,0.3561512529850006,0.2844617962837219,0.0980763292373855,0.27481863878643
01634500,46,-0.0493080448359251,0.0,0.9841766366505673,10,0.0,0.0,0.3717374801635742,0.37643447518348694,0.114828393813144,0.332469035401879
01638480,46,-0.3469505161046982,0.0,0.9628567919883804,10,0.0,0.0,0.282218337059021,0.28784316778182983,0.0845583823488279,0.328432189511936
01639500,62,-0.20464451611042023,0.0,0.9817998205451137,10,0.0,0.0,0.3285866379737854,0.3009083867073059,0.0961263501421113,0.352793994952527
01644000,49,0.18546238541603088,0.0,0.9862199209948825,10,0.0,0.0,0.3857387900352478,0.35535624623298645,0.084351798741144,0.329396319549859
01664000,52,-0.09483222663402557,0.0,0.9941488266917395,10,0.0,0.0,0.4144446849822998,0.35922443866729736,0.0827964257846037,0.354341945140566
01666500,56,0.27999168634414673,0.0,0.9933079226370611,10,0.0,0.0,0.43331605195999146,0.38204479217529297,0.0822553978033295,0.380531963496067
01667500,56,0.32173530757427216,0.0,0.9939709601111172,10,0.0,0.0,0.52528977394104,0.4096809923648834,0.0788117934771709,0.361178515853087
01669000,50,-0.34127211570739746,0.0,0.989320732356071,10,0.0,0.0,0.21323135495185852,0.256333589553833,0.0412059832430486,0.300022815141627
01669520,33,-0.25266316533088684,0.0,0.9890070154405322,10,0.0,0.0,0.29044291377067566,0.31560689210891724,0.0368199149910729,0.346317408249291
02011400,47,-0.2502988874912262,0.0,0.9858953483290912,10,0.0,0.0,0.3777264654636383,0.34163734316825867,0.129154721501962,0.301920852489919
02013000,52,-0.1787118762731552,0.0,0.9782107759480778,10,0.0,0.0,0.4009586572647095,0.3470297157764435,0.0979143372407574,0.32178937423066
02014000,48,-0.1805470809340477,0.0,0.9839550309685887,10,0.0,0.0,0.36119163036346436,0.3426932692527771,0.0978680841760858,0.341059346595645
02015700,55,-0.17216666042804718,0.0,0.9849998981195103,10,0.0,0.0,0.4273397922515869,0.42075181007385254,0.128567248718796,0.424175010789272
02016000,53,0.10310707241296768,0.0,0.9908364928890838,10,0.0,0.0,0.46280497312545776,0.3988608717918396,0.102077363429123,0.367497959675417
02017500,52,-0.35992348194122314,0.0,0.982297868742106,10,0.0,0.0,0.29923880100250244,0.3500217795372009,0.0901845265568014,0.386444504683533
02018000,51,-0.3730129897594452,0.0,0.9888389568885766,10,0.0,0.0,0.27312272787094116,0.3496147692203522,0.0849686144296571,0.364492460019353
02027000,43,0.061283793300390244,0.0,0.9826337558990664,10,0.0,0.0,0.572999119758606,0.5146762728691101,0.0904732223814793,0.473552146412579
02027500,40,-0.0429705623537302,0.0,0.9814307772229247,10,0.0,0.0,0.5828378200531006,0.5642036199569702,0.100786018307687,0.503420057110929
02028500,46,-0.14994357526302338,0.0,0.9905525605517804,10,0.0,0.0,0.4559595584869385,0.42926299571990967,0.0802569579048301,0.42921672989402
02038850,71,-0.03970151022076607,0.0,0.9911501268070274,10,0.0,0.0,0.24005278944969177,0.252080500125885,0.0655225978510027,0.281926158152608
02046000,50,0.24159913510084152,0.0,0.992592962889725,10,0.0,0.0,0.39357876777648926,0.26905468106269836,0.0453728268084367,0.262162102804243
02051500,60,-0.23847530782222748,0.0,0.988455467068279,10,0.0,0.0,0.25185298919677734,0.2514345645904541,0.0525514965704711,0.257069561634736
02053200,27,-0.28265073895454407,0.0,0.971747416116708,10,0.0,0.0,0.28836363554000854,0.29053083062171936,0.0248316831845784,0.257417960340642
02053800,49,-0.21195411682128906,0.0,0.9923412345420968,10,0.0,0.0,0.28409403562545776,0.30628252029418945,0.0938172550300136,0.299970752210596
02055100,48,0.20923177897930145,0.0,0.9732783822289455,10,0.0,0.0,0.44935834407806396,0.3398422598838806,0.0622119918873982,0.3210982630564
02056900,57,0.19363389909267426,0.0,0.993875272337559,10,0.0,0.0,0.35532209277153015,0.31295132637023926,0.0646059372808137,0.319756848717472
02059500,57,0.09644294530153275,0.0,0.9917647970038274,10,0.0,0.0,0.30064964294433594,0.280037522315979,0.0529389162953181,0.277492840640588
02064000,57,-0.11908791959285736,0.0,0.9917522647934538,10,0.0,0.0,0.28920894861221313,0.29416877031326294,0.0606011692596163,0.300188342856153
02065500,60,-0.007847304455935955,0.0,0.9847693905338732,10,0.0,0.0,0.24449822306632996,0.26655152440071106,0.0617139970732649,0.298859182044046
02069700,61,-0.09401608258485794,0.0,0.9930338724608547,10,0.0,0.0,0.3300637900829315,0.32519829273223877,0.0533951587612168,0.373703052000009
02070000,69,0.1269271820783615,0.0,0.9906759201157157,10,0.0,0.0,0.35862183570861816,0.3488961458206177,0.0508621647943431,0.350843216846168
02074500,62,0.22205574810504913,0.0,0.9954660987711224,10,0.0,0.0,0.39392775297164917,0.3672032952308655,0.0524690208413809,0.295724963937553
02077200,59,0.050000932067632675,0.0,0.994096558938342,10,0.0,0.0,0.26607540249824524,0.2604467570781708,0.0489889008542847,0.279088137584278
02081500,62,-0.04711415246129036,0.0,0.9891887042542716,10,0.0,0.0,0.31656956672668457,0.2659071087837219,0.0436247713972968,0.257859572731452
02082950,53,-0.2923316955566406,0.0,0.9904114156908478,10,0.0,0.0,0.2066372036933899,0.27488869428634644,0.0329927432325966,0.254400170055037
02092500,31,0.1742521971464157,0.0,0.9875757067397742,10,0.0,0.0,0.4067872166633606,0.3072992265224457,0.0120832517590196,0.265666081825627
02096846,72,-0.2544616684317589,0.0,0.9900016908943576,10,0.0,0.0,0.28098493814468384,0.2694149613380432,0.0392525452032849,0.223716993100491
02102908,84,-0.21816004067659378,0.0,0.9954749576713156,10,0.0,0.0,0.33220210671424866,0.38190412521362305,0.0235111757954398,0.401272403340989
02108000,25,-0.07349006831645966,0.0,0.9938409589338554,10,0.0,0.0,0.40371742844581604,0.3444051444530487,0.0092819261110396,0.295389376895624
02111180,60,0.009227944537997246,0.0,0.9917899057446665,10,0.0,0.0,0.4190126359462738,0.4604418873786926,0.0460568781002514,0.464919806052248
02111500,66,0.003905084915459156,0.0,0.9927909016118297,10,0.0,0.0,0.36768269538879395,0.3991658091545105,0.0523692516718814,0.381828306181278
02112120,63,-0.2546084523200989,0.0,0.9889858157840764,10,0.0,0.0,0.2865583002567291,0.347650945186615,0.0524049751607388,0.374448258978373
02112360,66,-0.200692817568779,0.0,0.9915106403458839,10,0.0,0.0,0.3078256845474243,0.34827667474746704,0.0531136274470014,0.416001178699835
02118500,63,-0.10863351076841354,0.0,0.9926385325464763,10,0.0,0.0,0.37468886375427246,0.31978583335876465,0.0413708350211441,0.324665515238225
02125000,68,-0.17035582661628723,0.0,0.9872087590486125,10,0.0,0.0,0.2649836242198944,0.2507076561450958,0.0247912331690011,0.297263281881278
02128000,69,-0.15184491872787476,0.0,0.9923367530554272,10,0.0,0.0,0.29451555013656616,0.2690800726413727,0.0256704433801346,0.291364419808836
02137727,55,-0.2090984731912613,0.0,0.9908455228436189,10,0.0,0.0,0.39317914843559265,0.45184066891670227,0.0405315310761795,0.440334441541321
02140991,57,-0.007233225274831057,0.0,0.9910049102211903,10,0.0,0.0,0.510564923286438,0.4754701852798462,0.0420384668349782,0.458561220014741
02143000,57,-0.20820003747940063,0.0,0.9932521116956738,10,0.0,0.0,0.3323131203651428,0.3576626479625702,0.0313262156816952,0.378918089370586
02143040,64,-0.1999259665608406,0.0,0.9903502588485562,10,0.0,0.0,0.3556957244873047,0.44703567028045654,0.0345610698452001,0.415980467520532
02149000,55,-0.2410057783126831,0.0,0.9881999770405702,10,0.0,0.0,0.42132169008255005,0.43753430247306824,0.029590457635321,0.397696961482616
02152100,65,0.28430986404418945,0.0,0.9935135411200423,10,0.0,0.0,0.47161704301834106,0.39409884810447693,0.0300807469143999,0.345189246806359
02177000,59,-0.10604549944400787,0.0,0.9965498343942579,10,0.0,0.0,0.5456247329711914,0.572649359703064,0.0267395574591906,0.542573791690081
02178400,58,-0.09620774164795876,0.0,0.9957354832659103,10,0.0,0.0,0.5432281494140625,0.5649092793464661,0.033836252850455,0.549718105569608
02193340,70,-0.29607440531253815,0.0,0.994220691866504,10,0.0,0.0,0.21435801684856415,0.23865769803524017,0.0127448828346305,0.219134856200753
02196000,67,-0.38006725907325745,0.0,0.995260856496365,10,0.0,0.0,0.1169809103012085,0.1597859263420105,0.014697822503637,0.172656693898559
02198100,46,-0.2768537104129791,0.0,0.9896785345775367,10,0.0,0.0,0.11586152762174606,0.15831850469112396,0.0030935926215692,0.243017358232054
02202600,30,-0.31225305795669556,0.0,0.9877199154806251,10,0.0,0.0,0.22255003452301025,0.21920070052146912,0.000456804897604,0.214676951002783
02212600,62,-0.202635757625103,0.0,0.9937556785104547,10,0.0,0.0,0.162835493683815,0.18035799264907837,0.0090237999831922,0.219428687115047
02215100,43,-0.23266907036304474,0.0,0.9913964148287667,10,0.0,0.0,0.13045546412467957,0.22031736373901367,0.0010333057458655,0.262694666303447
02216180,40,-0.3699973523616791,0.0,0.9828594943145872,10,0.0,0.0,0.14525507390499115,0.21590986847877502,0.000534865436369,0.256638240027999
02221525,50,-0.2044430449604988,0.0,0.9954290656327149,10,0.0,0.0,0.14493252336978912,0.17354662716388702,0.0095385192188569,0.226847638476097
02231000,21,-0.3110034465789795,0.0,0.9856709875911345,10,0.0,0.0,0.09351999312639236,0.14193852245807648,0.0002359180653982,0.204402910951383
02245500,46,-0.39801695942878723,0.0,0.9856359750519281,10,0.0,0.0,0.13989688456058502,0.1869361251592636,0.0004366285424588,0.23689341432929
02246000,42,-0.4515487104654312,0.0,0.9842778203690243,10,0.0,0.0,0.1484941840171814,0.228945791721344,0.0003326922230974,0.257643766671137
02296500,17,0.289610356092453,0.0,0.9869378776514123,10,0.0,0.0,0.21673260629177094,0.1597016155719757,0.0,0.191814315053059
02297155,30,-0.35907575488090515,0.0,0.9779436865704811,10,0.0,0.0,0.09891298413276672,0.09335354715585709,0.0,0.199601351270089
02297310,21,-0.25136953592300415,0.0,0.988877760166788,10,0.0,0.0,0.18066635727882385,0.152399480342865,0.0,0.241185622260486
02298123,20,-0.46327391266822815,0.0,0.9831469762374059,10,0.0,0.0,0.12910929322242737,0.17137987911701202,0.0,0.283028226856866
02298608,29,-0.4340987205505371,0.0,0.9821352404947418,10,0.0,0.0,0.14476048946380615,0.19325478374958038,0.0,0.346924117493021
02299950,45,-0.4401657283306122,0.0,0.9719898332965065,10,0.0,0.0,0.11149230599403381,0.19392451643943787,0.0,0.300059552090661
02300700,46,-0.36326996982097626,0.0,0.9875685770842255,10,0.1,0.0,0.23699381947517395,0.268268883228302,0.0,0.386915778580807
02342933,66,0.14950258284807205,0.0,0.9946175253363392,10,0.0,0.0,0.3562810719013214,0.3383808732032776,0.0027962712555372,0.261793354994008
02349900,56,-0.29840926826000214,0.0,0.991439401181322,10,0.0,0.0,0.1472134292125702,0.2063167542219162,0.0010817469729248,0.242085954191534
02350900,32,-0.26144084334373474,0.0,0.9922171634446586,10,0.0,0.0,0.16114959120750427,0.22644715011119843,0.001767717746493,0.261458767195446
02361000,43,-0.15285304188728333,0.0,0.9946779173844303,10,0.0,0.0,0.22453755140304565,0.28867006301879883,0.0015124422847458,0.306746922229369
02363000,35,-0.294204980134964,0.0,0.9922593870269997,10,0.0,0.0,0.19299086928367615,0.2774704396724701,0.0026556564479946,0.273826540063956
02369800,57,-0.28618764877319336,0.0,0.994515400353356,10,0.0,0.0,0.23146560788154602,0.286632776260376,0.0008723526438152,0.335796347367752
02371500,30,-0.03012921055778861,0.0,0.9884825555711447,10,0.0,0.0,0.30024367570877075,0.3003491461277008,0.0040171402581935,0.290535046494426
02372250,32,-0.056228840723633766,0.0,0.9860529999828009,10,0.0,0.0,0.3631192445755005,0.31740352511405945,0.0034759991435446,0.306923563577518
02374500,60,0.02972489409148693,0.0,0.9960862209403911,10,0.0,0.0,0.3986566364765167,0.33783531188964844,0.0030425564536237,0.33584969631177
02381600,57,0.2982410788536072,0.0,0.9939586083707902,10,0.0,0.0,0.5361180901527405,0.3775404691696167,0.0166377865167783,0.865166210065448
02384540,65,0.023556238040328026,0.0,0.9919886846785585,10,0.0,0.0,0.5388814806938171,0.5437126159667969,0.0316827871052048,0.422264679584768
02395120,49,-0.2781282365322113,0.0,0.989765054688607,10,0.0,0.0,0.28851741552352905,0.27136754989624023,0.0124894104226604,0.342948106698397
02415000,58,-0.2474416047334671,0.0,0.9963455350854576,10,0.0,0.0,0.2964116930961609,0.3482855558395386,0.0124691410953683,0.363528899042834
02427250,55,0.12807436287403107,0.0,0.9937799763793992,10,0.0,0.0,0.3759935200214386,0.32718753814697266,0.0031810787432098,0.301902198928022
02430085,64,-0.035230083391070366,0.0,0.9930305776748773,10,0.0,0.0,0.44908958673477173,0.38212519884109497,0.0126767241295668,0.401421124180561
02450250,58,0.11797724664211273,0.0,0.9833132751381595,10,0.0,0.0,0.539810299873352,0.45341962575912476,0.0142864105715527,0.397427136344996
02464000,61,0.07687149941921234,0.0,0.9930229152865546,10,0.0,0.0,0.4656616449356079,0.39095816016197205,0.011217518412828,0.360652454605731
02464360,61,-0.002129156608134508,0.0,0.9952684605028972,10,0.0,0.0,0.39906418323516846,0.3684409558773041,0.0095365763059721,0.354719029122551
02465493,51,0.1484573632478714,0.0,0.9942855029628012,10,0.0,0.0,0.358068585395813,0.27763831615448,0.0073106547528566,0.286827130483868
02469800,52,0.07968683168292046,0.0,0.991574001932429,10,0.0,0.0,0.37502145767211914,0.323499858379364,0.003171649398055,0.310789242626969
02472000,41,-0.10618472099304199,0.0,0.9882301286206217,10,0.0,0.0,0.3336586356163025,0.34296196699142456,0.0060147222598053,0.318918668155544
02472500,47,0.06146043911576271,0.0,0.9949598261965014,10,0.0,0.0,0.3205329179763794,0.29751789569854736,0.002454389871356,0.305963020732101
02479155,64,-0.20660798251628876,0.0,0.9941507053561667,10,0.0,0.0,0.3034190535545349,0.35566747188568115,0.0018026132328254,0.338750502694102
02479300,43,-0.10216743499040604,0.0,0.9945323506495874,10,0.0,0.0,0.37586554884910583,0.39151090383529663,0.0007412865485982,0.383667707301466
02479560,40,-0.11672791093587875,0.0,0.9954485574638428,10,0.0,0.0,0.3917270302772522,0.37773269414901733,0.0008881841770739,0.380309390781085
02481000,58,0.16277974843978882,0.0,0.9934188363567267,10,0.0,0.0,0.5689420700073242,0.43987521529197693,0.0003653977736162,0.39414466645508
02481510,58,0.07922625914216042,0.0,0.9945871696259793,10,0.0,0.0,0.4809378385543823,0.41883575916290283,0.0007622545076852,0.369132748484628
03010655,39,-0.12661448121070862,0.0,0.9750592914278523,10,0.0,0.0,0.5728061199188232,0.5225241184234619,0.207261759338099,0.455751399378086
03011800,48,0.026549729518592358,0.0,0.9721091050172502,10,0.0,0.0,0.7926340103149414,0.6537473201751709,0.210192690903197,0.538101433725681
03015500,50,0.06237754784524441,0.0,0.985443880300237,10,0.0,0.0,0.7049822211265564,0.6094439029693604,0.192038519147369,0.56929237306701
03021350,66,0.12841907516121864,0.0,0.9667885957623206,10,0.2,0.0,0.9562838077545166,0.739054799079895,0.208263538884948,0.621600220645083
03026500,47,-0.00452531548216939,0.0,0.9743141965961851,10,0.0,0.0,0.684840202331543,0.614041268825531,0.209814940150446,0.493333355496781
03028000,45,-0.16070051491260529,0.0,0.9854733638742368,10,0.0,0.0,0.6277080178260803,0.5934262275695801,0.203474312123818,0.571807346270101
03049000,54,-0.19204507768154144,0.0,0.9740266068986472,10,0.0,0.0,0.45867908000946045,0.4004460573196411,0.139333377128464,0.387928098484378
03049800,53,0.11989490687847137,0.0,0.9820126860782209,10,0.0,0.0,0.43349120020866394,0.3502046465873718,0.116341909362209,0.355803193404084
03050000,58,-0.001334147760644555,0.0,0.9726356797383833,10,0.0,0.0,0.6450432538986206,0.5696827173233032,0.158964457158934,0.489376876663823
03069500,57,-0.08999354392290115,0.0,0.9752048649735804,10,0.0,0.0,0.6190173625946045,0.6513779163360596,0.194644630432116,0.601000307419244
03070500,61,0.0025748698972165585,0.0,0.9773332232570016,10,0.0,0.0,0.6592915058135986,0.5874056816101074,0.144725592442485,0.549168889224421
03076600,50,-0.10745152831077576,0.0,0.9713622768434492,10,0.0,0.0,0.5983218550682068,0.5352380871772766,0.189395500517419,0.486972677470955
03078000,57,-0.04447890818119049,0.0,0.9721684123731431,10,0.0,0.0,0.5997994542121887,0.5897479057312012,0.194625437344426,0.542170227147581
03140000,51,-0.29467490315437317,0.0,0.9866141736612329,10,0.0,0.0,0.31111061573028564,0.31898003816604614,0.0894584784615066,0.325505925457804
03144000,54,0.27065713703632355,0.0,0.9881045892602442,10,0.0,0.0,0.5104564428329468,0.3947924077510834,0.0936024048579887,0.368430419067962
03170000,63,-0.20833931863307953,0.0,0.9928804889320391,10,0.0,0.0,0.2823813259601593,0.30464786291122437,0.0945585836238721,0.323360883944825
03173000,57,-0.25436124205589294,0.0,0.9872526411229438,10,0.0,0.0,0.3311637341976166,0.3454939126968384,0.0942000993572573,0.336056023002685
03180500,50,-0.14204683899879456,0.0,0.9657122463301135,10,0.0,0.0,0.6135644912719727,0.5239370465278625,0.195303023284764,0.533537321998708
03182500,56,-0.09020239859819412,0.0,0.9706564018779329,10,0.0,0.0,0.5762242078781128,0.4971834421157837,0.170253081143655,0.47073825513177
03186500,66,-0.14407796412706375,0.0,0.9758626335595963,10,0.0,0.0,0.5579283237457275,0.5873738527297974,0.1907316712122,0.611346628739278
03237280,60,0.24452167749404907,0.0,0.9858441593440619,10,0.0,0.0,0.5201890468597412,0.39987289905548096,0.0847306381238598,0.320095901407147
03237500,68,0.0064425699529238045,0.0,0.9849258464694794,10,0.0,0.0,0.4605602025985718,0.38643062114715576,0.0787104016916548,0.368722525275899
03238500,69,-0.02061368152499199,0.0,0.9877587938868736,10,0.0,0.0,0.5093698501586914,0.39650148153305054,0.0747385312973334,0.391668326847689
03241500,48,0.44490672647953033,0.0,0.9601309680498649,10,0.0,0.0,0.512319803237915,0.3486087918281555,0.0779467519548554,0.338989027615003
03280700,57,0.34515783190727234,0.0,0.9853824096190656,10,0.0,0.0,0.589400053024292,0.4381982684135437,0.0584460847843343,0.333288888822505
03281500,60,0.2011384814977646,0.0,0.990755602102823,10,0.0,0.0,0.5185396075248718,0.41129356622695923,0.044067880842997,0.373787381934962
03285000,60,0.20681080222129822,0.0,0.988103509826532,10,0.0,0.0,0.492717981338501,0.41103795170783997,0.0446468108120254,0.39997947355769
03291780,72,-0.16227461397647858,0.0,0.9822592462467561,10,0.0,0.0,0.5142342448234558,0.46596407890319824,0.0673686532615331,0.41683106992865
03338780,50,-0.37810179591178894,0.0,0.9773108381123778,10,0.0,0.0,0.21768753230571747,0.3559691309928894,0.0725503193755769,0.39984015392833
03340800,50,0.0797891654074192,0.0,0.987159441996831,10,0.0,0.0,0.4636901021003723,0.3293820023536682,0.0732286680426859,0.343884768200808
03346000,48,0.08040885999798775,0.0,0.98125919121804,10,0.0,0.0,0.447756826877594,0.33850228786468506,0.0621069652969445,0.318290709798012
03364500,54,-0.15799830108880997,0.0,0.9871169938432436,10,0.0,0.0,0.41941267251968384,0.3899052143096924,0.0804170575814994,0.359483125379161
03366500,66,-0.2203642725944519,0.0,0.9765518857413342,10,0.0,0.0,0.3622143268585205,0.39264577627182007,0.059067129172147,0.37595721847181
03368000,73,0.20302128791809082,0.0,0.9810840722782324,10,0.0,0.0,0.5790393948554993,0.4301767945289612,0.0670858663666364,0.403829617469226
03384450,67,0.21296410262584686,0.0,0.9829299647931785,10,0.0,0.0,0.4741121530532837,0.38914552330970764,0.0496725306242436,0.363300305639312
03439000,62,-0.1177828423678875,0.0,0.9968996089304545,10,0.0,0.0,0.5047128796577454,0.561647891998291,0.0374660918206049,0.568857600939258
03455500,72,-0.059585703536868095,0.0,0.9944519643101954,10,0.0,0.0,0.5599455833435059,0.5631982088088989,0.0774314166204897,0.569036399006352
03456500,55,-0.061729513108730316,0.0,0.9935828675832471,10,0.0,0.0,0.5506093502044678,0.5167163610458374,0.0638736766495558,0.542821012854399
03460000,48,-0.12449786812067032,0.0,0.989389324111861,10,0.0,0.0,0.5198865532875061,0.4911840856075287,0.077253343718732,0.488063027369518
03463300,63,-0.21169039607048035,0.0,0.9923828602479683,10,0.0,0.0,0.4927346110343933,0.6099775433540344,0.0849163900758962,0.670284579863615
03471500,53,0.10859523713588715,0.0,0.9885538807276429,10,0.0,0.0,0.47893044352531433,0.4268091320991516,0.0838711696088708,0.386908002686267
03473000,54,-0.12720544636249542,0.0,0.9878828373895736,10,0.0,0.0,0.4701805114746094,0.43540212512016296,0.0832667330515825,0.415810557583452
03479000,56,-0.14525647461414337,0.0,0.9933953041563509,10,0.0,0.0,0.4196268916130066,0.4530222415924072,0.0904171237520879,0.456928974815457
03488000,54,-0.2882802188396454,0.0,0.9857364380279643,10,0.0,0.0,0.3623691201210022,0.4013199806213379,0.0815490515140822,0.376021978878748
03498500,52,0.041291335597634315,0.0,0.9827805088355743,10,0.0,0.0,0.5076137185096741,0.44734954833984375,0.0343707789266315,0.416642224331698
03500000,57,-0.066041499376297,0.0,0.9965676405741022,10,0.0,0.0,0.519264817237854,0.5224632024765015,0.0292489179120406,0.481630285306863
03500240,56,-0.06459733843803406,0.0,0.9949284314869513,10,0.0,0.0,0.45125189423561096,0.4425327181816101,0.029394718558517,0.459278556100656
03504000,59,-0.025139102712273598,0.0,0.9951147468393315,10,0.0,0.0,0.6047796010971069,0.6003323197364807,0.0589912291417263,0.657177368049606
03574500,53,-0.05505913123488426,0.0,0.9925558720429982,10,0.0,0.0,0.6157767176628113,0.5428550243377686,0.0200681785915394,0.458075297069284
03592718,69,0.2439461648464203,0.0,0.9903393204028197,10,0.0,0.0,0.5763229131698608,0.4525328278541565,0.0149109120314144,0.352112361218698
03604000,53,0.14520105719566345,0.0,0.9914872092016933,10,0.0,0.0,0.4807422161102295,0.41854751110076904,0.0255990760932844,0.388741417962628
04015330,49,-0.013795286417007446,0.0,0.9631480695262625,10,0.0,0.0,0.5516204833984375,0.4671173691749573,0.196079390089318,0.431649939229559
04024430,42,-0.30091072618961334,0.0,0.9814840926439499,10,0.0,0.0,0.3944171667098999,0.32811522483825684,0.1608667587394,0.359583937529154
04027000,37,-0.23182332515716553,0.0,0.9767772321925573,10,0.0,0.0,0.3739669919013977,0.35119688510894775,0.235000084730923,0.350685622277024
04040500,23,-0.4100887179374695,0.0,0.9632558469543341,10,0.0,0.0,0.42901164293289185,0.4029746651649475,0.309607600434067,0.439473072380403
04043050,33,-0.2300843447446823,0.0,0.9767974802715587,10,0.0,0.0,0.7044757604598999,0.681011974811554,0.299401075000363,0.60234716182556
04045500,11,-0.00044519081711769104,3.0,0.9260676380645222,10,0.0,0.0,0.3906722664833069,0.46100983023643494,0.300079815277018,0.421554849547542
04057510,22,-0.42072005569934845,0.0,0.9644509358870901,10,0.0,0.0,0.402776300907135,0.3826993703842163,0.253134692886369,0.370732093589316
04057800,25,-0.26871615648269653,0.0,0.9731094501958295,10,0.0,0.0,0.36534371972084045,0.39835596084594727,0.334246736484748,0.424989952385626
04059500,19,-0.2277963012456894,0.0,0.9370028858659047,10,0.0,0.0,0.40711212158203125,0.30142682790756226,0.235319790957285,0.302179075220792
04063700,20,-0.3240162432193756,0.0,0.9737491021376624,10,0.0,0.0,0.20089155435562134,0.2781245708465576,0.211966109984869,0.288440942154032
04074950,19,-0.2954464852809906,0.0,0.9797100150835688,10,0.0,0.0,0.2771753966808319,0.352582186460495,0.203272983314769,0.347895638171459
04105700,40,-0.26434676349163055,0.0,0.9926607621366483,10,0.0,0.0,0.2843758761882782,0.3650217652320862,0.154578943663624,0.383119735420767
04115265,72,-0.2778828889131546,0.0,0.9910385930603307,10,0.0,0.0,0.254613995552063,0.3111236095428467,0.17692366303836,0.33059407190318
04122200,36,-0.33490854501724243,0.0,0.9773328126216563,10,0.0,0.0,0.2954918146133423,0.4008582830429077,0.175430988197981,0.39950177752423
04122500,28,-0.34954510629177094,0.0,0.9635514316809948,10,0.0,0.0,0.3259914219379425,0.43224823474884033,0.184317913063151,0.415061023634434
04127918,35,-0.43480002880096436,1.0,0.9377035833426738,10,0.0,0.0,0.2518317699432373,0.3544938564300537,0.290254060373262,0.337654403559097
04127997,57,-0.22331951558589935,0.0,0.9900963646130838,10,0.0,0.0,0.34370091557502747,0.4241616725921631,0.268061615104673,0.425966244779828
04161580,42,-0.5153045952320099,1.0,0.9774018609336974,10,0.0,0.0,0.1246008425951004,0.2216273546218872,0.157673147023086,0.258276625088651
04185000,29,-0.3024013340473175,0.0,0.9815552386832462,10,0.0,0.0,0.37697863578796387,0.3710433840751648,0.125203448992686,0.351521655299214
04196800,51,-0.19673103094100952,0.0,0.9686350965956012,10,0.0,0.0,0.4385871887207031,0.3065245747566223,0.099311648741759,0.340026418959367
04197100,50,-0.10659181326627731,0.0,0.9681468474618153,10,0.0,0.0,0.2557219862937927,0.3276507258415222,0.111863760810241,0.336741936255887
04197170,63,0.11416506767272949,0.0,0.9747707669056292,10,0.0,0.0,0.5030605792999268,0.33445554971694946,0.10758495614117,0.315298225044258
04213000,63,0.1283324956893921,0.0,0.9604189739908542,10,0.0,0.0,0.8110058903694153,0.6093897819519043,0.162227338465539,0.50304305092457
04213075,66,0.0694897472858429,0.0,0.9793856783833914,10,0.1,0.0,0.8076484203338623,0.6521050930023193,0.160655070848624,0.450833381368717
04216418,58,0.08572820574045181,0.0,0.9776156555405253,10,0.0,0.0,0.6169385313987732,0.49230217933654785,0.225393876789264,0.468583425480484
04221000,49,-0.17257213592529297,0.0,0.962229587795298,10,0.0,0.0,0.46444618701934814,0.47848570346832275,0.207214753166224,0.412810161427718
04224775,51,-0.29783883690834045,0.0,0.9795542984440553,10,0.0,0.0,0.3690699338912964,0.40063387155532837,0.204650190587357,0.387613118562088
04233000,50,-0.04081378970295191,0.0,0.9775161918119601,10,0.0,0.0,0.4377051591873169,0.39395737648010254,0.169532329377697,0.408263663878544
04256000,48,-0.03593376441858709,0.0,0.9832229050299852,10,0.0,0.0,0.6820138692855835,0.6345208287239075,0.279703584506989,0.622837240319837
04296000,39,-0.20264366269111633,0.0,0.9848114054980548,10,0.0,0.0,0.5474585294723511,0.5120894312858582,0.273317826422307,0.508458434659509
05057200,14,-0.6962532103061676,0.0,0.7807418281171548,10,0.0,0.0,0.026367029175162315,0.04433443397283554,0.141789208175196,0.043455554821798
05120500,13,-0.6202192902565002,1.0,0.9118975786884225,10,0.0,0.0,0.027434322983026505,0.023615945130586624,0.19176626992326,0.0308026779103898
05291000,30,-0.2838628888130188,0.0,0.9757259504692006,10,0.0,0.0,0.15799662470817566,0.10472432523965836,0.148874500915531,0.125753255211332
05362000,37,-0.32246747612953186,0.0,0.982034924867305,10,0.0,0.0,0.3280004858970642,0.3653857111930847,0.174430982504896,0.350440439835209
05393500,41,-0.41301241517066956,0.0,0.9755878375562962,10,0.0,0.0,0.5384044647216797,0.502156138420105,0.19616986570515,0.412614012039464
05399500,46,0.44666391611099243,0.0,0.9815781058657982,10,0.0,0.0,0.5467622876167297,0.3631665110588074,0.156958255923397,0.301201873238836
05408000,55,0.380264014005661,0.0,0.9868607425196322,10,0.0,0.0,0.34504520893096924,0.2623944878578186,0.140156645371,0.270848865079002
05413500,44,0.222164586186409,0.0,0.9850621377946212,10,0.0,0.0,0.3561033606529236,0.24433866143226624,0.124159245932601,0.259326968078722
05414000,36,0.8283742368221283,0.0,0.9473616496653288,10,0.0,0.0,0.42730504274368286,0.24252291023731232,0.123542293769616,0.269881682636223
05444000,40,-0.4382929354906082,0.0,0.953557179390419,10,0.0,0.0,0.21318736672401428,0.27882206439971924,0.113352332875094,0.294420237029639
05454000,50,0.17187923938035965,0.0,0.9721332065208199,10,0.0,0.0,0.471285879611969,0.2926173806190491,0.102381239516297,0.279561234217908
05458000,32,-0.22422074526548386,0.0,0.9774156547457375,10,0.0,0.0,0.37356072664260864,0.2562284469604492,0.122540965691067,0.285423938466575
05466500,40,0.3347620964050293,0.0,0.9698578834396938,10,0.0,0.0,0.41296303272247314,0.29687076807022095,0.107102802145215,0.30124153243542
05487980,46,-0.03410116210579872,0.0,0.9888621424702503,10,0.0,0.0,0.3810347616672516,0.26680856943130493,0.0964519167641938,0.263159730521466
05488200,50,0.25187017768621445,0.0,0.9881181402303024,10,0.0,0.0,0.44526407122612,0.26951372623443604,0.10182137585369,0.273374031950069
05489000,56,-0.2985432296991348,0.0,0.9812537457488559,10,0.0,0.0,0.24608951807022095,0.27434903383255005,0.0977424681708028,0.255885681490586
05495000,55,-0.3579100966453552,0.0,0.9841431459684323,10,0.0,0.0,0.1699829250574112,0.264697402715683,0.0965623589589288,0.272043598513495
05495500,58,-0.2962684780359268,0.0,0.9861850203475103,10,0.0,0.0,0.2503790855407715,0.2761130928993225,0.0758324970984556,0.268667845773043
05501000,55,-0.3024173080921173,0.0,0.9854753060441749,10,0.0,0.0,0.21007020771503448,0.22550708055496216,0.0805965933083467,0.265751954196041
05503800,58,-0.23842133581638336,0.0,0.98688100667101,10,0.0,0.0,0.2502225935459137,0.2504773437976837,0.0832843857982754,0.25994008830283
05507600,65,-0.11482647806406021,0.0,0.9828315796310464,10,0.0,0.0,0.29483121633529663,0.2423381209373474,0.0742633892998097,0.242511381391273
05508805,72,-0.232199527323246,0.0,0.9836728776828649,10,0.0,0.0,0.19201193749904633,0.21795189380645752,0.075793058486455,0.239322400997366
05525500,45,0.11959079653024673,0.0,0.9877215501851214,10,0.0,0.0,0.49735385179519653,0.36393454670906067,0.0775662992910571,0.343117047646196
05556500,44,-0.41488319635391235,0.0,0.9799532102312242,10,0.0,0.0,0.2818308472633362,0.3249831199645996,0.106987814559373,0.307646781431807
05584500,43,-0.26046597957611084,0.0,0.9897164099306057,10,0.0,0.0,0.36193084716796875,0.2912253737449646,0.0864765586667042,0.266061856940936
05591550,46,0.6930910050868988,0.0,0.9586820510593351,10,0.0,0.0,0.538709819316864,0.29971885681152344,0.0692516054963585,0.30770222357272
05592050,49,-0.34240689873695374,0.0,0.9724628476861326,10,0.0,0.0,0.18920905888080597,0.2456543892621994,0.0740889287495313,0.277745870300864
05592575,60,-0.026808048598468304,0.0,0.9673142686949272,10,0.0,0.0,0.4020949602127075,0.294655978679657,0.0638801924050215,0.290149757826122
05593575,63,-0.2339167594909668,0.0,0.991805361169532,10,0.0,0.0,0.34620505571365356,0.2686735987663269,0.0547473552431735,0.295245128071549
05593900,54,0.30988381803035736,0.0,0.9881374078875408,10,0.0,0.0,0.4353455901145935,0.28617629408836365,0.0734339258739105,0.289131489325222
05595730,67,0.03660912066698074,0.0,0.9877602299221516,10,0.0,0.0,0.3686017394065857,0.3122912049293518,0.05667164669358,0.281481547843571
06221400,16,-0.2570392042398453,0.5,0.9098504056842788,10,0.2,0.0,0.687566876411438,0.6962841153144836,0.714826752405444,0.943420045715152
06224000,16,-0.43584050238132477,1.0,0.896438730858337,10,0.0,0.0,0.47930198907852173,0.6632119417190552,0.693901350936104,0.91037262845784
06278300,18,-0.563898354768753,2.0,0.8091747099040342,10,0.0,0.0,0.40447157621383667,0.5498270988464355,0.732862235334757,0.651511676457496
06280300,17,-0.196150541305542,0.0,0.9791744890737313,10,0.0,0.0,0.676283061504364,0.5316493511199951,0.666773488915146,0.604356060704403
06289000,14,-0.5567688643932343,2.5,0.7988454695277476,10,0.0,0.0,0.21811550855636597,0.319778174161911,0.583642806430044,0.417088733426769
06291500,17,-0.6259786486625671,1.0,0.8229496018062126,10,0.0,0.0,0.17807933688163757,0.30553826689720154,0.404772816694431,0.314380358116209
06311000,20,-0.7282735705375671,1.5,0.9165296133488642,10,0.0,0.0,0.14131364226341248,0.28638678789138794,0.57382796016244,0.418661161891944
06332515,21,0.6185387969017029,0.0,0.9702805841200393,10,0.0,0.0,0.04830901324748993,0.026744041591882706,0.173914615394175,0.034008438431238
06339100,24,-0.437593474984169,0.0,0.968838887913982,10,0.0,0.0,0.0838206559419632,0.04051228612661362,0.160349274004295,0.0446535825987646
06344600,23,0.3585292100906372,0.0,0.9652403145792983,10,0.0,0.0,0.0914057195186615,0.033915191888809204,0.162624033289867,0.0454415157336279
06350000,16,0.3057242128998041,0.0,0.9664052321162959,10,0.0,0.0,0.08944582939147949,0.02455577626824379,0.164913327830338,0.0415629035863965
06352000,14,0.12536288052797318,0.0,0.9790145411813919,10,0.0,0.0,0.10616336762905121,0.031100887805223465,0.168403955596369,0.0476100574275385
06404000,22,-0.36428961157798767,0.0,0.9733803238136987,10,0.0,0.0,0.05556407570838928,0.09209196269512177,0.191294358675479,0.104388382498058
06406000,17,-0.5750954747200012,0.0,0.9831880311221471,10,0.0,0.0,0.037917088717222214,0.05678937956690788,0.167832878351021,0.0811249962402975
06409000,25,-0.25103503465652466,0.0,0.9013655358801151,10,0.0,0.0,0.14641708135604858,0.09486885368824005,0.343337176611808,0.104855466801007
06431500,18,-0.25874367356300354,0.0,0.9439718388968783,10,0.0,0.0,0.2500724196434021,0.1945425570011139,0.36993144167527,0.19160478234476
06440200,37,-0.5936009287834167,0.0,0.9399484243120018,10,0.0,0.0,0.03714601695537567,0.039897989481687546,0.140805850137048,0.0549386582514342
06447500,22,-0.4335148185491562,0.0,0.9682834480674345,10,0.0,0.0,0.035885099321603775,0.04468419402837753,0.155649176414783,0.0501555462661523
06470800,15,-0.7759506106376648,1.0,0.8412742022623518,10,0.0,0.0,0.0358576774597168,0.0808849185705185,0.14718946482151,0.0354797001823268
06477500,19,-0.6944073438644409,1.0,0.9515238857828459,10,0.0,0.0,0.011247585527598858,0.016653113067150116,0.132381124658994,0.0396230218227996
06479215,32,-0.709026575088501,0.0,0.929241208326579,10,0.0,0.0,0.09957035630941391,0.09401257336139679,0.164751422321796,0.118501815172687
06601000,50,-0.2297794371843338,0.0,0.9866267041341918,10,0.0,0.0,0.15046824514865875,0.14123401045799255,0.105879368005318,0.168584713315325
06614800,16,-0.14232780784368515,2.5,0.8253862517309913,10,0.1,0.0,0.6840643882751465,0.6605043411254883,0.760476738091987,0.621256802493902
06622700,18,-0.12499082088470459,1.5,0.8691899250960192,10,0.0,0.0,0.6531530618667603,0.5105221271514893,0.717691988588396,0.522749828714775
06623800,14,-0.19823259394615889,1.5,0.8559554928692138,10,0.0,0.0,0.4605047404766083,0.43025511503219604,0.753935609059572,0.498983998298549
06632400,17,-0.14138592779636383,0.0,0.8878534675544482,10,0.0,0.0,0.6605572700500488,0.5243961811065674,0.744511869620645,0.490342732107327
06746095,16,-0.29153111577033997,1.5,0.7257417867825366,10,0.4,0.6,0.7686971426010132,1.0546908378601074,0.728744289492069,1.13032753016531
06803510,56,0.12080861628055573,0.0,0.9858124588400574,10,0.0,0.0,0.18531480431556702,0.12684226036071777,0.0940475934983777,0.129828408252372
06803530,47,-0.49709635972976685,0.0,0.9844713360469152,10,0.0,0.0,0.07632733881473541,0.11100934445858002,0.0991958577666237,0.126554340576194
06814000,48,-0.12898609414696693,0.0,0.9909910293088137,10,0.0,0.0,0.17241957783699036,0.1186714619398117,0.0902842088456011,0.175497813827597
06847900,9,-0.29513365030288696,0.0,0.9612335067739413,10,0.0,0.0,0.007779976353049278,0.008683733642101288,0.102382584534704,0.0077308463966411
06853800,33,-0.29762494564056396,0.0,0.9889563394959923,10,0.0,0.0,0.05384885147213936,0.03896687179803848,0.104135741933305,0.0539988765375486
06876700,24,0.32066841423511505,0.0,0.9814048042898967,10,0.0,0.0,0.06781323999166489,0.06620407104492188,0.0796113854216262,0.0777997700941664
06878000,40,-0.4328104108572006,0.0,0.9847745127829104,10,0.0,0.0,0.05678544193506241,0.062098726630210876,0.0727867121382812,0.127112864064265
06879650,29,-0.16155079007148743,0.0,0.9855317061360119,10,0.0,0.0,0.17099937796592712,0.14823684096336365,0.0672497335190048,0.181512500938322
06885500,54,0.14584336429834366,0.0,0.9942152426193298,10,0.0,0.0,0.23229998350143433,0.15962573885917664,0.0842987262187572,0.180176985913307
06888500,48,-0.22174793481826782,0.0,0.9933690682693452,10,0.0,0.0,0.24510648846626282,0.180843323469162,0.0703719655848806,0.22818196809291
06889200,51,0.2327231615781784,0.0,0.9952986744470537,10,0.0,0.0,0.23829558491706848,0.1631058156490326,0.0716152496141078,0.219975099284593
06889500,48,-0.16671352088451385,0.0,0.9937319293267508,10,0.0,0.0,0.22077059745788574,0.17323842644691467,0.069599735811632,0.217562012883959
06892000,43,0.21099428832530975,0.0,0.9919058598385188,10,0.0,0.0,0.3343665599822998,0.235616534948349,0.0715178249456991,0.22741671952724
06903400,42,0.004575610160827637,0.0,0.9862144945186531,10,0.0,0.0,0.2827582359313965,0.2557435631752014,0.0979262678501136,0.25833862327085
06906800,57,-0.17662906646728516,0.0,0.9920718497780592,10,0.0,0.0,0.3373998999595642,0.4049162268638611,0.0604504736826071,0.287498833421479
06910800,50,0.26022642850875854,0.0,0.9914761906885676,10,0.0,0.0,0.33543238043785095,0.20344027876853943,0.0613066358092003,0.216380603418198
06911900,52,0.5057495385408401,0.0,0.9910585272648794,10,0.0,0.0,0.37633848190307617,0.22219830751419067,0.0618531603753962,0.216951788171212
06917000,53,-0.31894010305404663,0.0,0.9884319802541391,10,0.0,0.0,0.2729257047176361,0.29227203130722046,0.05107020470328,0.287241300878893
06918460,34,0.08807257562875748,0.0,0.9901733388553369,10,0.0,0.0,0.4091108441352844,0.32409530878067017,0.0498588468679264,0.308266957413229
06919500,49,0.004248030483722687,0.0,0.9905973443154464,10,0.0,0.0,0.3541456460952759,0.3109336495399475,0.0494466083766876,0.238616108666041
06921070,54,-0.06654203496873379,0.0,0.9874282969288999,10,0.0,0.0,0.389828622341156,0.35227054357528687,0.0601238372834516,0.296573548524969
06921200,59,-0.31410330533981323,0.0,0.980706627311618,10,0.0,0.0,0.3264918327331543,0.34578555822372437,0.0572554270612204,0.258048318703452
07057500,51,-0.3403325378894806,0.0,0.9917403110735286,10,0.0,0.0,0.2282240092754364,0.3384662866592407,0.0564394367095807,0.385775030276138
07060710,56,0.5029698610305786,0.0,0.983283894771216,10,0.0,0.0,0.4161692261695862,0.2977937161922455,0.0509984831292569,0.207572634554182
07066000,49,-0.32647255063056946,0.0,0.9863643649160231,10,0.0,0.0,0.2563701868057251,0.3482005000114441,0.0562313137196695,0.355359320583125
07083000,19,-0.18614189326763153,0.0,0.8610534141968467,10,0.0,0.0,0.4527437090873718,0.5582277178764343,0.710599947836907,0.571181002312971
07142300,12,-0.3662630319595337,0.0,0.9691403583349809,10,0.0,0.0,0.0156912412494421,0.01714278757572174,0.0867916780002227,0.0107033697231868
07145700,47,-0.2588585317134857,0.0,0.9819663549714498,10,0.0,0.0,0.14593230187892914,0.1073034256696701,0.0617611519704068,0.22599099996995
07167500,54,0.22629134356975555,0.0,0.9920265776125222,10,0.0,0.0,0.2731427550315857,0.24562865495681763,0.0520689190916616,0.29773028761745
07180500,55,0.407199501991272,0.0,0.9873782982650261,10,0.0,0.0,0.29069507122039795,0.20182044804096222,0.0557846206828486,0.251656032119696
07184000,53,0.23891420662403107,0.0,0.994047986093335,10,0.0,0.0,0.45788413286209106,0.3672837018966675,0.0453576175844397,0.300203263043152
07195800,42,-0.1674284115433693,0.0,0.9842335512281721,10,0.0,0.0,0.29843050241470337,0.2977867126464844,0.0482364215180522,0.288714907372606
07196900,65,0.17125846445560455,0.0,0.9884882861103239,10,0.0,0.0,0.40645191073417664,0.32844915986061096,0.0460986315040519,0.32476260294148
07197000,52,0.04613909311592579,0.0,0.987066698097246,10,0.0,0.0,0.42150020599365234,0.3615231215953827,0.0408010944755726,0.317349995982664
07208500,18,-0.6537773907184601,1.0,0.8833938644224182,10,0.0,0.0,0.05026755481958389,0.08681388944387436,0.333134983679482,0.129213610710801
07261000,49,-0.1489550918340683,0.0,0.994717201571808,10,0.0,0.0,0.3551968038082123,0.36200618743896484,0.0378060990134872,0.359831387692934
07263295,59,0.29699912667274475,0.0,0.9842658503896096,10,0.0,0.0,0.46747344732284546,0.3765329420566559,0.0310455107281904,0.345850281186976
07291000,63,0.2891477346420288,0.0,0.9902480731311638,10,0.0,0.0,0.4352691173553467,0.3565067946910858,0.003569389743915,0.307534556489653
07299670,37,0.1635810136795044,0.0,0.9942942263947996,10,0.0,0.0,0.038352906703948975,0.04072451591491699,0.02913235345217,0.0573804118361938
07301410,12,-0.2544788420200348,0.0,0.9863656885584309,10,0.0,0.0,0.024029498919844627,0.02445278875529766,0.0754167591358171,0.0243532864886097
07315200,45,-0.3229408264160156,0.0,0.9879955444737804,10,0.0,0.0,0.037116967141628265,0.04746715724468231,0.0162560388991893,0.0655213290638113
07315700,47,-0.5419532656669617,0.0,0.9736724385843075,10,0.0,0.0,0.07463899254798889,0.1201653927564621,0.0208161228801737,0.143165773826175
07335700,65,0.03194502368569374,0.0,0.9825197500592343,10,0.0,0.0,0.48804712295532227,0.4628952443599701,0.0430162960741129,0.499744282995896
07340300,68,-0.058968691155314445,0.0,0.9925651674867574,10,0.0,0.0,0.499693900346756,0.4956592321395874,0.0385678054509223,0.436978155282135
07346045,31,-0.05905454233288765,0.0,0.9851094215525613,10,0.0,0.0,0.3136467933654785,0.2785888910293579,0.0168897938562348,0.251434669586336
07359610,68,-0.048129480332136154,0.0,0.9938175121763048,10,0.0,0.0,0.42356076836586,0.4363771080970764,0.0301790248613661,0.444162787639425
07362100,37,0.08121203631162643,0.0,0.9844865229192509,10,0.0,0.0,0.31774288415908813,0.30007463693618774,0.0183234657917035,0.279171651672652
07362587,67,0.12967847287654877,0.0,0.9821285086329844,10,0.0,0.0,0.43455854058265686,0.4060207009315491,0.0366380668861851,0.406027298097323
07375000,49,-0.20946064591407776,0.0,0.9881459976754952,10,0.0,0.0,0.25459742546081543,0.33513733744621277,0.0005081655254214,0.334580046850234
08013000,27,-0.25217580795288086,0.0,0.9866805556612523,10,0.0,0.0,0.2500743865966797,0.32703012228012085,0.0032863361803717,0.341541507541045
08014500,31,-0.17822745442390442,0.0,0.9928931226474637,10,0.0,0.0,0.2766299843788147,0.30125272274017334,0.0022457658116513,0.318200179475129
08023080,49,0.2590036690235138,0.0,0.9925465394596289,10,0.0,0.0,0.4962471127510071,0.40789395570755005,0.0072046599774758,0.269821958678364
08050800,58,-0.39579296112060547,0.0,0.994494316830483,10,0.0,0.0,0.08309157937765121,0.14092642068862915,0.0196728968786143,0.178168051521147
08066200,63,-0.21482054889202118,0.0,0.9965214079879028,10,0.0,0.0,0.17623189091682434,0.19907566905021667,0.0023206818433828,0.242420744807787
08066300,42,-0.28605817258358,0.0,0.9881093205571077,10,0.0,0.0,0.17664700746536255,0.2047576904296875,0.0017530511421341,0.233217658691632
08070000,41,-0.3074713349342346,0.0,0.9826729173809539,10,0.0,0.0,0.17996244132518768,0.23264437913894653,0.0023807368074233,0.219556639195991
08070200,39,-0.12966741621494293,0.0,0.9829829160173781,10,0.0,0.0,0.21267852187156677,0.21917086839675903,0.0024550978464837,0.21389826931346
08082700,30,0.6413815319538116,0.0,0.9942703597482186,10,0.0,0.0,0.059418417513370514,0.03481355309486389,0.0128021384845558,0.0387175001311442
08086212,32,-0.3875082731246948,0.0,0.98749872884514,10,0.0,0.0,0.014683406800031662,0.021465210244059563,0.0131862313964449,0.0469552512122568
08086290,40,-0.26935604214668274,0.0,0.9911984111765038,10,0.0,0.0,0.029059620574116707,0.035332486033439636,0.0128799846435909,0.050715193778016
08101000,44,-0.45598481595516205,0.0,0.9907613321446336,10,0.0,0.0,0.04963083192706108,0.06699488312005997,0.0091795525039557,0.114503877198328
08103900,35,0.35936737060546875,0.0,0.9891556118591455,10,0.0,0.0,0.1424262970685959,0.09281251579523087,0.0092842421517583,0.135238209857094
08104900,48,-0.1468236818909645,0.0,0.9914923085228191,10,0.0,0.0,0.13849028944969177,0.10099847614765167,0.0093596117977168,0.153882444750875
08109700,29,-0.30422288179397583,0.0,0.9802081684489421,10,0.0,0.0,0.07473503053188324,0.057277143001556396,0.0051361625387599,0.112304472492967
08150800,28,0.3791181594133377,0.0,0.9961961683224517,10,0.0,0.0,0.04325253143906593,0.02916858345270157,0.0082340595135767,0.0453764764859353
08158700,25,-0.0376523956656456,0.0,0.9876476970745897,10,0.0,0.0,0.20732107758522034,0.15384918451309204,0.0064753537654614,0.165514923708389
08158810,26,0.04392828978598118,0.0,0.9824055230049409,10,0.0,0.0,0.19685861468315125,0.14945769309997559,0.0058462589398929,0.197548872474749
08164300,54,0.21193674951791763,0.0,0.9944766132361683,10,0.0,0.0,0.22189179062843323,0.20279017090797424,0.0021354784821483,0.159740283579307
08164600,44,-0.2207411676645279,0.0,0.995713722611332,10,0.0,0.0,0.19541862607002258,0.2009703516960144,0.0008978831137086,0.201082092093315
08165300,26,0.36749930679798126,0.0,0.9933998191244062,10,0.0,0.0,0.07568145543336868,0.055043336004018784,0.0056160383836324,0.090626058316987
08171300,25,-0.06071830540895462,0.0,0.9812278135438229,10,0.0,0.0,0.20651602745056152,0.11424319446086884,0.0043200262623378,0.166451867060032
08175000,36,0.004845540504902601,0.0,0.9853287416099995,10,0.0,0.0,0.06965914368629456,0.0581834614276886,0.0022293177664445,0.104975523829047
08176900,39,-0.26009663939476013,0.0,0.9922767082847948,10,0.0,0.0,0.0566391721367836,0.06374561786651611,0.0018005933498891,0.0954079187155143
08178880,25,0.22510360181331635,0.0,0.9905221965253576,10,0.0,0.0,0.16298343241214752,0.10748076438903809,0.0030449353276083,0.195574020499368
08189500,38,0.47560930252075195,0.0,0.9895279313294828,10,0.0,0.0,0.1258615255355835,0.09411054104566574,0.0016287321026845,0.0897844905328407
08190000,23,0.1548708975315094,0.0,0.9932715526003456,10,0.0,0.0,0.1917192041873932,0.12704327702522278,0.0037075564040486,0.137735058901615
08190500,15,0.06397876143455505,0.0,0.9945264364040682,10,0.0,0.0,0.022943194955587387,0.019197333604097366,0.0044907633248583,0.0274013533232585
08194200,35,0.3518790006637573,0.0,0.9958935501619227,10,0.0,0.0,0.07035472989082336,0.054198428988456726,0.0005535601264272,0.0517449406057631
08195000,27,0.06667712330818176,0.0,0.9900158605409294,10,0.0,0.0,0.1696777492761612,0.1358032077550888,0.0043576302166992,0.164256659942217
08196000,27,-0.08341652154922485,0.0,0.9923611877107862,10,0.0,0.0,0.13336175680160522,0.12935128808021545,0.0023896281867178,0.130892849945615
08198500,15,0.3123142421245575,0.0,0.9923267161792623,10,0.0,0.0,0.08682481944561005,0.0627075731754303,0.0030982528891208,0.0735109780360541
08200000,28,0.10116342082619667,0.0,0.9791921706585173,10,0.0,0.0,0.14187970757484436,0.11612774431705475,0.0026284470487446,0.21250790107555
08202700,15,0.3612227439880371,0.0,0.9797579485186936,10,0.0,0.0,0.11960937082767487,0.08792342245578766,0.002762016493395,0.0258045827961195
08267500,14,-0.7385163605213165,0.5,0.821613035283574,10,0.0,0.0,0.19721326231956482,0.4028303921222687,0.471388008193727,0.524049440519494
08269000,15,-0.8257995843887329,5.0,0.6647170171252836,10,0.0,0.0,0.07306590676307678,0.22078213095664978,0.401645682298287,0.261166706294566
08271000,14,-0.570303350687027,2.5,0.8579956853947242,10,0.0,0.0,0.3582403361797333,0.520534873008728,0.48400245009705,0.666432634518918
08324000,21,-0.4086079001426697,0.0,0.9437529048283176,10,0.0,0.0,0.08503187447786331,0.08162305504083633,0.365429081915842,0.0922334932747951
08377900,14,-0.6502756178379059,1.0,0.7871253959099386,10,0.0,0.0,0.2540206015110016,0.23400428891181946,0.466213354634129,0.310957972220408
08378500,16,-0.6203889548778534,0.5,0.758092775768999,10,0.0,0.0,0.14912815392017365,0.20207425951957703,0.449989328985624,0.300370907400064
08380500,28,0.21218612045049667,0.0,0.9196264905967231,10,0.0,0.0,0.32956042885780334,0.1791151463985443,0.291104431145414,0.163351203822241
09035800,14,-0.43887950479984283,0.0,0.8583295997008633,10,0.0,0.0,0.32060694694519043,0.49367523193359375,0.703715181667891,0.380011959504274
09035900,12,-0.136356171220541,2.0,0.8528617226936813,10,0.1,0.0,0.9614028930664062,0.6760423183441162,0.689823885415144,0.475192455880072
09047700,11,-0.4784725606441498,0.0,0.9492680311575257,10,0.0,0.0,0.35496193170547485,0.3243023753166199,0.626945100722261,0.330056579870562
09065500,17,-0.12677663564682007,0.0,0.8999439475221944,10,0.0,0.0,0.5372560620307922,0.732534646987915,0.715530725661926,0.747626273613583
09066000,15,-0.3893183767795563,4.0,0.7826495343127305,10,0.0,0.0,0.35132455825805664,0.4787277579307556,0.682272756610747,0.538534601985644
09066200,19,-0.39742785692214966,0.0,0.8965970320934362,10,0.0,0.0,0.430505633354187,0.49512362480163574,0.712216418137875,0.647892981627157
09066300,13,-0.4643746018409729,1.0,0.8730707527780915,10,0.0,0.0,0.20798274874687195,0.29533353447914124,0.688317497264152,0.334278642359224
09081600,16,-0.055221159011125565,0.0,0.9229347476933198,10,0.0,0.0,0.7869459390640259,0.660765528678894,0.66474212387336,0.612676391661007
09107000,14,-0.09846123307943344,0.0,0.9337084177259328,10,0.0,0.0,0.4707631468772888,0.35854223370552063,0.672583021372504,0.426483220711626
09210500,13,-0.5024484992027283,2.0,0.8467077104773038,10,0.0,0.0,0.45437362790107727,0.2783825695514679,0.65472507476901,0.271200338672066
09223000,13,-0.5074734091758728,2.0,0.8323464549889763,10,0.0,0.0,0.3642958402633667,0.32115375995635986,0.698323179997837,0.329654516101278
09306242,3,-0.7396149635314941,5.0,-0.2273800200295575,10,0.0,0.0,0.01936868205666542,0.01851549744606018,0.35800746386243,0.0263598606044462
09312600,11,-0.7246106863021851,5.0,0.5209131691364709,10,0.0,0.0,0.05753125995397568,0.12474814057350159,0.604725963590861,0.172379188104023
09352900,25,-0.053028736263513565,0.0,0.9685791287816282,10,0.0,0.0,0.8338804244995117,0.6798070669174194,0.633893898746821,0.729913989519889
09378170,16,-0.6887562870979309,2.5,0.8028816152083906,10,0.0,0.0,0.05415816977620125,0.06367276608943939,0.504005221672301,0.104163876998219
09386900,13,-0.8090896010398865,1.0,0.6243432745450146,10,0.0,0.0,0.01110733300447464,0.016524944454431534,0.307507544080434,0.0481175979052244
09404450,19,-0.2438468039035797,1.0,0.8923924650217914,10,0.0,0.0,0.1446155607700348,0.12077483534812927,0.423599939585063,0.132117048750446
09430600,35,0.30561766028404236,0.0,0.9808600007197475,10,0.0,0.0,0.2869925796985626,0.18096214532852173,0.21287165392999,0.246025487298927
09447800,11,-0.703256368637085,0.0,0.9172403655094267,10,0.0,0.0,0.006208294536918402,0.0079090790823102,0.0394826699276366,0.0337454751591765
09484600,11,0.24373094737529755,0.0,0.9891828184877449,10,0.0,0.0,0.011127810925245285,0.00917631946504116,0.0101482581857307,0.0094151872842833
09492400,22,-0.419940710067749,1.0,0.9505955397746979,10,0.0,0.0,0.1497465968132019,0.37589406967163086,0.271766261706385,0.328067615387883
09494000,23,-0.19180074334144592,0.0,0.9631217778795075,10,0.0,0.0,0.18825922906398773,0.15595433115959167,0.235554110470522,0.145503783317459
09497980,27,0.1369369775056839,0.0,0.9777339698679804,10,0.0,0.0,0.029348434880375862,0.056079670786857605,0.0796650506390503,0.0813898000721534
09505350,25,-0.22747066617012024,0.0,0.9714778114674598,10,0.0,0.0,0.1678130328655243,0.14640286564826965,0.198936492502152,0.147836512236305
09505800,25,0.599000871181488,0.0,0.9746197448961442,10,0.0,0.0,0.1976960152387619,0.13914836943149567,0.284069099376475,0.121010964399513
09508300,33,0.33963942527770996,0.0,0.9869569010815061,10,0.0,0.0,0.2183208465576172,0.16072405874729156,0.0401188085303456,0.241992503592179
09510200,24,-0.07782518118619919,0.0,0.9888199597144689,10,0.0,0.0,0.07068923860788345,0.0632706731557846,0.0061243701078094,0.123444596314039
09512280,28,-0.29070037603378296,0.0,0.9873948110200402,10,0.0,0.0,0.009181220084428787,0.01998276263475418,0.0046420695661842,0.0794205470903596
09513780,25,-0.3372807204723358,0.0,0.9866171690351366,10,0.0,0.0,0.03228675574064255,0.06153298169374466,0.0042560892003911,0.134936348865033
10234500,14,-0.527611255645752,2.5,0.8948914514621322,10,0.0,0.0,0.13893640041351318,0.2315720170736313,0.632069679226265,0.268352729963186
10244950,9,-0.47204405069351196,1.0,0.7393999497730717,10,0.0,0.0,0.21239644289016724,0.2685525417327881,0.656356436998628,0.34579009802954
10259000,17,-0.038239166140556335,0.0,0.9861017421311632,10,0.0,0.0,0.42890870571136475,0.348666250705719,0.0335249004621377,0.274548383200421
10336645,23,-0.21276837587356567,0.0,0.9383013299564167,10,0.0,0.0,0.6387604475021362,0.6587275266647339,0.665304872565722,0.579424357104097
10336660,23,-0.206698477268219,0.0,0.9687689857777928,10,0.7,0.5,1.1614553928375244,0.9841690063476562,0.668727842270536,0.744623624561515
10343500,16,-0.20011930167675018,0.0,0.930178811681281,10,0.0,0.0,0.40397948026657104,0.3154962658882141,0.714981248450698,0.370745589231852
11124500,22,0.10008465871214867,0.0,0.9940097820230264,10,0.0,0.0,0.10701154172420502,0.12971994280815125,0.0230381055615776,0.175553570700918
11141280,22,0.10427749156951904,0.0,0.9888603616597199,10,0.0,0.0,0.2708219289779663,0.23817816376686096,0.0007877803924076,0.233164536358994
11143000,22,0.11750609427690506,0.0,0.9785787787001884,10,0.0,0.0,0.7690998315811157,0.6598705649375916,0.0254379399486261,0.712873135830549
11148900,26,0.08734545111656189,0.0,0.9796185257400511,10,0.3,0.0,0.8330287933349609,0.7331608533859253,0.003526794606684,0.435278172090568
11151300,27,-0.08375463634729385,0.0,0.9820243640422149,10,0.0,0.0,0.07285317778587341,0.05688988044857979,0.0038403901400884,0.0495185704499369
11176400,21,-0.13661758601665497,0.0,0.9764212522001398,10,0.0,0.0,0.11489390581846237,0.1452595591545105,0.016307003804813,0.174046185483211
11230500,18,-0.28741827607154846,0.0,0.9224384697484764,10,0.0,0.0,0.42898571491241455,0.46873044967651367,0.902963679881608,0.851820989551536
11237500,16,-0.08648769557476044,0.0,0.9550054368096541,10,0.0,0.0,0.8349887132644653,0.6594280004501343,0.749856960685691,0.64142496461221
11264500,19,-0.07193157821893692,0.0,0.9684457357612041,10,0.0,0.0,0.7606008052825928,0.67579185962677,0.90632692590849,0.735110166350866
11266500,20,-0.052821431308984756,0.0,0.9582906318095872,10,0.0,0.0,0.7415907979011536,0.6287909150123596,0.885217452223562,0.712534992705284
11284400,24,-0.1729389801621437,0.0,0.9867386798718267,10,0.0,0.0,0.14222940802574158,0.18042343854904175,0.0365047230850116,0.188246201523947
11381500,38,0.13222061097621918,0.0,0.9832128120892178,10,0.0,0.0,0.7562272548675537,0.6673465967178345,0.165026130486202,0.64135298214207
11451100,30,-0.2199895828962326,0.0,0.9834527494622984,10,0.0,0.0,0.5435113310813904,0.5488417148590088,0.123536359034925,0.612757545399028
11468500,30,0.06859936378896236,0.0,0.9939777142064725,10,0.0,0.0,0.4799497723579407,0.5055140256881714,0.000524205133848,0.497382681629294
11473900,33,0.20562806725502014,0.0,0.9918415725929236,10,0.0,0.0,0.5033430457115173,0.4450344443321228,0.262478357358648,0.504426394629391
11475560,31,0.08537763357162476,0.0,0.9904086258604308,10,0.1,0.0,0.7435675859451294,0.7679245471954346,0.138629337971597,0.705529985365452
11476600,34,0.15993865579366684,0.0,0.9861503290414726,10,0.2,0.0,0.8741986751556396,0.8014554977416992,0.0120106292964887,0.739658757501387
11478500,39,0.11090026050806046,0.0,0.9712663424678764,10,0.8,0.5,1.112659215927124,0.9613730907440186,0.157314421019928,0.74860834417216
11480390,32,-0.0077502308413386345,0.0,0.9815532498359585,10,0.0,0.0,0.5358523726463318,0.5219690203666687,0.299512506046178,0.573049685612827
11481200,38,0.1036737784743309,0.0,0.9882667050199336,10,0.0,0.0,0.6470913290977478,0.6452341079711914,0.0016368255310898,0.678144003969703
11482500,35,0.10425949096679688,0.0,0.9843124109249262,10,0.0,0.0,0.7511050701141357,0.7284114360809326,0.0131812044990649,0.682156835847836
11522500,32,0.18580640107393265,0.0,0.9850947241795607,10,0.3,0.1,0.8894348740577698,0.7412768602371216,0.249129777057898,0.694192160672921
11523200,26,-0.14224768429994583,0.0,0.9821442533597663,10,0.6,0.0,1.0321927070617676,0.8194706439971924,0.431707151976883,0.904513883657718
11528700,29,-0.17893409729003906,0.0,0.9841758839336218,10,0.0,0.0,0.5091994404792786,0.45963168144226074,0.271305322327506,0.427862084294797
11532500,41,0.0159488245844841,0.0,0.9883490305585925,10,0.1,0.0,0.8732815980911255,0.8502916097640991,0.0485353765496996,0.965472332510272
12010000,47,0.06630893051624298,0.0,0.9928722316346292,10,0.0,0.0,0.8722473978996277,0.8488763570785522,0.0236362361738051,0.9077853632617
12013500,43,0.11130911111831665,0.0,0.9934008897076263,10,0.0,0.0,0.7330548763275146,0.6852049827575684,0.0174156764185481,0.676634731688222
12020000,47,0.12263815850019455,0.0,0.9879351154676105,10,0.3,0.1,0.931878387928009,0.9079310894012451,0.043553396693619,0.658297266348249
12025700,45,0.16664521396160126,0.0,0.9772790087401078,10,0.5,0.2,1.0111451148986816,0.9509295225143433,0.0905767573548292,0.949755164146208
12035000,48,0.054542383179068565,0.0,0.9873104909352124,10,0.5,0.2,0.9968969821929932,0.953283429145813,0.0220218880896681,0.966568257172344
12040500,55,-0.1009359210729599,0.0,0.9784971863264221,10,0.7,0.9,1.0484819412231445,1.069681167602539,0.0670917839751389,1.18809309543026
12041200,51,0.15648731589317322,0.0,0.9845158226465452,10,0.8,0.8,1.1145076751708984,1.0633697509765625,0.179574104744132,1.23119690940251
12048000,44,-0.23366741091012955,0.0,0.9799098122780849,10,0.0,0.0,0.398602157831192,0.3692755699157715,0.498197653251076,0.488962857884177
12054000,55,0.08466603606939316,0.0,0.9705240753570396,10,0.6,0.3,1.0129362344741821,0.9659895896911621,0.379149578248129,1.03248961321364
12056500,58,0.0763578936457634,0.0,0.9678791372780076,10,0.5,0.2,1.0175760984420776,0.9802372455596924,0.338574932035289,1.24447701455561
12073500,37,-0.13100261986255646,0.0,0.993402092041933,10,0.0,0.0,0.44434380531311035,0.4435786306858063,0.0156016658711511,0.423419990043446
12082500,45,-0.09748875349760056,0.0,0.9825301732900913,10,0.1,0.0,0.8782421946525574,0.8047603964805603,0.39878651405721,0.77720332124623
12092000,56,-0.056421926245093346,0.0,0.9815935058408516,10,0.0,0.0,0.7925606966018677,0.755174994468689,0.513670726431351,0.74504962203191
12114500,45,-0.21180978417396545,0.0,0.9895526172490523,10,0.6,0.0,1.0443296432495117,0.8523164987564087,0.40651703888364,0.795456833072183
12115000,46,-0.21916788071393967,0.0,0.983554731396614,10,0.4,0.0,0.9814928770065308,0.8441917896270752,0.338944352402744,0.813411205404923
12117000,42,-0.16961082816123962,0.0,0.9887479077923139,10,0.0,0.0,0.7823076248168945,0.7708475589752197,0.12519943348901,0.784869328130058
12143600,51,-0.17202866077423096,0.0,0.9888827879913935,10,0.3,0.0,0.9309574365615845,0.8642300367355347,0.311622046373118,0.855120680670142
12144000,52,-0.1080174408853054,0.0,0.9846138788981211,10,0.2,0.0,0.9165156483650208,0.8925468921661377,0.220551545924003,0.893443567186986
12145500,48,-0.19070125371217728,0.0,0.9867831672148049,10,0.0,0.0,0.7391224503517151,0.7739127278327942,0.0448546378807159,0.682937898110203
12147500,60,-0.031853760592639446,0.0,0.969887633549947,10,1.0,1.0,1.3471949100494385,1.2450692653656006,0.159041201436992,1.03858873689635
12167000,53,-0.13589192926883698,0.0,0.9849453173791681,10,0.9,0.9,1.1733710765838623,1.0768213272094727,0.131187744738816,1.01530122058151
12175500,40,0.028932027518749237,0.0,0.9638108907880318,10,0.4,0.2,0.9584134817123413,0.9277918338775635,0.690360443229126,1.04697214505174
12178100,55,-0.19104433059692383,0.0,0.9673529546270019,10,0.5,0.1,1.0163294076919556,0.934528112411499,0.52956688772688,1.02751144811746
12186000,51,-0.12487782537937164,0.0,0.9748035522378801,10,1.0,0.9,1.1527737379074097,1.0626578330993652,0.435652191884185,1.04332228256023
12189500,54,-0.1092185527086258,0.0,0.9799855715053091,10,0.4,0.0,0.9195921421051025,0.86102694272995,0.457875714546575,0.979747020167523
12375900,24,-0.11100389063358307,0.5,0.9443756092161384,10,0.0,0.0,0.732353687286377,0.6832916736602783,0.606515526539202,0.702115725004103
12377150,28,-0.04943813197314739,1.0,0.882113141403936,10,0.4,0.4,0.9570841193199158,0.9874335527420044,0.719886653780668,0.90991667334367
12381400,16,-0.02332265116274357,0.0,0.9672796993367128,10,0.0,0.0,0.5491359233856201,0.3844785690307617,0.594005153419735,0.320632987748681
12383500,16,-0.009269431233406067,1.0,0.8748201818914838,10,0.0,0.0,0.6882908344268799,0.5424982309341431,0.612621722100952,0.458898683455222
12390700,27,0.17299388349056244,0.0,0.9490168782192997,10,0.0,0.0,0.5957711935043335,0.40201425552368164,0.519487009712609,0.372709466584371
12411000,33,-0.25559794902801514,0.0,0.9338543043777833,10,0.0,0.0,0.6562210917472839,0.549053430557251,0.464485512558355,0.560408545386013
12447390,17,-0.4869075417518616,1.0,0.8878169408296028,10,0.0,0.0,0.5150389075279236,0.5235771536827087,0.777311497508566,0.533608238468684
12451000,27,-0.033601805567741394,0.0,0.9576187547389259,10,0.3,0.0,0.8107860088348389,0.7986692190170288,0.716767081202258,0.936998954989659
12488500,26,-0.3522452563047409,0.0,0.9650823290172803,10,0.0,0.0,0.4597313106060028,0.5084480047225952,0.641918995401996,0.57339268380189
13011500,17,-0.43950557708740234,0.0,0.822634050962706,10,0.0,0.0,0.45247817039489746,0.49760913848876953,0.658713268212353,0.668578967333135
13011900,18,-0.059045618399977684,0.5,0.9266989565118393,10,0.0,0.0,0.6224033832550049,0.5108391046524048,0.704607069419076,0.616590141711822
13018300,12,-0.42933879792690277,1.0,0.8945294369061173,10,0.0,0.0,0.30556464195251465,0.38017308712005615,0.65711853695655,0.448944547642731
13023000,13,-0.2961793541908264,1.0,0.968379919513902,10,0.0,0.0,0.3312268555164337,0.4131958484649658,0.646858624758436,0.527241908642763
13161500,17,-0.48686742782592773,1.0,0.9546051806883636,10,0.0,0.0,0.1506747156381607,0.1707300841808319,0.518679342368851,0.162174610645163
13235000,16,-0.18025366216897964,0.0,0.90692208152743,10,0.2,0.1,0.842693567276001,0.6713525056838989,0.677895075896552,0.646655449282774
13240000,21,-0.2092209756374359,0.0,0.9017788610143315,10,0.0,0.0,0.6686487197875977,0.735988974571228,0.726533471798391,0.792020424720286
13313000,16,0.011905810795724392,0.0,0.8487708049759717,10,0.0,0.0,0.5493512749671936,0.4775920510292053,0.744536050209931,0.38940833762089
13331500,25,0.06315082311630249,0.0,0.9586680278216524,10,0.2,0.0,0.9085050821304321,0.6422138214111328,0.55788094452843,0.633162763724045
14020000,33,-0.12989287078380585,0.0,0.9661088836861593,10,0.5,0.1,0.9598269462585449,0.8145071268081665,0.355358222004398,0.623461911349008
14096850,25,-0.2939335107803345,0.0,0.980345104189661,10,0.0,0.0,0.18837031722068787,0.21171218156814575,0.244750228496234,0.211598952654545
14137000,47,-0.15067914128303528,0.0,0.9817825396098652,10,0.0,0.0,0.8227231502532959,0.7850099802017212,0.324496374801996,0.749967410409279
14138800,55,-0.1303471475839615,0.0,0.9635777294969605,10,0.8,0.3,1.1549745798110962,0.947867214679718,0.317266212149897,0.842295649815027
14138870,54,-0.05164753645658493,0.0,0.9663303456030199,10,0.0,0.0,0.8404418230056763,0.8337545394897461,0.229049355466927,0.718656088185619
14138900,52,0.08452823385596275,0.0,0.9739437400128796,10,1.0,1.0,1.2519164085388184,1.0764412879943848,0.221358389006793,0.900243308503612
14139800,55,0.07186391949653625,0.0,0.9603168713143295,10,0.8,0.3,1.087144136428833,0.978653609752655,0.183197955663698,0.857852693578116
14141500,55,0.15910084545612335,0.0,0.9793223073046914,10,0.3,0.0,0.9341217279434204,0.868151068687439,0.142882264769743,0.757046730934637
14154500,49,-0.11723986268043518,0.0,0.9850902522559178,10,0.0,0.0,0.6038080453872681,0.595450758934021,0.135550710091939,0.542897416913551
14158790,44,-0.1406877189874649,0.0,0.9663358302650249,10,0.2,0.0,0.8233754634857178,0.8100996017456055,0.365056630377127,0.853037982252662
14166500,36,0.11593906953930855,0.0,0.9897575860246213,10,0.0,0.0,0.7891253232955933,0.6622686386108398,0.0106763012784076,0.470724139970394
14182500,49,0.0638628751039505,0.0,0.964041981644048,10,0.8,0.4,1.0375977754592896,0.983877956867218,0.146759311242181,0.950057873927566
14185000,45,0.04293854907155037,0.0,0.9617251272162514,10,0.0,0.0,0.7980411648750305,0.7653681039810181,0.178107252284554,0.748863993797453
14185900,48,-0.07293371669948101,0.0,0.9590953736464021,10,0.8,0.7,1.127129077911377,1.0221378803253174,0.187297518505713,0.908166294807225
14187000,45,-0.10553082823753357,0.0,0.9785435893302143,10,0.0,0.0,0.6833438873291016,0.6627112627029419,0.0895194173938424,0.649902673309764
14216500,42,-0.20598948001861572,0.0,0.9544617280075838,10,0.3,0.0,0.9487094879150391,0.9061646461486816,0.295816183757834,0.826949028526752
14222500,45,0.13106176257133484,0.0,0.9780174267761367,10,0.3,0.0,0.9145594835281372,0.8443071842193604,0.0900274241194852,0.718130606328521
14236200,47,0.07492800801992416,0.0,0.9729674779557851,10,0.6,0.2,1.0069843530654907,0.9607982635498047,0.11471395531314,0.978564295921656
14301000,37,0.0016560504445806146,0.0,0.9932472146962296,10,0.0,0.0,0.577904224395752,0.5861493945121765,0.0324798903206775,0.621775558824827
14303200,39,-0.046080753207206726,0.0,0.9903806167716472,10,0.0,0.0,0.6913754343986511,0.7126805782318115,0.088754104072909,0.800308618058677
14305500,47,0.12497322261333466,0.0,0.9923502014044281,10,0.1,0.0,0.9466779232025146,0.8816139101982117,0.0257414277847911,0.99025270322957
14306340,43,-0.09817679226398468,0.0,0.9875832483962954,10,0.0,0.0,0.7019703388214111,0.6955571174621582,0.0693804146431187,0.64121131832546
14306500,40,-0.005472318938700482,0.0,0.98892351155184,10,0.0,0.0,0.6344664096832275,0.6082200407981873,0.0202982706122534,0.610330812294959
14308990,35,-0.2653055787086487,0.0,0.9724342562138275,10,0.0,0.0,0.3149212598800659,0.36891764402389526,0.135825515539971,0.343557361990608
14309500,41,-0.009815198369324207,0.0,0.9864499358183665,10,0.0,0.0,0.5559662580490112,0.513117253780365,0.0612553691709827,0.493734021695294
14316700,46,-0.19784510135650635,0.0,0.9710608965861209,10,0.0,0.0,0.6629856824874878,0.6707754135131836,0.176336580742005,0.643997143591881
14325000,45,-0.11412259191274643,0.0,0.9871630969360488,10,0.0,0.0,0.5761368274688721,0.5977993011474609,0.0302033920558714,0.64665721307564
14362250,23,0.5373177528381348,0.0,0.965103376208077,10,0.0,0.0,0.1548057198524475,0.12922847270965576,0.141500009350329,0.119357982098672
14400000,42,0.033161623403429985,0.0,0.9899975672802079,10,0.4,0.3,0.9193833470344543,0.9291456937789917,0.0243303906906382,1.36213210945676
