basin_id,model,period,nse,kge,bias,peak_bias,lowflow_bias,parameter_count,solver_name,family,run_status,error_message,_elapsed_s,state_init_mode
01022500,xaj_pdd,evaluation,0.447138,0.62288,0.041751,-0.209932,2.806261,20,explicit_euler,xaj,success,,1031.94,cal_final_2008-09-30
01031500,xaj_pdd,evaluation,0.51508,0.690944,0.110408,-0.166421,5.492758,20,explicit_euler,xaj,success,,1031.48,cal_final_2008-09-30
01047000,xaj_pdd,evaluation,0.583505,0.668765,0.094666,-0.224226,3.462512,20,explicit_euler,xaj,success,,1013.1,cal_final_2008-09-30
01052500,xaj_pdd,evaluation,0.70687,0.794173,0.047495,-0.213668,2.56572,20,explicit_euler,xaj,success,,1080.45,cal_final_2008-09-30
01054200,xaj_pdd,evaluation,0.552966,0.588154,0.090275,-0.232469,4.237423,20,explicit_euler,xaj,success,,1042.42,cal_final_2008-09-30
01055000,xaj_pdd,evaluation,0.544605,0.559088,0.180247,-0.225515,5.455519,20,explicit_euler,xaj,success,,1031.64,cal_final_2008-09-30
01057000,xaj_pdd,evaluation,0.505419,0.576252,0.123153,-0.237725,7.174571,20,explicit_euler,xaj,success,,1052.59,cal_final_2008-09-30
01073000,xaj_pdd,evaluation,0.598328,0.769912,0.11975,-0.202601,7.671178,20,explicit_euler,xaj,success,,1067.97,cal_final_2008-09-30
01078000,xaj_pdd,evaluation,0.605121,0.785596,0.059735,-0.18289,3.688393,20,explicit_euler,xaj,success,,1035.05,cal_final_2008-09-30
01123000,xaj_pdd,evaluation,0.381712,0.529774,0.201166,-0.222992,4.409443,20,explicit_euler,xaj,success,,1039.36,cal_final_2008-09-30
01134500,xaj_pdd,evaluation,0.573699,0.674277,0.142961,-0.161116,2.932023,20,explicit_euler,xaj,success,,1036.51,cal_final_2008-09-30
01137500,xaj_pdd,evaluation,0.436246,0.39143,0.507103,-0.047707,3.177117,20,explicit_euler,xaj,success,,1034.49,cal_final_2008-09-30
01139000,xaj_pdd,evaluation,0.557506,0.621567,0.050261,-0.267298,2.383637,20,explicit_euler,xaj,success,,1033.41,cal_final_2008-09-30
01139800,xaj_pdd,evaluation,0.502304,0.612817,0.066202,-0.247064,2.74387,20,explicit_euler,xaj,success,,1050.28,cal_final_2008-09-30
01142500,xaj_pdd,evaluation,0.488028,0.611701,0.14292,-0.233602,3.540101,20,explicit_euler,xaj,success,,1049.63,cal_final_2008-09-30
01144000,xaj_pdd,evaluation,0.484917,0.64235,0.191379,-0.185947,3.592086,20,explicit_euler,xaj,success,,1049.3,cal_final_2008-09-30
01162500,xaj_pdd,evaluation,0.460705,0.522653,0.142071,-0.274538,8.90322,20,explicit_euler,xaj,success,,1048.52,cal_final_2008-09-30
01169000,xaj_pdd,evaluation,0.370955,0.584212,0.245921,-0.1188,5.168882,20,explicit_euler,xaj,success,,1050.51,cal_final_2008-09-30
01170100,xaj_pdd,evaluation,0.394992,0.555467,0.215724,-0.185029,5.639173,20,explicit_euler,xaj,success,,1052.18,cal_final_2008-09-30
01181000,xaj_pdd,evaluation,0.399355,0.617895,0.168577,-0.165788,5.721881,20,explicit_euler,xaj,success,,1046.86,cal_final_2008-09-30
01187300,xaj_pdd,evaluation,0.49059,0.570191,0.133338,-0.232062,10.659452,20,explicit_euler,xaj,success,,1054.87,cal_final_2008-09-30
01195100,xaj_pdd,evaluation,0.375355,0.46593,0.221749,-0.243597,14.339672,20,explicit_euler,xaj,success,,1059.79,cal_final_2008-09-30
01333000,xaj_pdd,evaluation,0.337301,0.490486,0.222076,-0.257838,5.202567,20,explicit_euler,xaj,success,,1049.38,cal_final_2008-09-30
01350000,xaj_pdd,evaluation,0.523549,0.530741,0.071023,-0.31416,9.802718,20,explicit_euler,xaj,success,,1027.57,cal_final_2008-09-30
01350080,xaj_pdd,evaluation,0.374397,0.313289,0.119263,-0.450554,12.738927,20,explicit_euler,xaj,success,,1057.41,cal_final_2008-09-30
01350140,xaj_pdd,evaluation,0.256873,0.264364,0.40296,-0.259339,26.059985,20,explicit_euler,xaj,success,,1071.91,cal_final_2008-09-30
01365000,xaj_pdd,evaluation,0.591308,0.646284,0.014057,-0.239779,2.77377,20,explicit_euler,xaj,success,,1116.01,cal_final_2008-09-30
01411300,xaj_pdd,evaluation,0.408277,0.623612,0.037662,-0.348111,1.393384,20,explicit_euler,xaj,success,,1053.29,cal_final_2008-09-30
01413500,xaj_pdd,evaluation,0.39879,0.351376,0.109528,-0.39734,8.468534,20,explicit_euler,xaj,success,,1056.27,cal_final_2008-09-30
01414500,xaj_pdd,evaluation,0.409969,0.378663,0.031029,-0.395709,6.155969,20,explicit_euler,xaj,success,,1052.05,cal_final_2008-09-30
01415000,xaj_pdd,evaluation,0.44371,0.447707,0.142445,-0.329466,8.292908,20,explicit_euler,xaj,success,,1058.97,cal_final_2008-09-30
01423000,xaj_pdd,evaluation,0.473485,0.479568,0.146763,-0.327205,8.880914,20,explicit_euler,xaj,success,,1088.49,cal_final_2008-09-30
01434025,xaj_pdd,evaluation,0.559388,0.616677,0.044745,-0.268356,4.414917,20,explicit_euler,xaj,success,,1068.63,cal_final_2008-09-30
01435000,xaj_pdd,evaluation,0.576437,0.582811,-0.013056,-0.265712,2.213887,20,explicit_euler,xaj,success,,1060.9,cal_final_2008-09-30
01439500,xaj_pdd,evaluation,0.378434,0.516538,-0.014401,-0.326541,5.196092,20,explicit_euler,xaj,success,,1087.17,cal_final_2008-09-30
01440000,xaj_pdd,evaluation,0.383375,0.479873,0.053213,-0.314613,4.659544,20,explicit_euler,xaj,success,,1431.0,cal_final_2008-09-30
01440400,xaj_pdd,evaluation,0.39067,0.573276,0.100692,-0.245828,4.493256,20,explicit_euler,xaj,success,,1462.02,cal_final_2008-09-30
01451800,xaj_pdd,evaluation,0.488764,0.54798,0.006043,-0.332647,3.222665,20,explicit_euler,xaj,success,,1449.18,cal_final_2008-09-30
01466500,xaj_pdd,evaluation,-1.223084,0.092989,0.766782,0.172103,1.815743,20,explicit_euler,xaj,success,,1451.39,cal_final_2008-09-30
01484100,xaj_pdd,evaluation,0.089091,0.09537,0.470513,-0.235312,3.961175,20,explicit_euler,xaj,success,,1446.8,cal_final_2008-09-30
01487000,xaj_pdd,evaluation,0.26161,0.500251,0.341429,-0.105289,2.126884,20,explicit_euler,xaj,success,,1444.84,cal_final_2008-09-30
01491000,xaj_pdd,evaluation,0.506873,0.561049,0.36103,-0.088091,4.974482,20,explicit_euler,xaj,success,,1456.92,cal_final_2008-09-30
01510000,xaj_pdd,evaluation,0.514118,0.507843,0.170276,-0.320942,8.750496,20,explicit_euler,xaj,success,,1463.14,cal_final_2008-09-30
01516500,xaj_pdd,evaluation,0.386268,0.314892,0.29557,-0.325679,21.008106,20,explicit_euler,xaj,success,,1461.99,cal_final_2008-09-30
01518862,xaj_pdd,evaluation,0.464725,0.408416,0.233087,-0.354652,20.67706,20,explicit_euler,xaj,success,,1446.58,cal_final_2008-09-30
01532000,xaj_pdd,evaluation,0.335106,0.316583,0.115249,-0.354531,13.198348,20,explicit_euler,xaj,success,,1500.79,cal_final_2008-09-30
01539000,xaj_pdd,evaluation,0.383855,0.515417,0.014141,-0.335298,4.372392,20,explicit_euler,xaj,success,,1475.23,cal_final_2008-09-30
01542810,xaj_pdd,evaluation,0.369306,0.421044,0.198091,-0.310491,14.632553,20,explicit_euler,xaj,success,,1025.4,cal_final_2008-09-30
01543000,xaj_pdd,evaluation,0.430859,0.491011,0.189837,-0.272939,11.317686,20,explicit_euler,xaj,success,,1033.59,cal_final_2008-09-30
01543500,xaj_pdd,evaluation,0.42433,0.486846,0.173839,-0.284479,10.713048,20,explicit_euler,xaj,success,,1039.43,cal_final_2008-09-30
01544500,xaj_pdd,evaluation,0.479096,0.469508,0.055021,-0.329374,8.350022,20,explicit_euler,xaj,success,,1039.1,cal_final_2008-09-30
01545600,xaj_pdd,evaluation,0.495146,0.484459,0.004677,-0.351265,7.14317,20,explicit_euler,xaj,success,,1037.09,cal_final_2008-09-30
01547700,xaj_pdd,evaluation,0.433867,0.4949,0.217341,-0.279395,14.826679,20,explicit_euler,xaj,success,,1038.98,cal_final_2008-09-30
01548500,xaj_pdd,evaluation,0.496078,0.495,0.06818,-0.342152,7.858805,20,explicit_euler,xaj,success,,1049.84,cal_final_2008-09-30
01549500,xaj_pdd,evaluation,0.456559,0.408197,0.01344,-0.412502,11.454786,20,explicit_euler,xaj,success,,1058.4,cal_final_2008-09-30
01550000,xaj_pdd,evaluation,0.446543,0.42314,-0.00829,-0.387568,6.791812,20,explicit_euler,xaj,success,,1046.78,cal_final_2008-09-30
01552000,xaj_pdd,evaluation,0.449762,0.429602,-0.01585,-0.386356,6.37913,20,explicit_euler,xaj,success,,1058.86,cal_final_2008-09-30
01552500,xaj_pdd,evaluation,0.437072,0.467449,0.011246,-0.302849,5.950662,20,explicit_euler,xaj,success,,1044.55,cal_final_2008-09-30
01557500,xaj_pdd,evaluation,0.386883,0.584946,0.113014,-0.272469,5.354789,20,explicit_euler,xaj,success,,1069.08,cal_final_2008-09-30
01567500,xaj_pdd,evaluation,0.276955,0.323709,0.16067,-0.349454,3.400186,20,explicit_euler,xaj,success,,1026.31,cal_final_2008-09-30
01568000,xaj_pdd,evaluation,0.381538,0.438962,0.13491,-0.328065,4.648839,20,explicit_euler,xaj,success,,1037.23,cal_final_2008-09-30
01580000,xaj_pdd,evaluation,0.402689,0.394326,0.207444,-0.253516,1.799029,20,explicit_euler,xaj,success,,1048.1,cal_final_2008-09-30
01583500,xaj_pdd,evaluation,0.326147,0.318169,0.326607,-0.198222,2.160726,20,explicit_euler,xaj,success,,1049.45,cal_final_2008-09-30
01586610,xaj_pdd,evaluation,0.470694,0.47794,0.272212,-0.223825,2.64621,20,explicit_euler,xaj,success,,1046.49,cal_final_2008-09-30
01591400,xaj_pdd,evaluation,0.419569,0.304304,0.424089,-0.11667,3.312294,20,explicit_euler,xaj,success,,1065.63,cal_final_2008-09-30
01594950,xaj_pdd,evaluation,0.428412,0.52478,0.30165,-0.189306,37.163572,20,explicit_euler,xaj,success,,1069.91,cal_final_2008-09-30
01596500,xaj_pdd,evaluation,0.483616,0.534706,0.166253,-0.290278,13.471443,20,explicit_euler,xaj,success,,1035.02,cal_final_2008-09-30
01605500,xaj_pdd,evaluation,0.329628,0.467867,0.367956,-0.219348,4.42678,20,explicit_euler,xaj,success,,1048.32,cal_final_2008-09-30
01606500,xaj_pdd,evaluation,0.445497,0.439973,0.219404,-0.347933,6.504049,20,explicit_euler,xaj,success,,1063.1,cal_final_2008-09-30
01632000,xaj_pdd,evaluation,0.631188,0.46818,0.386203,-0.334614,36.6468,20,explicit_euler,xaj,success,,1107.01,cal_final_2008-09-30
01632900,xaj_pdd,evaluation,-0.104722,0.234499,0.615695,-0.158589,5.688057,20,explicit_euler,xaj,success,,1076.77,cal_final_2008-09-30
01634500,xaj_pdd,evaluation,0.339395,0.27016,0.155396,-0.427353,7.104439,20,explicit_euler,xaj,success,,1022.76,cal_final_2008-09-30
01638480,xaj_pdd,evaluation,0.277439,0.238658,0.399779,-0.312816,20.807945,20,explicit_euler,xaj,success,,1037.0,cal_final_2008-09-30
01639500,xaj_pdd,evaluation,0.484313,0.46622,0.293784,-0.239891,3.572611,20,explicit_euler,xaj,success,,1038.85,cal_final_2008-09-30
01644000,xaj_pdd,evaluation,0.314081,0.290709,0.313379,-0.356307,21.375873,20,explicit_euler,xaj,success,,1041.57,cal_final_2008-09-30
01664000,xaj_pdd,evaluation,0.364078,0.373432,0.305813,-0.267856,9.8585,20,explicit_euler,xaj,success,,1042.44,cal_final_2008-09-30
01666500,xaj_pdd,evaluation,0.589122,0.594978,0.16469,-0.253685,3.624049,20,explicit_euler,xaj,success,,1059.15,cal_final_2008-09-30
01667500,xaj_pdd,evaluation,0.55018,0.530264,0.214873,-0.253341,4.952371,20,explicit_euler,xaj,success,,1029.7,cal_final_2008-09-30
01669000,xaj_pdd,evaluation,0.116413,0.485862,0.339632,-0.243041,6.37634,20,explicit_euler,xaj,success,,1050.14,cal_final_2008-09-30
01669520,xaj_pdd,evaluation,0.657161,0.590628,0.233737,-0.23819,11.604623,20,explicit_euler,xaj,success,,1037.63,cal_final_2008-09-30
02011400,xaj_pdd,evaluation,0.385671,0.368052,0.192446,-0.364289,4.522457,20,explicit_euler,xaj,success,,1045.52,cal_final_2008-09-30
02013000,xaj_pdd,evaluation,0.322122,0.270302,0.176823,-0.451108,7.218064,20,explicit_euler,xaj,success,,1051.07,cal_final_2008-09-30
02014000,xaj_pdd,evaluation,0.368455,0.349159,0.132318,-0.397561,4.358486,20,explicit_euler,xaj,success,,1074.83,cal_final_2008-09-30
02015700,xaj_pdd,evaluation,0.452405,0.451674,0.04804,-0.342003,1.825854,20,explicit_euler,xaj,success,,1009.4,cal_final_2008-09-30
02016000,xaj_pdd,evaluation,0.378896,0.377829,0.223163,-0.330749,4.455188,20,explicit_euler,xaj,success,,1017.5,cal_final_2008-09-30
02017500,xaj_pdd,evaluation,0.386051,0.354813,-0.006777,-0.468814,5.982182,20,explicit_euler,xaj,success,,1017.69,cal_final_2008-09-30
02018000,xaj_pdd,evaluation,0.372825,0.344544,0.031607,-0.419094,4.452482,20,explicit_euler,xaj,success,,1020.48,cal_final_2008-09-30
02027000,xaj_pdd,evaluation,0.439605,0.58003,-0.030234,-0.307971,3.299396,20,explicit_euler,xaj,success,,1015.98,cal_final_2008-09-30
02027500,xaj_pdd,evaluation,0.408648,0.356201,-0.140157,-0.433179,4.003477,20,explicit_euler,xaj,success,,1023.42,cal_final_2008-09-30
02028500,xaj_pdd,evaluation,0.427146,0.476073,0.113968,-0.337098,6.502096,20,explicit_euler,xaj,success,,1015.4,cal_final_2008-09-30
02038850,xaj_pdd,evaluation,0.440589,0.347063,0.320871,-0.188552,3.07904,20,explicit_euler,xaj,success,,1017.22,cal_final_2008-09-30
02046000,xaj_pdd,evaluation,0.110338,0.055399,0.735671,-0.196889,32.659949,20,explicit_euler,xaj,success,,1017.62,cal_final_2008-09-30
02051500,xaj_pdd,evaluation,0.289728,0.057954,0.768782,-0.180733,11.458575,20,explicit_euler,xaj,success,,1035.73,cal_final_2008-09-30
02053200,xaj_pdd,evaluation,0.487281,0.211304,0.654116,-0.267016,63.295301,20,explicit_euler,xaj,success,,1014.19,cal_final_2008-09-30
02053800,xaj_pdd,evaluation,0.36972,0.321306,0.301224,-0.263069,3.207394,20,explicit_euler,xaj,success,,1053.15,cal_final_2008-09-30
02055100,xaj_pdd,evaluation,0.392643,0.476916,0.266128,-0.204882,2.602862,20,explicit_euler,xaj,success,,1027.69,cal_final_2008-09-30
02056900,xaj_pdd,evaluation,0.314567,0.411641,0.317478,-0.207598,2.86162,20,explicit_euler,xaj,success,,1054.09,cal_final_2008-09-30
02059500,xaj_pdd,evaluation,0.463185,0.390683,0.386108,-0.179224,2.74969,20,explicit_euler,xaj,success,,1048.65,cal_final_2008-09-30
02064000,xaj_pdd,evaluation,0.52774,0.439938,0.242165,-0.225588,2.540473,20,explicit_euler,xaj,success,,1053.96,cal_final_2008-09-30
02065500,xaj_pdd,evaluation,0.409809,0.327464,0.28191,-0.276659,2.582472,20,explicit_euler,xaj,success,,1059.0,cal_final_2008-09-30
02069700,xaj_pdd,evaluation,0.447117,0.427011,0.014038,-0.329931,1.104795,20,explicit_euler,xaj,success,,1047.99,cal_final_2008-09-30
02070000,xaj_pdd,evaluation,0.27197,0.464247,0.268138,-0.115348,1.299334,20,explicit_euler,xaj,success,,1062.96,cal_final_2008-09-30
02074500,xaj_pdd,evaluation,0.449852,0.339854,0.425707,-0.126438,2.284568,20,explicit_euler,xaj,success,,1061.72,cal_final_2008-09-30
02077200,xaj_pdd,evaluation,0.18808,0.059412,0.526142,-0.302287,60.016024,20,explicit_euler,xaj,success,,1053.71,cal_final_2008-09-30
02081500,xaj_pdd,evaluation,0.341425,0.147875,0.600982,-0.290804,61.716719,20,explicit_euler,xaj,success,,1070.84,cal_final_2008-09-30
02082950,xaj_pdd,evaluation,0.38492,0.135188,0.655143,-0.261094,16.925828,20,explicit_euler,xaj,success,,1055.86,cal_final_2008-09-30
02092500,xaj_pdd,evaluation,0.4372,0.12342,0.839434,-0.041223,36.966032,20,explicit_euler,xaj,success,,1093.24,cal_final_2008-09-30
02096846,xaj_pdd,evaluation,-0.001801,0.037067,0.745097,-0.228142,100.328834,20,explicit_euler,xaj,success,,1057.88,cal_final_2008-09-30
02102908,xaj_pdd,evaluation,0.191802,0.507076,0.009395,-0.259777,0.669575,20,explicit_euler,xaj,success,,1076.48,cal_final_2008-09-30
02108000,xaj_pdd,evaluation,0.536356,0.37509,0.581559,-0.070061,15.475617,20,explicit_euler,xaj,success,,792.39,cal_final_2008-09-30
02111180,xaj_pdd,evaluation,0.457086,0.371173,0.10939,-0.29951,1.609583,20,explicit_euler,xaj,success,,1078.85,cal_final_2008-09-30
02111500,xaj_pdd,evaluation,0.314888,0.615864,0.220247,-0.084852,1.092493,20,explicit_euler,xaj,success,,1088.16,cal_final_2008-09-30
02112120,xaj_pdd,evaluation,0.33544,0.347513,0.236692,-0.208623,1.489272,20,explicit_euler,xaj,success,,1080.97,cal_final_2008-09-30
02112360,xaj_pdd,evaluation,0.405678,0.470025,0.115941,-0.206747,0.915031,20,explicit_euler,xaj,success,,1078.6,cal_final_2008-09-30
02118500,xaj_pdd,evaluation,0.30734,0.42833,0.244992,-0.267295,2.414443,20,explicit_euler,xaj,success,,1089.65,cal_final_2008-09-30
02125000,xaj_pdd,evaluation,0.458803,0.423158,0.371925,-0.311931,127.557549,20,explicit_euler,xaj,success,,1076.92,cal_final_2008-09-30
02128000,xaj_pdd,evaluation,0.332742,0.231528,0.400379,-0.297957,11.455587,20,explicit_euler,xaj,success,,1077.4,cal_final_2008-09-30
02137727,xaj_pdd,evaluation,0.663337,0.564493,0.168867,-0.169391,1.251444,20,explicit_euler,xaj,success,,1097.56,cal_final_2008-09-30
02140991,xaj_pdd,evaluation,0.500042,0.424636,0.147665,-0.200018,1.499094,20,explicit_euler,xaj,success,,1086.0,cal_final_2008-09-30
02143000,xaj_pdd,evaluation,0.472461,0.518674,0.125342,-0.274522,1.326133,20,explicit_euler,xaj,success,,1104.47,cal_final_2008-09-30
02143040,xaj_pdd,evaluation,0.510197,0.588059,0.011832,-0.221694,0.895819,20,explicit_euler,xaj,success,,1048.96,cal_final_2008-09-30
02149000,xaj_pdd,evaluation,0.578964,0.621151,0.100535,-0.182061,0.854082,20,explicit_euler,xaj,success,,1064.23,cal_final_2008-09-30
02152100,xaj_pdd,evaluation,0.19204,0.482501,0.261698,-0.161747,1.248209,20,explicit_euler,xaj,success,,1057.35,cal_final_2008-09-30
02177000,xaj_pdd,evaluation,0.629292,0.646235,0.027749,-0.223144,0.856989,20,explicit_euler,xaj,success,,1066.66,cal_final_2008-09-30
02178400,xaj_pdd,evaluation,0.581377,0.55116,0.139437,-0.180074,1.424351,20,explicit_euler,xaj,success,,1073.24,cal_final_2008-09-30
02193340,xaj_pdd,evaluation,0.350573,0.144619,0.641691,-0.121774,7.21157,20,explicit_euler,xaj,success,,1057.69,cal_final_2008-09-30
02196000,xaj_pdd,evaluation,0.312559,-0.04032,0.903362,-0.167035,34.088826,20,explicit_euler,xaj,success,,1057.56,cal_final_2008-09-30
02198100,xaj_pdd,evaluation,0.291355,0.19361,0.44583,-0.327369,9.28498,20,explicit_euler,xaj,success,,1062.11,cal_final_2008-09-30
02202600,xaj_pdd,evaluation,0.271184,0.087258,0.714049,-0.304806,262.003472,20,explicit_euler,xaj,success,,1055.46,cal_final_2008-09-30
02212600,xaj_pdd,evaluation,0.523454,0.257942,0.606579,-0.222722,18.343364,20,explicit_euler,xaj,success,,1062.33,cal_final_2008-09-30
02215100,xaj_pdd,evaluation,0.293652,0.280529,0.457879,-0.305717,12.231368,20,explicit_euler,xaj,success,,1050.35,cal_final_2008-09-30
02216180,xaj_pdd,evaluation,0.274072,0.168528,0.254044,-0.496533,,20,explicit_euler,xaj,success,,1082.32,cal_final_2008-09-30
02221525,xaj_pdd,evaluation,0.359533,0.138105,0.637821,-0.197262,6.652063,20,explicit_euler,xaj,success,,1029.64,cal_final_2008-09-30
02231000,xaj_pdd,evaluation,0.259983,-0.227169,1.16846,0.010028,23.916615,20,explicit_euler,xaj,success,,1039.04,cal_final_2008-09-30
02245500,xaj_pdd,evaluation,0.079907,-0.307258,1.122121,-0.086285,9.878087,20,explicit_euler,xaj,success,,1043.3,cal_final_2008-09-30
02246000,xaj_pdd,evaluation,0.430568,-0.002972,0.897648,-0.049488,10.89237,20,explicit_euler,xaj,success,,1043.14,cal_final_2008-09-30
02296500,xaj_pdd,evaluation,-0.404363,-0.910027,1.861837,0.215467,58.778574,20,explicit_euler,xaj,success,,1043.23,cal_final_2008-09-30
02297155,xaj_pdd,evaluation,-0.003978,-0.58197,1.498136,-0.015463,105.470067,20,explicit_euler,xaj,success,,1033.65,cal_final_2008-09-30
02297310,xaj_pdd,evaluation,0.326962,-0.316962,1.271506,0.055056,50.477707,20,explicit_euler,xaj,success,,1039.68,cal_final_2008-09-30
02298123,xaj_pdd,evaluation,0.311598,0.043123,0.867555,-0.078558,14.238544,20,explicit_euler,xaj,success,,1035.5,cal_final_2008-09-30
02298608,xaj_pdd,evaluation,0.603012,0.328222,0.541991,-0.176094,15.437213,20,explicit_euler,xaj,success,,1048.1,cal_final_2008-09-30
02299950,xaj_pdd,evaluation,0.54799,0.1887,0.726057,-0.128633,16.22596,20,explicit_euler,xaj,success,,1061.87,cal_final_2008-09-30
02300700,xaj_pdd,evaluation,0.515291,0.395611,0.302254,-0.248259,4.832116,20,explicit_euler,xaj,success,,1035.44,cal_final_2008-09-30
02342933,xaj_pdd,evaluation,0.446926,0.270342,0.61804,-0.158337,35.735898,20,explicit_euler,xaj,success,,1054.06,cal_final_2008-09-30
02349900,xaj_pdd,evaluation,0.38676,0.344238,0.500854,-0.287982,11.110564,20,explicit_euler,xaj,success,,1009.1,cal_final_2008-09-30
02350900,xaj_pdd,evaluation,0.380272,0.349316,0.521968,-0.154365,4.831358,20,explicit_euler,xaj,success,,1022.44,cal_final_2008-09-30
02361000,xaj_pdd,evaluation,0.390431,0.32608,0.254678,-0.233522,3.521338,20,explicit_euler,xaj,success,,1025.22,cal_final_2008-09-30
02363000,xaj_pdd,evaluation,0.452568,0.356114,0.436828,-0.218467,13.931861,20,explicit_euler,xaj,success,,1022.27,cal_final_2008-09-30
02369800,xaj_pdd,evaluation,0.495082,0.456206,0.300968,-0.16758,2.449297,20,explicit_euler,xaj,success,,1028.29,cal_final_2008-09-30
02371500,xaj_pdd,evaluation,0.447057,0.391744,0.454954,-0.19298,8.888548,20,explicit_euler,xaj,success,,1029.24,cal_final_2008-09-30
02372250,xaj_pdd,evaluation,0.443619,0.271132,0.498243,-0.180065,7.272539,20,explicit_euler,xaj,success,,1033.09,cal_final_2008-09-30
02374500,xaj_pdd,evaluation,0.327252,0.490835,0.432405,-0.008815,1.771062,20,explicit_euler,xaj,success,,1026.64,cal_final_2008-09-30
02381600,xaj_pdd,evaluation,0.370021,0.37041,-0.24602,-0.432634,0.249593,20,explicit_euler,xaj,success,,1035.23,cal_final_2008-09-30
02384540,xaj_pdd,evaluation,0.492707,0.566981,0.033663,-0.314963,4.632081,20,explicit_euler,xaj,success,,1032.62,cal_final_2008-09-30
02395120,xaj_pdd,evaluation,0.45395,0.44501,0.154438,-0.306434,2.036013,20,explicit_euler,xaj,success,,1058.46,cal_final_2008-09-30
02415000,xaj_pdd,evaluation,0.572028,0.474952,0.226403,-0.265284,4.739251,20,explicit_euler,xaj,success,,1051.62,cal_final_2008-09-30
02427250,xaj_pdd,evaluation,0.418002,0.313945,0.588486,-0.106024,7.624767,20,explicit_euler,xaj,success,,1013.4,cal_final_2008-09-30
02430085,xaj_pdd,evaluation,0.578127,0.697249,0.142606,-0.208751,3.539798,20,explicit_euler,xaj,success,,1020.8,cal_final_2008-09-30
02450250,xaj_pdd,evaluation,0.645625,0.572598,0.330684,-0.122866,9.768906,20,explicit_euler,xaj,success,,1033.82,cal_final_2008-09-30
02464000,xaj_pdd,evaluation,0.535048,0.464951,0.303107,-0.249462,13.918587,20,explicit_euler,xaj,success,,1028.54,cal_final_2008-09-30
02464360,xaj_pdd,evaluation,0.524968,0.448143,0.275707,-0.197593,2.423857,20,explicit_euler,xaj,success,,1027.38,cal_final_2008-09-30
02465493,xaj_pdd,evaluation,0.459081,0.378183,0.509129,-0.058806,2.254865,20,explicit_euler,xaj,success,,1029.85,cal_final_2008-09-30
02469800,xaj_pdd,evaluation,0.413592,0.373721,0.402503,-0.230737,10.789736,20,explicit_euler,xaj,success,,1018.21,cal_final_2008-09-30
02472000,xaj_pdd,evaluation,0.497681,0.396483,0.331525,-0.280955,5.943852,20,explicit_euler,xaj,success,,1026.12,cal_final_2008-09-30
02472500,xaj_pdd,evaluation,0.512147,0.384822,0.392677,-0.179167,2.040574,20,explicit_euler,xaj,success,,1034.15,cal_final_2008-09-30
02479155,xaj_pdd,evaluation,0.431032,0.238873,0.427781,-0.286043,7.738423,20,explicit_euler,xaj,success,,1029.24,cal_final_2008-09-30
02479300,xaj_pdd,evaluation,0.455018,0.35805,0.279691,-0.322783,3.465572,20,explicit_euler,xaj,success,,1046.1,cal_final_2008-09-30
02479560,xaj_pdd,evaluation,0.610802,0.534946,0.238993,-0.279313,4.016349,20,explicit_euler,xaj,success,,1060.14,cal_final_2008-09-30
02481000,xaj_pdd,evaluation,0.659066,0.402807,0.494064,-0.119664,18.152361,20,explicit_euler,xaj,success,,1023.48,cal_final_2008-09-30
02481510,xaj_pdd,evaluation,0.558891,0.419394,0.390166,-0.198838,5.931814,20,explicit_euler,xaj,success,,1028.95,cal_final_2008-09-30
03010655,xaj_pdd,evaluation,0.424974,0.458328,0.170056,-0.338549,10.969993,20,explicit_euler,xaj,success,,1037.1,cal_final_2008-09-30
03011800,xaj_pdd,evaluation,0.506643,0.582176,0.230782,-0.151654,5.749011,20,explicit_euler,xaj,success,,1037.06,cal_final_2008-09-30
03015500,xaj_pdd,evaluation,0.475476,0.515526,0.089316,-0.308175,4.948658,20,explicit_euler,xaj,success,,1050.87,cal_final_2008-09-30
03021350,xaj_pdd,evaluation,0.372482,0.486088,0.140435,-0.325181,11.595358,20,explicit_euler,xaj,success,,1039.15,cal_final_2008-09-30
03026500,xaj_pdd,evaluation,0.376736,0.497428,0.2656,-0.163233,8.447206,20,explicit_euler,xaj,success,,1054.74,cal_final_2008-09-30
03028000,xaj_pdd,evaluation,0.502736,0.576749,0.111684,-0.244663,4.238374,20,explicit_euler,xaj,success,,1066.68,cal_final_2008-09-30
03049000,xaj_pdd,evaluation,0.351856,0.405373,0.28611,-0.301705,10.317265,20,explicit_euler,xaj,success,,1030.11,cal_final_2008-09-30
03049800,xaj_pdd,evaluation,0.093619,0.232108,0.513667,-0.255049,17.838945,20,explicit_euler,xaj,success,,1070.32,cal_final_2008-09-30
03050000,xaj_pdd,evaluation,0.460213,0.466128,0.237439,-0.260252,19.745408,20,explicit_euler,xaj,success,,1089.4,cal_final_2008-09-30
03069500,xaj_pdd,evaluation,0.537811,0.554142,0.105184,-0.238664,5.72822,20,explicit_euler,xaj,success,,1107.12,cal_final_2008-09-30
03070500,xaj_pdd,evaluation,0.460845,0.601744,0.155603,-0.269201,12.943567,20,explicit_euler,xaj,success,,1111.24,cal_final_2008-09-30
03076600,xaj_pdd,evaluation,0.409604,0.486597,0.16538,-0.318635,8.567898,20,explicit_euler,xaj,success,,1132.48,cal_final_2008-09-30
03078000,xaj_pdd,evaluation,0.420642,0.561479,0.054014,-0.276792,8.289709,20,explicit_euler,xaj,success,,1124.76,cal_final_2008-09-30
03140000,xaj_pdd,evaluation,0.322285,0.264762,0.484508,-0.247602,22.881499,20,explicit_euler,xaj,success,,1113.1,cal_final_2008-09-30
03144000,xaj_pdd,evaluation,0.458674,0.47024,0.355959,-0.152991,6.665735,20,explicit_euler,xaj,success,,1167.2,cal_final_2008-09-30
03170000,xaj_pdd,evaluation,0.342802,0.37666,0.262483,-0.220756,1.851962,20,explicit_euler,xaj,success,,1167.68,cal_final_2008-09-30
03173000,xaj_pdd,evaluation,0.307522,0.231,0.126541,-0.449866,4.818281,20,explicit_euler,xaj,success,,1183.27,cal_final_2008-09-30
03180500,xaj_pdd,evaluation,0.401254,0.418973,0.239917,-0.264765,13.653129,20,explicit_euler,xaj,success,,1194.18,cal_final_2008-09-30
03182500,xaj_pdd,evaluation,0.431343,0.482635,0.216805,-0.248448,11.235645,20,explicit_euler,xaj,success,,1148.1,cal_final_2008-09-30
03186500,xaj_pdd,evaluation,0.498079,0.609156,0.014541,-0.272053,8.842704,20,explicit_euler,xaj,success,,1302.38,cal_final_2008-09-30
03237280,xaj_pdd,evaluation,0.314658,0.264388,0.496627,-0.253513,205.414388,20,explicit_euler,xaj,success,,1306.86,cal_final_2008-09-30
03237500,xaj_pdd,evaluation,0.464785,0.310912,0.456785,-0.258808,69.66925,20,explicit_euler,xaj,success,,1307.18,cal_final_2008-09-30
03238500,xaj_pdd,evaluation,0.453134,0.347291,0.457171,-0.203818,73.133524,20,explicit_euler,xaj,success,,1300.72,cal_final_2008-09-30
03241500,xaj_pdd,evaluation,0.485152,0.370215,0.551004,-0.08642,11.459956,20,explicit_euler,xaj,success,,1303.21,cal_final_2008-09-30
03280700,xaj_pdd,evaluation,0.385367,0.341468,0.533715,-0.149472,17.70571,20,explicit_euler,xaj,success,,1314.81,cal_final_2008-09-30
03281500,xaj_pdd,evaluation,0.455144,0.383756,0.45581,-0.168956,17.04191,20,explicit_euler,xaj,success,,1312.36,cal_final_2008-09-30
03285000,xaj_pdd,evaluation,0.438228,0.332162,0.338946,-0.290152,44.990725,20,explicit_euler,xaj,success,,1328.63,cal_final_2008-09-30
03291780,xaj_pdd,evaluation,0.586156,0.45166,0.35915,-0.249598,259.12904,20,explicit_euler,xaj,success,,1343.1,cal_final_2008-09-30
03338780,xaj_pdd,evaluation,0.456921,0.363473,0.249242,-0.330017,17.709882,20,explicit_euler,xaj,success,,1417.7,cal_final_2008-09-30
03340800,xaj_pdd,evaluation,0.423588,0.308492,0.49189,-0.117967,27.255014,20,explicit_euler,xaj,success,,1591.67,cal_final_2008-09-30
03346000,xaj_pdd,evaluation,0.431628,0.30838,0.525808,-0.142652,47.087602,20,explicit_euler,xaj,success,,1555.89,cal_final_2008-09-30
03364500,xaj_pdd,evaluation,0.476905,0.48278,0.372911,-0.17782,40.885342,20,explicit_euler,xaj,success,,1406.68,cal_final_2008-09-30
03366500,xaj_pdd,evaluation,0.491325,0.478306,0.342556,-0.275764,45.356245,20,explicit_euler,xaj,success,,1396.2,cal_final_2008-09-30
03368000,xaj_pdd,evaluation,0.501155,0.420848,0.436067,-0.189344,122.568563,20,explicit_euler,xaj,success,,1376.07,cal_final_2008-09-30
03384450,xaj_pdd,evaluation,0.460933,0.307603,0.475617,-0.259591,193.611669,20,explicit_euler,xaj,success,,1372.65,cal_final_2008-09-30
03439000,xaj_pdd,evaluation,0.574232,0.578112,0.093839,-0.261345,1.527209,20,explicit_euler,xaj,success,,1359.44,cal_final_2008-09-30
03455500,xaj_pdd,evaluation,0.554141,0.583517,0.100383,-0.282881,2.523557,20,explicit_euler,xaj,success,,1359.68,cal_final_2008-09-30
03456500,xaj_pdd,evaluation,0.555932,0.670914,0.114109,-0.251069,2.574576,20,explicit_euler,xaj,success,,1359.53,cal_final_2008-09-30
03460000,xaj_pdd,evaluation,0.452662,0.583972,0.12594,-0.243218,1.741964,20,explicit_euler,xaj,success,,1315.05,cal_final_2008-09-30
03463300,xaj_pdd,evaluation,0.702433,0.647872,-0.144552,-0.295871,0.531294,20,explicit_euler,xaj,success,,1273.98,cal_final_2008-09-30
03471500,xaj_pdd,evaluation,0.3868,0.406771,0.112363,-0.359856,2.475726,20,explicit_euler,xaj,success,,1237.09,cal_final_2008-09-30
03473000,xaj_pdd,evaluation,0.39886,0.419816,0.209349,-0.300598,3.081282,20,explicit_euler,xaj,success,,1251.8,cal_final_2008-09-30
03479000,xaj_pdd,evaluation,0.354292,0.270962,0.336426,-0.269672,3.736625,20,explicit_euler,xaj,success,,1257.49,cal_final_2008-09-30
03488000,xaj_pdd,evaluation,0.319528,0.35524,0.238011,-0.3512,5.593141,20,explicit_euler,xaj,success,,1372.88,cal_final_2008-09-30
03498500,xaj_pdd,evaluation,0.517549,0.4911,0.381796,-0.169102,4.403947,20,explicit_euler,xaj,success,,1383.41,cal_final_2008-09-30
03500000,xaj_pdd,evaluation,0.493628,0.508163,0.189798,-0.179164,1.656771,20,explicit_euler,xaj,success,,1379.3,cal_final_2008-09-30
03500240,xaj_pdd,evaluation,0.501338,0.611231,0.201731,-0.171294,1.740321,20,explicit_euler,xaj,success,,1378.23,cal_final_2008-09-30
03504000,xaj_pdd,evaluation,0.663365,0.713542,0.072501,-0.150168,0.944521,20,explicit_euler,xaj,success,,1385.69,cal_final_2008-09-30
03574500,xaj_pdd,evaluation,0.56645,0.463431,0.271097,-0.202472,15.565795,20,explicit_euler,xaj,success,,1397.26,cal_final_2008-09-30
03592718,xaj_pdd,evaluation,0.39153,0.300814,0.601157,-0.011552,6.40051,20,explicit_euler,xaj,success,,1398.96,cal_final_2008-09-30
03604000,xaj_pdd,evaluation,0.506097,0.498458,0.306612,-0.123806,1.839299,20,explicit_euler,xaj,success,,1477.35,cal_final_2008-09-30
04015330,xaj_pdd,evaluation,0.508182,0.532467,0.305938,-0.188787,7.274369,20,explicit_euler,xaj,success,,1022.25,cal_final_2008-09-30
04024430,xaj_pdd,evaluation,0.384079,0.450426,0.236766,-0.323994,3.775082,20,explicit_euler,xaj,success,,1023.4,cal_final_2008-09-30
04027000,xaj_pdd,evaluation,0.508987,0.520294,0.352887,-0.180575,2.957984,20,explicit_euler,xaj,success,,1017.39,cal_final_2008-09-30
04040500,xaj_pdd,evaluation,0.378416,0.400723,0.072276,-0.434954,3.506894,20,explicit_euler,xaj,success,,1029.48,cal_final_2008-09-30
04043050,xaj_pdd,evaluation,0.209521,0.52463,0.183612,-0.072114,1.371959,20,explicit_euler,xaj,success,,1024.4,cal_final_2008-09-30
04045500,xaj_pdd,evaluation,0.505301,0.542129,0.089676,-0.282992,1.496992,20,explicit_euler,xaj,success,,1025.54,cal_final_2008-09-30
04057510,xaj_pdd,evaluation,0.515882,0.570578,0.19516,-0.26309,1.548219,20,explicit_euler,xaj,success,,1039.13,cal_final_2008-09-30
04057800,xaj_pdd,evaluation,0.413046,0.398238,0.032987,-0.426921,2.185873,20,explicit_euler,xaj,success,,1022.89,cal_final_2008-09-30
04059500,xaj_pdd,evaluation,0.422553,0.420923,0.460316,-0.235211,5.008545,20,explicit_euler,xaj,success,,1036.93,cal_final_2008-09-30
04063700,xaj_pdd,evaluation,0.394456,0.423421,0.362929,-0.186348,2.207943,20,explicit_euler,xaj,success,,1051.03,cal_final_2008-09-30
04074950,xaj_pdd,evaluation,0.348475,0.678411,0.195513,-0.01293,0.580213,20,explicit_euler,xaj,success,,1001.2,cal_final_2008-09-30
04105700,xaj_pdd,evaluation,0.37743,0.450679,0.039988,-0.19647,0.499151,20,explicit_euler,xaj,success,,1024.51,cal_final_2008-09-30
04115265,xaj_pdd,evaluation,0.241409,0.388217,0.146637,-0.178691,0.932918,20,explicit_euler,xaj,success,,1025.36,cal_final_2008-09-30
04122200,xaj_pdd,evaluation,0.268364,0.384764,-0.002033,-0.272564,0.45363,20,explicit_euler,xaj,success,,1029.95,cal_final_2008-09-30
04122500,xaj_pdd,evaluation,0.245534,0.465864,0.02352,-0.210956,0.426778,20,explicit_euler,xaj,success,,1026.75,cal_final_2008-09-30
04127918,xaj_pdd,evaluation,0.379267,0.433899,0.193828,-0.286299,1.856606,20,explicit_euler,xaj,success,,1032.99,cal_final_2008-09-30
04127997,xaj_pdd,evaluation,0.00574,0.559243,-0.036713,-0.116846,0.087339,20,explicit_euler,xaj,success,,1028.08,cal_final_2008-09-30
04161580,xaj_pdd,evaluation,-0.083801,0.160246,0.346588,-0.304279,4.208921,20,explicit_euler,xaj,success,,1019.22,cal_final_2008-09-30
04185000,xaj_pdd,evaluation,0.300951,0.296572,0.250669,-0.393797,11.059364,20,explicit_euler,xaj,success,,1036.96,cal_final_2008-09-30
04196800,xaj_pdd,evaluation,0.266909,0.246645,0.613304,-0.079084,83.431891,20,explicit_euler,xaj,success,,1027.31,cal_final_2008-09-30
04197100,xaj_pdd,evaluation,0.294407,0.123261,0.734461,-0.131603,68.953865,20,explicit_euler,xaj,success,,1055.43,cal_final_2008-09-30
04197170,xaj_pdd,evaluation,0.337859,0.084636,0.704294,-0.178766,21.323127,20,explicit_euler,xaj,success,,1054.39,cal_final_2008-09-30
04213000,xaj_pdd,evaluation,0.262606,0.31241,0.110602,-0.419183,21.339687,20,explicit_euler,xaj,success,,1022.14,cal_final_2008-09-30
04213075,xaj_pdd,evaluation,-0.285132,,-1.0,-1.0,-1.0,20,explicit_euler,xaj,success,,2.62,cal_final_2008-09-30
04216418,xaj_pdd,evaluation,0.372761,0.362343,0.386091,-0.278589,9.225391,20,explicit_euler,xaj,success,,1032.98,cal_final_2008-09-30
04221000,xaj_pdd,evaluation,0.430451,0.399094,0.261996,-0.321538,10.509684,20,explicit_euler,xaj,success,,1031.39,cal_final_2008-09-30
04224775,xaj_pdd,evaluation,0.324022,0.311956,0.213059,-0.410734,7.08275,20,explicit_euler,xaj,success,,1034.83,cal_final_2008-09-30
04233000,xaj_pdd,evaluation,0.412765,0.482194,0.187897,-0.330399,5.361492,20,explicit_euler,xaj,success,,1030.59,cal_final_2008-09-30
04256000,xaj_pdd,evaluation,0.62583,0.684834,0.107115,-0.207232,2.180839,20,explicit_euler,xaj,success,,1042.92,cal_final_2008-09-30
04296000,xaj_pdd,evaluation,0.51952,0.536668,0.237378,-0.248999,3.368311,20,explicit_euler,xaj,success,,1076.83,cal_final_2008-09-30
05057200,xaj_pdd,evaluation,-5.828047,-5.15728,6.068211,1.244849,541.73894,20,explicit_euler,xaj,success,,1027.36,cal_final_2008-09-30
05120500,xaj_pdd,evaluation,-8.730229,-6.612824,7.566429,1.573119,1283.891723,20,explicit_euler,xaj,success,,783.66,cal_final_2008-09-30
05291000,xaj_pdd,evaluation,0.204723,-0.544037,1.444841,-0.069337,34.433802,20,explicit_euler,xaj,success,,1445.42,cal_final_2008-09-30
05362000,xaj_pdd,evaluation,0.490079,0.448604,0.420376,-0.139864,4.775849,20,explicit_euler,xaj,success,,1511.37,cal_final_2008-09-30
05393500,xaj_pdd,evaluation,0.592549,0.701167,0.116055,-0.190393,2.628183,20,explicit_euler,xaj,success,,1425.26,cal_final_2008-09-30
05399500,xaj_pdd,evaluation,0.261043,0.154112,0.742324,-0.080473,20.599847,20,explicit_euler,xaj,success,,1322.67,cal_final_2008-09-30
05408000,xaj_pdd,evaluation,-0.724841,-0.009883,0.808272,0.141753,1.832665,20,explicit_euler,xaj,success,,1221.43,cal_final_2008-09-30
05413500,xaj_pdd,evaluation,-0.264704,0.049264,0.785271,0.102706,2.562808,20,explicit_euler,xaj,success,,1225.41,cal_final_2008-09-30
05414000,xaj_pdd,evaluation,-0.063825,0.040628,0.787474,0.03448,2.954681,20,explicit_euler,xaj,success,,1236.93,cal_final_2008-09-30
05444000,xaj_pdd,evaluation,0.228128,0.166163,0.221838,-0.336762,2.040134,20,explicit_euler,xaj,success,,1249.79,cal_final_2008-09-30
05454000,xaj_pdd,evaluation,0.400841,0.101566,0.703921,-0.06021,70.024257,20,explicit_euler,xaj,success,,1255.04,cal_final_2008-09-30
05458000,xaj_pdd,evaluation,0.232904,0.258058,0.601001,-0.115065,5.917665,20,explicit_euler,xaj,success,,1253.22,cal_final_2008-09-30
05466500,xaj_pdd,evaluation,0.344326,0.255925,0.506137,-0.203436,10.610835,20,explicit_euler,xaj,success,,1265.09,cal_final_2008-09-30
05487980,xaj_pdd,evaluation,0.482559,0.239017,0.565266,-0.250051,56.96541,20,explicit_euler,xaj,success,,1229.56,cal_final_2008-09-30
05488200,xaj_pdd,evaluation,0.430543,0.227617,0.537756,-0.259797,137.372353,20,explicit_euler,xaj,success,,1241.25,cal_final_2008-09-30
05489000,xaj_pdd,evaluation,0.415982,0.089973,0.715396,-0.167793,57.54336,20,explicit_euler,xaj,success,,1175.78,cal_final_2008-09-30
05495000,xaj_pdd,evaluation,0.418562,0.163017,0.649787,-0.212049,65.187381,20,explicit_euler,xaj,success,,1138.29,cal_final_2008-09-30
05495500,xaj_pdd,evaluation,0.505317,0.341357,0.399329,-0.26788,68.974225,20,explicit_euler,xaj,success,,1095.42,cal_final_2008-09-30
05501000,xaj_pdd,evaluation,0.356186,0.249965,0.353212,-0.333471,37.840481,20,explicit_euler,xaj,success,,1121.85,cal_final_2008-09-30
05503800,xaj_pdd,evaluation,0.463191,0.332216,0.409265,-0.267081,1094.148017,20,explicit_euler,xaj,success,,1117.49,cal_final_2008-09-30
05507600,xaj_pdd,evaluation,0.432122,-0.019799,0.922161,-0.042451,1130.633289,20,explicit_euler,xaj,success,,1104.08,cal_final_2008-09-30
05508805,xaj_pdd,evaluation,0.446418,0.134785,0.738705,-0.127801,115.04725,20,explicit_euler,xaj,success,,1106.09,cal_final_2008-09-30
05525500,xaj_pdd,evaluation,0.338935,0.220383,0.567298,-0.162097,31.643812,20,explicit_euler,xaj,success,,1085.79,cal_final_2008-09-30
05556500,xaj_pdd,evaluation,0.335995,0.268144,0.265432,-0.371679,18.863014,20,explicit_euler,xaj,success,,1075.42,cal_final_2008-09-30
05584500,xaj_pdd,evaluation,0.483805,0.312062,0.477339,-0.252179,37.31617,20,explicit_euler,xaj,success,,1074.44,cal_final_2008-09-30
05591550,xaj_pdd,evaluation,0.478424,0.237676,0.677251,-0.10775,252.791447,20,explicit_euler,xaj,success,,1036.68,cal_final_2008-09-30
05592050,xaj_pdd,evaluation,0.41705,0.070843,0.720713,-0.186361,259.215116,20,explicit_euler,xaj,success,,1046.73,cal_final_2008-09-30
05592575,xaj_pdd,evaluation,0.496466,0.065446,0.875511,-0.04552,191084.582817,20,explicit_euler,xaj,success,,1053.1,cal_final_2008-09-30
05593575,xaj_pdd,evaluation,0.585494,0.31531,0.55937,-0.14507,106.926246,20,explicit_euler,xaj,success,,1065.76,cal_final_2008-09-30
05593900,xaj_pdd,evaluation,0.372124,0.103649,0.765024,-0.068822,270.576073,20,explicit_euler,xaj,success,,1019.37,cal_final_2008-09-30
05595730,xaj_pdd,evaluation,0.498456,0.144692,0.696768,-0.126591,2637.636961,20,explicit_euler,xaj,success,,1032.53,cal_final_2008-09-30
06221400,xaj_pdd,evaluation,0.56753,0.687183,0.232727,0.050437,0.405578,20,explicit_euler,xaj,success,,1018.05,cal_final_2008-09-30
06224000,xaj_pdd,evaluation,0.808699,0.869887,-0.025558,-0.099222,-0.489425,20,explicit_euler,xaj,success,,1006.86,cal_final_2008-09-30
06278300,xaj_pdd,evaluation,0.826904,0.879733,0.083591,0.077914,-0.890207,20,explicit_euler,xaj,success,,1049.31,cal_final_2008-09-30
06280300,xaj_pdd,evaluation,0.602399,0.581102,0.357909,0.177138,1.108635,20,explicit_euler,xaj,success,,1058.89,cal_final_2008-09-30
06289000,xaj_pdd,evaluation,0.380749,0.616876,0.265205,0.047898,0.73329,20,explicit_euler,xaj,success,,1063.25,cal_final_2008-09-30
06291500,xaj_pdd,evaluation,0.311721,0.444241,-0.037296,-0.355975,0.354851,20,explicit_euler,xaj,success,,1059.46,cal_final_2008-09-30
06311000,xaj_pdd,evaluation,0.775035,0.847733,0.074486,-0.000816,-0.641231,20,explicit_euler,xaj,success,,1059.24,cal_final_2008-09-30
06332515,xaj_pdd,evaluation,-0.657412,-3.724576,4.643091,0.451403,327.114252,20,explicit_euler,xaj,success,,1059.77,cal_final_2008-09-30
06339100,xaj_pdd,evaluation,-0.466654,-3.815421,4.712931,0.744093,598.602813,20,explicit_euler,xaj,success,,1060.75,cal_final_2008-09-30
06344600,xaj_pdd,evaluation,-0.62588,-3.371988,4.28304,0.661165,377.57944,20,explicit_euler,xaj,success,,1072.68,cal_final_2008-09-30
06350000,xaj_pdd,evaluation,-0.937438,-3.940038,4.84218,0.881102,69.325252,20,explicit_euler,xaj,success,,1076.91,cal_final_2008-09-30
06352000,xaj_pdd,evaluation,-0.979194,-3.8308,4.725012,0.67989,196.341159,20,explicit_euler,xaj,success,,1089.46,cal_final_2008-09-30
06404000,xaj_pdd,evaluation,0.271062,-0.523819,1.461267,0.163314,18.871031,20,explicit_euler,xaj,success,,1094.17,cal_final_2008-09-30
06406000,xaj_pdd,evaluation,-0.994754,-1.340919,2.324557,0.678439,25.732688,20,explicit_euler,xaj,success,,1082.78,cal_final_2008-09-30
06409000,xaj_pdd,evaluation,-15.526218,-1.504809,2.270661,1.362651,4.511305,20,explicit_euler,xaj,success,,1124.16,cal_final_2008-09-30
06431500,xaj_pdd,evaluation,-3.436898,-0.366851,1.287538,0.704452,2.491301,20,explicit_euler,xaj,success,,1071.95,cal_final_2008-09-30
06440200,xaj_pdd,evaluation,-0.091724,-1.884757,2.75262,0.194246,63023.447195,20,explicit_euler,xaj,success,,1063.13,cal_final_2008-09-30
06447500,xaj_pdd,evaluation,-10.448562,-3.600936,4.507137,1.489831,14.261613,20,explicit_euler,xaj,success,,1061.59,cal_final_2008-09-30
06470800,xaj_pdd,evaluation,-4.649513,-5.534067,6.491414,1.163569,8034.384973,20,explicit_euler,xaj,success,,1063.5,cal_final_2008-09-30
06477500,xaj_pdd,evaluation,-1.421318,-4.062518,5.019096,0.811042,9623.826751,20,explicit_euler,xaj,success,,1059.66,cal_final_2008-09-30
06479215,xaj_pdd,evaluation,0.058389,-0.621819,1.453601,-0.116252,148.258142,20,explicit_euler,xaj,success,,1059.82,cal_final_2008-09-30
06601000,xaj_pdd,evaluation,0.056106,-0.269492,1.075428,0.132342,6.827089,20,explicit_euler,xaj,success,,1064.55,cal_final_2008-09-30
06614800,xaj_pdd,evaluation,0.837116,0.805408,0.078044,-0.061561,1.331112,20,explicit_euler,xaj,success,,1053.89,cal_final_2008-09-30
06622700,xaj_pdd,evaluation,0.773292,0.595684,0.366451,-0.015434,2.477518,20,explicit_euler,xaj,success,,1055.21,cal_final_2008-09-30
06623800,xaj_pdd,evaluation,0.668793,0.334427,0.658048,0.180559,3.698768,20,explicit_euler,xaj,success,,1052.5,cal_final_2008-09-30
06632400,xaj_pdd,evaluation,0.748365,0.739008,0.231947,0.02046,-0.204316,20,explicit_euler,xaj,success,,989.11,cal_final_2008-09-30
06746095,xaj_pdd,evaluation,0.715359,0.648682,-0.226484,-0.255941,-0.157756,20,explicit_euler,xaj,success,,1050.06,cal_final_2008-09-30
06803510,xaj_pdd,evaluation,0.522624,-0.549911,1.476023,0.280277,8.863567,20,explicit_euler,xaj,success,,991.74,cal_final_2008-09-30
06803530,xaj_pdd,evaluation,0.460502,-0.568083,1.504327,0.156271,9.682821,20,explicit_euler,xaj,success,,1001.6,cal_final_2008-09-30
06814000,xaj_pdd,evaluation,0.441721,0.003153,0.901327,-0.046248,39.386022,20,explicit_euler,xaj,success,,1001.6,cal_final_2008-09-30
06847900,xaj_pdd,evaluation,-27.92211,-26.455248,27.356467,11.533277,1014.080359,20,explicit_euler,xaj,success,,997.96,cal_final_2008-09-30
06853800,xaj_pdd,evaluation,-0.496665,-2.538076,3.520822,0.810826,80.675974,20,explicit_euler,xaj,success,,998.72,cal_final_2008-09-30
06876700,xaj_pdd,evaluation,0.189136,-1.46271,2.454493,0.420778,108.960452,20,explicit_euler,xaj,success,,1004.03,cal_final_2008-09-30
06878000,xaj_pdd,evaluation,0.2957,-0.330941,1.23143,0.03086,20.661998,20,explicit_euler,xaj,success,,1007.03,cal_final_2008-09-30
06879650,xaj_pdd,evaluation,0.310774,-0.017441,0.755888,-0.343101,,20,explicit_euler,xaj,success,,1016.77,cal_final_2008-09-30
06885500,xaj_pdd,evaluation,0.43589,-0.117876,1.08,0.088655,28.321118,20,explicit_euler,xaj,success,,1049.66,cal_final_2008-09-30
06888500,xaj_pdd,evaluation,0.401624,0.162401,0.530517,-0.270041,18.713875,20,explicit_euler,xaj,success,,1095.52,cal_final_2008-09-30
06889200,xaj_pdd,evaluation,0.331427,-0.078865,0.997448,0.057213,38.084595,20,explicit_euler,xaj,success,,1118.66,cal_final_2008-09-30
06889500,xaj_pdd,evaluation,0.462573,0.116338,0.757232,-0.080746,23.166294,20,explicit_euler,xaj,success,,1288.1,cal_final_2008-09-30
06892000,xaj_pdd,evaluation,0.429583,0.218535,0.603044,-0.184581,50.964736,20,explicit_euler,xaj,success,,1364.04,cal_final_2008-09-30
06903400,xaj_pdd,evaluation,0.434726,0.202164,0.552632,-0.280025,147.8339,20,explicit_euler,xaj,success,,1395.01,cal_final_2008-09-30
06906800,xaj_pdd,evaluation,0.55756,0.236548,0.636188,-0.131968,53.572344,20,explicit_euler,xaj,success,,1408.42,cal_final_2008-09-30
06910800,xaj_pdd,evaluation,0.491184,0.015889,0.852762,-0.144459,338.200989,20,explicit_euler,xaj,success,,1406.74,cal_final_2008-09-30
06911900,xaj_pdd,evaluation,0.477992,0.128127,0.70312,-0.161918,620.501534,20,explicit_euler,xaj,success,,1426.93,cal_final_2008-09-30
06917000,xaj_pdd,evaluation,0.443088,0.2869,0.397874,-0.259915,235.178418,20,explicit_euler,xaj,success,,1449.28,cal_final_2008-09-30
06918460,xaj_pdd,evaluation,0.535668,0.452307,0.305129,-0.261593,7.534865,20,explicit_euler,xaj,success,,1448.09,cal_final_2008-09-30
06919500,xaj_pdd,evaluation,0.493176,0.207236,0.693307,-0.153796,118.246929,20,explicit_euler,xaj,success,,1468.5,cal_final_2008-09-30
06921070,xaj_pdd,evaluation,0.581192,0.452435,0.454071,-0.200084,26.35433,20,explicit_euler,xaj,success,,1477.72,cal_final_2008-09-30
06921200,xaj_pdd,evaluation,0.508265,0.304686,0.583909,-0.188834,99.267046,20,explicit_euler,xaj,success,,1572.74,cal_final_2008-09-30
07057500,xaj_pdd,evaluation,0.330443,0.459873,0.125057,-0.243358,0.870889,20,explicit_euler,xaj,success,,1554.37,cal_final_2008-09-30
07060710,xaj_pdd,evaluation,-0.037587,-0.145938,0.994405,-0.077001,14.308103,20,explicit_euler,xaj,success,,1637.8,cal_final_2008-09-30
07066000,xaj_pdd,evaluation,0.350888,0.371226,0.131984,-0.265903,1.178129,20,explicit_euler,xaj,success,,1652.13,cal_final_2008-09-30
07083000,xaj_pdd,evaluation,0.84796,0.819573,0.048963,-0.128215,1.497538,20,explicit_euler,xaj,success,,1639.27,cal_final_2008-09-30
07142300,xaj_pdd,evaluation,-49.986103,-19.182478,20.052007,8.79073,1308.518751,20,explicit_euler,xaj,success,,1631.01,cal_final_2008-09-30
07145700,xaj_pdd,evaluation,0.466042,-0.298714,1.237635,0.064238,71.190606,20,explicit_euler,xaj,success,,1641.57,cal_final_2008-09-30
07167500,xaj_pdd,evaluation,0.306544,0.024789,0.677451,-0.202837,195.761963,20,explicit_euler,xaj,success,,1646.89,cal_final_2008-09-30
07180500,xaj_pdd,evaluation,0.462124,0.25916,0.494781,-0.247041,19.445342,20,explicit_euler,xaj,success,,1658.35,cal_final_2008-09-30
07184000,xaj_pdd,evaluation,0.408679,0.177782,0.577807,-0.116969,291.303627,20,explicit_euler,xaj,success,,1682.3,cal_final_2008-09-30
07195800,xaj_pdd,evaluation,0.367329,0.263778,0.417541,-0.223433,3.174591,20,explicit_euler,xaj,success,,1702.19,cal_final_2008-09-30
07196900,xaj_pdd,evaluation,0.410363,0.275986,0.475235,-0.273491,39.717757,20,explicit_euler,xaj,success,,1730.67,cal_final_2008-09-30
07197000,xaj_pdd,evaluation,0.505035,0.405755,0.404719,-0.246746,9.175193,20,explicit_euler,xaj,success,,1736.45,cal_final_2008-09-30
07208500,xaj_pdd,evaluation,-1.910529,-1.41963,2.381141,0.526856,11.528338,20,explicit_euler,xaj,success,,1672.38,cal_final_2008-09-30
07261000,xaj_pdd,evaluation,0.355465,0.420356,0.204583,-0.337522,130.742362,20,explicit_euler,xaj,success,,1750.08,cal_final_2008-09-30
07263295,xaj_pdd,evaluation,0.532654,0.430375,0.512566,-0.116466,1319.613754,20,explicit_euler,xaj,success,,1716.52,cal_final_2008-09-30
07291000,xaj_pdd,evaluation,0.537025,0.29437,0.585212,-0.147368,4.856552,20,explicit_euler,xaj,success,,1030.8,cal_final_2008-09-30
07299670,xaj_pdd,evaluation,-0.040314,-2.70117,3.679247,1.489536,11.753287,20,explicit_euler,xaj,success,,1691.81,cal_final_2008-09-30
07301410,xaj_pdd,evaluation,-27.167097,-7.710745,8.337116,4.137601,86.801702,20,explicit_euler,xaj,success,,1686.3,cal_final_2008-09-30
07315200,xaj_pdd,evaluation,0.129493,-1.589509,2.446101,-0.008858,40796.897993,20,explicit_euler,xaj,success,,1692.62,cal_final_2008-09-30
07315700,xaj_pdd,evaluation,0.283327,-0.227133,0.967276,-0.280644,340.861013,20,explicit_euler,xaj,success,,1696.18,cal_final_2008-09-30
07335700,xaj_pdd,evaluation,0.498078,0.553392,0.033686,-0.334886,59.134084,20,explicit_euler,xaj,success,,1725.53,cal_final_2008-09-30
07340300,xaj_pdd,evaluation,0.452009,0.495604,0.205962,-0.264016,6.309618,20,explicit_euler,xaj,success,,1718.56,cal_final_2008-09-30
07346045,xaj_pdd,evaluation,0.237758,0.16411,0.644496,-0.206867,55.40441,20,explicit_euler,xaj,success,,1710.61,cal_final_2008-09-30
07359610,xaj_pdd,evaluation,0.441318,0.456289,0.150347,-0.150165,1.613808,20,explicit_euler,xaj,success,,1033.52,cal_final_2008-09-30
07362100,xaj_pdd,evaluation,0.417532,0.151083,0.639889,-0.201621,41.237543,20,explicit_euler,xaj,success,,1032.14,cal_final_2008-09-30
07362587,xaj_pdd,evaluation,0.514419,0.419494,0.345868,-0.232892,313.21681,20,explicit_euler,xaj,success,,1033.93,cal_final_2008-09-30
07375000,xaj_pdd,evaluation,0.359638,0.196847,0.357986,-0.33812,2.830699,20,explicit_euler,xaj,success,,1032.59,cal_final_2008-09-30
08013000,xaj_pdd,evaluation,0.44601,0.338488,0.328408,-0.352235,17.654599,20,explicit_euler,xaj,success,,1037.19,cal_final_2008-09-30
08014500,xaj_pdd,evaluation,0.347488,0.323712,0.382204,-0.254758,3.272358,20,explicit_euler,xaj,success,,1037.75,cal_final_2008-09-30
08023080,xaj_pdd,evaluation,0.443504,0.275217,0.589074,-0.151221,777.482176,20,explicit_euler,xaj,success,,1730.2,cal_final_2008-09-30
08050800,xaj_pdd,evaluation,0.36478,-0.204912,0.973941,-0.290841,,20,explicit_euler,xaj,success,,1728.1,cal_final_2008-09-30
08066200,xaj_pdd,evaluation,0.445846,0.037141,0.744863,-0.215936,75.245665,20,explicit_euler,xaj,success,,1676.78,cal_final_2008-09-30
08066300,xaj_pdd,evaluation,0.272635,0.051781,0.688533,-0.288893,9.014567,20,explicit_euler,xaj,success,,1749.84,cal_final_2008-09-30
08070000,xaj_pdd,evaluation,0.350082,-0.039643,0.802488,-0.240588,16.491004,20,explicit_euler,xaj,success,,1709.5,cal_final_2008-09-30
08070200,xaj_pdd,evaluation,0.257208,-0.14261,0.896559,-0.245591,17.316164,20,explicit_euler,xaj,success,,1713.44,cal_final_2008-09-30
08082700,xaj_pdd,evaluation,-0.099796,-4.943783,5.911469,1.441981,,20,explicit_euler,xaj,success,,1693.45,cal_final_2008-09-30
08086212,xaj_pdd,evaluation,0.087505,-3.689184,4.640544,0.764436,319486.110993,20,explicit_euler,xaj,success,,1697.38,cal_final_2008-09-30
08086290,xaj_pdd,evaluation,0.068711,-3.756009,4.718758,0.797438,52929.52239,20,explicit_euler,xaj,success,,1700.19,cal_final_2008-09-30
08101000,xaj_pdd,evaluation,0.417487,-0.83495,1.756917,-0.053445,449.193151,20,explicit_euler,xaj,success,,1707.22,cal_final_2008-09-30
08103900,xaj_pdd,evaluation,0.309041,-0.582346,1.503024,-0.017842,,20,explicit_euler,xaj,success,,1699.2,cal_final_2008-09-30
08104900,xaj_pdd,evaluation,0.454848,-0.243922,1.160052,-0.075451,203.902685,20,explicit_euler,xaj,success,,1694.99,cal_final_2008-09-30
08109700,xaj_pdd,evaluation,0.093523,-1.322078,2.290508,0.400764,1424.470885,20,explicit_euler,xaj,success,,1719.38,cal_final_2008-09-30
08150800,xaj_pdd,evaluation,-0.40394,-5.441832,6.38472,1.572465,371.107997,20,explicit_euler,xaj,success,,1724.72,cal_final_2008-09-30
08158700,xaj_pdd,evaluation,0.412925,-0.203771,1.105242,-0.114906,191.027591,20,explicit_euler,xaj,success,,1664.81,cal_final_2008-09-30
08158810,xaj_pdd,evaluation,0.615662,0.171703,0.810272,0.018866,1223.365421,20,explicit_euler,xaj,success,,1726.52,cal_final_2008-09-30
08164300,xaj_pdd,evaluation,0.523424,-0.2591,1.185569,0.133487,139.650427,20,explicit_euler,xaj,success,,1698.27,cal_final_2008-09-30
08164600,xaj_pdd,evaluation,0.618278,0.084547,0.820618,-0.028332,616.350024,20,explicit_euler,xaj,success,,1705.97,cal_final_2008-09-30
08165300,xaj_pdd,evaluation,-0.696589,-2.081277,3.046855,1.323549,6.535932,20,explicit_euler,xaj,success,,1694.77,cal_final_2008-09-30
08171300,xaj_pdd,evaluation,0.557535,-0.244019,1.209657,0.063239,58.837617,20,explicit_euler,xaj,success,,1695.66,cal_final_2008-09-30
08175000,xaj_pdd,evaluation,0.293286,-1.262569,2.196551,0.31258,139.261772,20,explicit_euler,xaj,success,,1701.39,cal_final_2008-09-30
08176900,xaj_pdd,evaluation,0.263499,-1.730371,2.660342,0.496938,410.470906,20,explicit_euler,xaj,success,,1712.67,cal_final_2008-09-30
08178880,xaj_pdd,evaluation,-0.039454,-0.09808,0.948958,0.683896,2.387252,20,explicit_euler,xaj,success,,1701.91,cal_final_2008-09-30
08189500,xaj_pdd,evaluation,0.298201,-2.34644,3.334094,0.676293,155.391684,20,explicit_euler,xaj,success,,1700.32,cal_final_2008-09-30
08190000,xaj_pdd,evaluation,0.399336,-0.210093,1.159093,0.230369,6.966757,20,explicit_euler,xaj,success,,1715.47,cal_final_2008-09-30
08190500,xaj_pdd,evaluation,-0.02927,-6.055237,7.013551,1.842283,1954.261698,20,explicit_euler,xaj,success,,1707.72,cal_final_2008-09-30
08194200,xaj_pdd,evaluation,-1.154396,-8.195786,9.16871,2.303467,,20,explicit_euler,xaj,success,,1658.93,cal_final_2008-09-30
08195000,xaj_pdd,evaluation,0.290529,0.137645,0.799079,0.192234,3.212471,20,explicit_euler,xaj,success,,1719.46,cal_final_2008-09-30
08196000,xaj_pdd,evaluation,0.271081,-0.480452,1.364603,0.215172,13.140152,20,explicit_euler,xaj,success,,1682.0,cal_final_2008-09-30
08198500,xaj_pdd,evaluation,-0.34043,-2.561704,3.526973,0.818061,205.147438,20,explicit_euler,xaj,success,,1692.68,cal_final_2008-09-30
08200000,xaj_pdd,evaluation,0.468298,0.338588,0.543187,0.18139,9.456704,20,explicit_euler,xaj,success,,1686.8,cal_final_2008-09-30
08202700,xaj_pdd,evaluation,0.199345,-11.576121,12.572618,12.572618,,20,explicit_euler,xaj,success,,1686.33,cal_final_2008-09-30
08267500,xaj_pdd,evaluation,0.599672,0.765801,0.118952,-0.122963,0.842233,20,explicit_euler,xaj,success,,1691.77,cal_final_2008-09-30
08269000,xaj_pdd,evaluation,0.388749,0.371199,0.549179,-0.127579,3.661765,20,explicit_euler,xaj,success,,1695.57,cal_final_2008-09-30
08271000,xaj_pdd,evaluation,0.69245,0.805944,-0.068476,-0.193586,0.196779,20,explicit_euler,xaj,success,,1696.4,cal_final_2008-09-30
08324000,xaj_pdd,evaluation,-4.980039,-1.607837,2.420424,0.479624,9.283204,20,explicit_euler,xaj,success,,1680.26,cal_final_2008-09-30
08377900,xaj_pdd,evaluation,0.059909,-0.045776,0.89785,-0.109411,9.542051,20,explicit_euler,xaj,success,,1704.01,cal_final_2008-09-30
08378500,xaj_pdd,evaluation,0.069971,0.056182,0.759272,-0.151527,5.527085,20,explicit_euler,xaj,success,,1653.94,cal_final_2008-09-30
08380500,xaj_pdd,evaluation,0.231977,0.209175,0.552507,-0.233124,4.685483,20,explicit_euler,xaj,success,,1693.56,cal_final_2008-09-30
09035800,xaj_pdd,evaluation,0.844043,0.767459,0.174064,-0.060212,0.943663,20,explicit_euler,xaj,success,,1660.31,cal_final_2008-09-30
09035900,xaj_pdd,evaluation,0.87847,0.912493,0.015553,-0.032273,-0.109171,20,explicit_euler,xaj,success,,1626.54,cal_final_2008-09-30
09047700,xaj_pdd,evaluation,0.484932,0.107238,0.855044,0.066129,3.126171,20,explicit_euler,xaj,success,,1621.96,cal_final_2008-09-30
09065500,xaj_pdd,evaluation,0.792123,0.847248,-0.086402,-0.141452,0.374477,20,explicit_euler,xaj,success,,1626.3,cal_final_2008-09-30
09066000,xaj_pdd,evaluation,0.786028,0.741584,0.161853,-0.152991,2.681643,20,explicit_euler,xaj,success,,1619.39,cal_final_2008-09-30
09066200,xaj_pdd,evaluation,0.699025,0.620144,0.290415,-0.139419,6.068948,20,explicit_euler,xaj,success,,1621.04,cal_final_2008-09-30
09066300,xaj_pdd,evaluation,0.029964,-0.143211,0.211982,-0.667384,17.930168,20,explicit_euler,xaj,success,,1643.41,cal_final_2008-09-30
09081600,xaj_pdd,evaluation,0.790711,0.721558,0.263151,0.033631,1.579183,20,explicit_euler,xaj,success,,1637.99,cal_final_2008-09-30
09107000,xaj_pdd,evaluation,0.527473,0.315365,0.668396,0.078484,2.72339,20,explicit_euler,xaj,success,,1599.82,cal_final_2008-09-30
09210500,xaj_pdd,evaluation,0.43532,0.533921,0.390862,0.024432,1.77832,20,explicit_euler,xaj,success,,1527.32,cal_final_2008-09-30
09223000,xaj_pdd,evaluation,0.483011,0.425038,0.533079,0.042846,5.095656,20,explicit_euler,xaj,success,,1448.36,cal_final_2008-09-30
09306242,xaj_pdd,evaluation,-11.236926,-4.49608,5.286573,1.810769,28.481965,20,explicit_euler,xaj,success,,1467.9,cal_final_2008-09-30
09312600,xaj_pdd,evaluation,0.197285,-0.368217,1.27918,-0.060415,16.250856,20,explicit_euler,xaj,success,,1523.2,cal_final_2008-09-30
09352900,xaj_pdd,evaluation,0.701645,0.772694,0.139351,-0.127481,2.370592,20,explicit_euler,xaj,success,,1484.96,cal_final_2008-09-30
09378170,xaj_pdd,evaluation,-0.473729,-1.682351,2.66778,0.50649,55.404051,20,explicit_euler,xaj,success,,1483.93,cal_final_2008-09-30
09386900,xaj_pdd,evaluation,-0.037347,-1.130572,1.899504,-0.174582,341.37326,20,explicit_euler,xaj,success,,1473.57,cal_final_2008-09-30
09404450,xaj_pdd,evaluation,-2.205492,-0.334176,0.682466,0.527617,1.516968,20,explicit_euler,xaj,success,,1482.9,cal_final_2008-09-30
09430600,xaj_pdd,evaluation,-0.306001,0.265412,0.333683,-0.143614,20.346971,20,explicit_euler,xaj,success,,1490.49,cal_final_2008-09-30
09447800,xaj_pdd,evaluation,0.165051,-1.983115,2.860203,0.402689,20.591362,20,explicit_euler,xaj,success,,1492.23,cal_final_2008-09-30
09484600,xaj_pdd,evaluation,-46.819569,-24.204626,24.881346,9.925133,246.468755,20,explicit_euler,xaj,success,,1494.32,cal_final_2008-09-30
09492400,xaj_pdd,evaluation,0.392527,0.369347,-0.209651,-0.530397,0.839125,20,explicit_euler,xaj,success,,1039.56,cal_final_2008-09-30
09494000,xaj_pdd,evaluation,0.037786,0.305111,0.373816,-0.399501,5.196799,20,explicit_euler,xaj,success,,1510.93,cal_final_2008-09-30
09497980,xaj_pdd,evaluation,-0.099733,-1.756867,2.738836,0.526256,17.573745,20,explicit_euler,xaj,success,,1589.9,cal_final_2008-09-30
09505350,xaj_pdd,evaluation,0.518679,-0.574388,1.531037,0.149635,,20,explicit_euler,xaj,success,,1594.04,cal_final_2008-09-30
09505800,xaj_pdd,evaluation,0.044251,-0.756731,1.691873,0.472865,5.837309,20,explicit_euler,xaj,success,,1653.46,cal_final_2008-09-30
09508300,xaj_pdd,evaluation,0.413352,0.318521,0.602093,0.209452,23735.217724,20,explicit_euler,xaj,success,,1710.39,cal_final_2008-09-30
09510200,xaj_pdd,evaluation,0.547266,0.303338,0.66066,0.091461,4598.205928,20,explicit_euler,xaj,success,,1667.57,cal_final_2008-09-30
09512280,xaj_pdd,evaluation,0.525813,-1.683164,2.67643,0.839008,,20,explicit_euler,xaj,success,,1666.09,cal_final_2008-09-30
09513780,xaj_pdd,evaluation,0.668548,-0.299761,1.266838,0.344522,,20,explicit_euler,xaj,success,,1664.76,cal_final_2008-09-30
10234500,xaj_pdd,evaluation,0.46033,0.38096,0.581044,0.045591,1.76339,20,explicit_euler,xaj,success,,1672.81,cal_final_2008-09-30
10244950,xaj_pdd,evaluation,0.520329,0.647079,0.177044,0.072916,0.284551,20,explicit_euler,xaj,success,,1668.53,cal_final_2008-09-30
10259000,xaj_pdd,evaluation,0.651196,0.756836,-0.147314,-0.090071,-0.142243,20,explicit_euler,xaj,success,,1640.72,cal_final_2008-09-30
10336645,xaj_pdd,evaluation,0.70006,0.763134,-0.121537,-0.270431,1.593452,20,explicit_euler,xaj,success,,1683.25,cal_final_2008-09-30
10336660,xaj_pdd,evaluation,0.702833,0.571864,-0.244052,-0.300421,0.121399,20,explicit_euler,xaj,success,,1682.56,cal_final_2008-09-30
10343500,xaj_pdd,evaluation,0.503799,0.300271,0.626518,-0.034762,5.110332,20,explicit_euler,xaj,success,,1671.67,cal_final_2008-09-30
11124500,xaj_pdd,evaluation,0.032777,-1.393415,2.370821,0.37936,,20,explicit_euler,xaj,success,,1678.18,cal_final_2008-09-30
11141280,xaj_pdd,evaluation,0.492667,0.24562,0.727384,0.047207,5.1207,20,explicit_euler,xaj,success,,1666.88,cal_final_2008-09-30
11143000,xaj_pdd,evaluation,0.823724,0.773073,0.15107,-0.028333,1.181459,20,explicit_euler,xaj,success,,1645.76,cal_final_2008-09-30
11148900,xaj_pdd,evaluation,0.770672,0.764984,-0.035788,-0.085349,,20,explicit_euler,xaj,success,,1674.25,cal_final_2008-09-30
11151300,xaj_pdd,evaluation,-0.533102,-2.925908,3.869211,1.372733,735.36466,20,explicit_euler,xaj,success,,1673.84,cal_final_2008-09-30
11176400,xaj_pdd,evaluation,0.567206,0.189179,0.719749,-0.024407,,20,explicit_euler,xaj,success,,1673.59,cal_final_2008-09-30
11230500,xaj_pdd,evaluation,0.033546,-0.056579,-0.15417,-0.704649,7.524222,20,explicit_euler,xaj,success,,1735.37,cal_final_2008-09-30
11237500,xaj_pdd,evaluation,0.616242,0.700677,0.134672,-0.121005,6.482379,20,explicit_euler,xaj,success,,1679.36,cal_final_2008-09-30
11264500,xaj_pdd,evaluation,0.707142,0.71244,0.250963,0.007157,13.026574,20,explicit_euler,xaj,success,,1644.89,cal_final_2008-09-30
11266500,xaj_pdd,evaluation,0.690503,0.724928,0.226017,-0.001108,9.95261,20,explicit_euler,xaj,success,,1672.69,cal_final_2008-09-30
11284400,xaj_pdd,evaluation,0.516675,-0.097067,1.048068,0.02741,,20,explicit_euler,xaj,success,,1670.48,cal_final_2008-09-30
11381500,xaj_pdd,evaluation,0.702419,0.725753,0.2364,0.058906,0.423413,20,explicit_euler,xaj,success,,1655.99,cal_final_2008-09-30
11451100,xaj_pdd,evaluation,0.623498,0.638688,-0.189731,-0.253075,2.235844,20,explicit_euler,xaj,success,,1694.81,cal_final_2008-09-30
11468500,xaj_pdd,evaluation,0.782151,0.644059,0.307055,0.034019,5.082672,20,explicit_euler,xaj,success,,1659.34,cal_final_2008-09-30
11473900,xaj_pdd,evaluation,0.693943,0.406956,0.57316,0.126344,38.002397,20,explicit_euler,xaj,success,,1659.07,cal_final_2008-09-30
11475560,xaj_pdd,evaluation,0.763221,0.760224,0.026465,-0.073801,-0.193631,20,explicit_euler,xaj,success,,1683.81,cal_final_2008-09-30
11476600,xaj_pdd,evaluation,0.797169,0.77112,0.013727,-0.097304,0.303318,20,explicit_euler,xaj,success,,1687.56,cal_final_2008-09-30
11478500,xaj_pdd,evaluation,0.753199,0.768331,0.013294,-0.115485,0.467169,20,explicit_euler,xaj,success,,1690.14,cal_final_2008-09-30
11480390,xaj_pdd,evaluation,0.75888,0.507997,0.475708,0.071277,949.595932,20,explicit_euler,xaj,success,,1658.36,cal_final_2008-09-30
11481200,xaj_pdd,evaluation,0.794504,0.767234,0.119344,-0.060116,1.872536,20,explicit_euler,xaj,success,,1688.9,cal_final_2008-09-30
11482500,xaj_pdd,evaluation,0.839569,0.838919,0.103031,0.000708,0.875134,20,explicit_euler,xaj,success,,1729.21,cal_final_2008-09-30
11522500,xaj_pdd,evaluation,0.745716,0.846231,-0.011369,-0.091557,0.301476,20,explicit_euler,xaj,success,,1698.84,cal_final_2008-09-30
11523200,xaj_pdd,evaluation,0.759702,0.835445,0.068619,-0.048212,-0.087954,20,explicit_euler,xaj,success,,1683.58,cal_final_2008-09-30
11528700,xaj_pdd,evaluation,0.6871,0.372376,0.587868,0.041222,11.414653,20,explicit_euler,xaj,success,,1648.17,cal_final_2008-09-30
11532500,xaj_pdd,evaluation,0.849308,0.886256,0.041005,-0.046105,-0.224065,20,explicit_euler,xaj,success,,1693.79,cal_final_2008-09-30
12010000,xaj_pdd,evaluation,0.822466,0.777491,-0.040027,-0.097472,-0.110113,20,explicit_euler,xaj,success,,1729.07,cal_final_2008-09-30
12013500,xaj_pdd,evaluation,0.783142,0.58003,0.409408,0.126105,5.789554,20,explicit_euler,xaj,success,,1687.01,cal_final_2008-09-30
12020000,xaj_pdd,evaluation,0.724752,0.777051,0.098772,-0.044771,0.925318,20,explicit_euler,xaj,success,,1732.01,cal_final_2008-09-30
12025700,xaj_pdd,evaluation,0.82178,0.865236,0.005236,-0.090458,-0.016314,20,explicit_euler,xaj,success,,1762.36,cal_final_2008-09-30
12035000,xaj_pdd,evaluation,0.826578,0.750027,-0.089933,-0.158001,-0.233095,20,explicit_euler,xaj,success,,1718.6,cal_final_2008-09-30
12040500,xaj_pdd,evaluation,0.761676,0.66594,-0.139163,-0.201235,-0.233422,20,explicit_euler,xaj,success,,1728.77,cal_final_2008-09-30
12041200,xaj_pdd,evaluation,0.692839,0.81984,0.015029,-0.019925,0.16816,20,explicit_euler,xaj,success,,1742.91,cal_final_2008-09-30
12048000,xaj_pdd,evaluation,0.207607,0.229852,0.137362,-0.383482,2.59726,20,explicit_euler,xaj,success,,1714.64,cal_final_2008-09-30
12054000,xaj_pdd,evaluation,0.655817,0.817646,-0.039038,-0.131515,0.812447,20,explicit_euler,xaj,success,,1715.74,cal_final_2008-09-30
12056500,xaj_pdd,evaluation,0.706542,0.83579,0.035229,-0.100807,0.768357,20,explicit_euler,xaj,success,,1696.83,cal_final_2008-09-30
12073500,xaj_pdd,evaluation,0.713567,0.547705,0.356181,-0.023086,1.292724,20,explicit_euler,xaj,success,,1705.52,cal_final_2008-09-30
12082500,xaj_pdd,evaluation,0.591833,0.621138,0.124354,-0.124378,0.879862,20,explicit_euler,xaj,success,,1712.69,cal_final_2008-09-30
12092000,xaj_pdd,evaluation,0.530713,0.615441,0.210282,-0.092246,1.143704,20,explicit_euler,xaj,success,,1722.91,cal_final_2008-09-30
12114500,xaj_pdd,evaluation,0.607847,0.621912,0.018085,-0.188159,0.859362,20,explicit_euler,xaj,success,,1683.03,cal_final_2008-09-30
12115000,xaj_pdd,evaluation,0.671149,0.636777,-0.001292,-0.22181,0.891924,20,explicit_euler,xaj,success,,1711.15,cal_final_2008-09-30
12117000,xaj_pdd,evaluation,0.754553,0.711914,-0.006672,-0.174187,0.194983,20,explicit_euler,xaj,success,,1752.15,cal_final_2008-09-30
12143600,xaj_pdd,evaluation,0.708635,0.729919,-0.027255,-0.185684,0.438939,20,explicit_euler,xaj,success,,1716.54,cal_final_2008-09-30
12144000,xaj_pdd,evaluation,0.729961,0.757728,-0.034461,-0.161743,0.139623,20,explicit_euler,xaj,success,,1720.22,cal_final_2008-09-30
12145500,xaj_pdd,evaluation,0.815188,0.78538,0.015261,-0.122411,0.442221,20,explicit_euler,xaj,success,,1712.59,cal_final_2008-09-30
12147500,xaj_pdd,evaluation,0.718541,0.66167,-0.220787,-0.261127,-0.147059,20,explicit_euler,xaj,success,,1728.86,cal_final_2008-09-30
12167000,xaj_pdd,evaluation,0.616223,0.544492,-0.161198,-0.309637,0.236092,20,explicit_euler,xaj,success,,1727.45,cal_final_2008-09-30
12175500,xaj_pdd,evaluation,0.444142,0.609999,0.05097,-0.227807,1.06061,20,explicit_euler,xaj,success,,1683.82,cal_final_2008-09-30
12178100,xaj_pdd,evaluation,0.466786,0.612606,0.000322,-0.203178,1.032019,20,explicit_euler,xaj,success,,1705.68,cal_final_2008-09-30
12186000,xaj_pdd,evaluation,0.593082,0.761725,-0.051168,-0.161394,0.421991,20,explicit_euler,xaj,success,,1714.75,cal_final_2008-09-30
12189500,xaj_pdd,evaluation,0.426452,0.587137,0.036275,-0.210867,0.837144,20,explicit_euler,xaj,success,,1716.6,cal_final_2008-09-30
12375900,xaj_pdd,evaluation,0.55567,0.680413,0.240511,0.106689,0.595781,20,explicit_euler,xaj,success,,1650.21,cal_final_2008-09-30
12377150,xaj_pdd,evaluation,0.750935,0.827502,-0.113104,-0.096522,-0.642083,20,explicit_euler,xaj,success,,1657.25,cal_final_2008-09-30
12381400,xaj_pdd,evaluation,-0.011205,-0.142227,1.107378,0.424262,5.925153,20,explicit_euler,xaj,success,,1675.22,cal_final_2008-09-30
12383500,xaj_pdd,evaluation,0.270775,0.553627,0.368994,0.185029,0.737457,20,explicit_euler,xaj,success,,1725.95,cal_final_2008-09-30
12390700,xaj_pdd,evaluation,0.177997,0.282896,0.600067,-0.118795,5.560312,20,explicit_euler,xaj,success,,1689.18,cal_final_2008-09-30
12411000,xaj_pdd,evaluation,0.50804,0.6251,0.181793,-0.173394,2.879542,20,explicit_euler,xaj,success,,1696.7,cal_final_2008-09-30
12447390,xaj_pdd,evaluation,0.526903,0.333028,0.512513,-0.213316,7.932468,20,explicit_euler,xaj,success,,1658.16,cal_final_2008-09-30
12451000,xaj_pdd,evaluation,0.659656,0.781172,0.116391,-0.029093,1.790939,20,explicit_euler,xaj,success,,1684.64,cal_final_2008-09-30
12488500,xaj_pdd,evaluation,0.490881,0.529431,0.387412,-0.059382,4.209337,20,explicit_euler,xaj,success,,1662.78,cal_final_2008-09-30
13011500,xaj_pdd,evaluation,0.803617,0.660825,0.326733,0.058619,2.034053,20,explicit_euler,xaj,success,,1671.98,cal_final_2008-09-30
13011900,xaj_pdd,evaluation,0.744973,0.519977,0.469107,0.156125,1.840736,20,explicit_euler,xaj,success,,1667.16,cal_final_2008-09-30
13018300,xaj_pdd,evaluation,0.55649,0.524535,0.446688,0.025289,1.945422,20,explicit_euler,xaj,success,,1642.86,cal_final_2008-09-30
13023000,xaj_pdd,evaluation,0.534333,0.47129,0.481898,-0.052232,2.629792,20,explicit_euler,xaj,success,,1687.84,cal_final_2008-09-30
13161500,xaj_pdd,evaluation,0.146806,0.039224,0.932874,0.137968,9.023318,20,explicit_euler,xaj,success,,1652.97,cal_final_2008-09-30
13235000,xaj_pdd,evaluation,0.804326,0.800876,0.179741,0.028114,0.810006,20,explicit_euler,xaj,success,,1672.15,cal_final_2008-09-30
13240000,xaj_pdd,evaluation,0.835384,0.817929,0.155301,-0.052978,3.151208,20,explicit_euler,xaj,success,,1713.41,cal_final_2008-09-30
13313000,xaj_pdd,evaluation,0.658496,0.358026,0.626455,0.197191,3.10693,20,explicit_euler,xaj,success,,1645.04,cal_final_2008-09-30
13331500,xaj_pdd,evaluation,0.657161,0.702689,0.235344,0.148741,1.651523,20,explicit_euler,xaj,success,,1680.83,cal_final_2008-09-30
14020000,xaj_pdd,evaluation,0.329595,0.609206,0.154425,-0.114119,-0.091013,20,explicit_euler,xaj,success,,1692.53,cal_final_2008-09-30
14096850,xaj_pdd,evaluation,0.505529,0.372529,0.487476,-0.136482,1.455279,20,explicit_euler,xaj,success,,1688.5,cal_final_2008-09-30
14137000,xaj_pdd,evaluation,0.745213,0.676818,0.011967,-0.170918,0.259106,20,explicit_euler,xaj,success,,1684.46,cal_final_2008-09-30
14138800,xaj_pdd,evaluation,0.714,0.715924,-0.021756,-0.223446,1.098552,20,explicit_euler,xaj,success,,1716.75,cal_final_2008-09-30
14138870,xaj_pdd,evaluation,0.785914,0.802105,-0.013123,-0.16344,0.906378,20,explicit_euler,xaj,success,,1713.83,cal_final_2008-09-30
14138900,xaj_pdd,evaluation,0.666837,0.708263,-0.11204,-0.175203,-0.29124,20,explicit_euler,xaj,success,,1688.32,cal_final_2008-09-30
14139800,xaj_pdd,evaluation,0.79129,0.774184,-0.106528,-0.16317,-0.220307,20,explicit_euler,xaj,success,,1723.45,cal_final_2008-09-30
14141500,xaj_pdd,evaluation,0.822611,0.815314,0.047208,-0.110913,0.539768,20,explicit_euler,xaj,success,,1702.28,cal_final_2008-09-30
14154500,xaj_pdd,evaluation,0.712744,0.64979,0.265615,-0.123905,5.670482,20,explicit_euler,xaj,success,,1702.33,cal_final_2008-09-30
14158790,xaj_pdd,evaluation,0.678683,0.682605,-0.001448,-0.222797,1.634668,20,explicit_euler,xaj,success,,1678.74,cal_final_2008-09-30
14166500,xaj_pdd,evaluation,0.799519,0.748242,0.232434,0.063992,0.571742,20,explicit_euler,xaj,success,,1701.56,cal_final_2008-09-30
14182500,xaj_pdd,evaluation,0.722359,0.667174,-0.04155,-0.189043,1.03576,20,explicit_euler,xaj,success,,1748.76,cal_final_2008-09-30
14185000,xaj_pdd,evaluation,0.755792,0.731419,0.165857,-0.06606,1.326383,20,explicit_euler,xaj,success,,1707.43,cal_final_2008-09-30
14185900,xaj_pdd,evaluation,0.801461,0.753947,-0.092584,-0.209425,0.298755,20,explicit_euler,xaj,success,,1709.24,cal_final_2008-09-30
14187000,xaj_pdd,evaluation,0.827902,0.775547,0.147172,-0.064039,2.633621,20,explicit_euler,xaj,success,,1683.15,cal_final_2008-09-30
14216500,xaj_pdd,evaluation,0.59887,0.596058,-0.000474,-0.234935,0.287146,20,explicit_euler,xaj,success,,1711.64,cal_final_2008-09-30
14222500,xaj_pdd,evaluation,0.767475,0.741657,0.033756,-0.142735,0.909021,20,explicit_euler,xaj,success,,1706.37,cal_final_2008-09-30
14236200,xaj_pdd,evaluation,0.754636,0.687037,-0.102608,-0.219846,0.008278,20,explicit_euler,xaj,success,,1684.4,cal_final_2008-09-30
14301000,xaj_pdd,evaluation,0.835547,0.659773,0.324115,0.033721,8.345623,20,explicit_euler,xaj,success,,1719.22,cal_final_2008-09-30
14303200,xaj_pdd,evaluation,0.747692,0.660014,0.165449,-0.158772,3.082925,20,explicit_euler,xaj,success,,1719.9,cal_final_2008-09-30
14305500,xaj_pdd,evaluation,0.833579,0.878258,0.039535,-0.038815,0.197323,20,explicit_euler,xaj,success,,1710.02,cal_final_2008-09-30
14306340,xaj_pdd,evaluation,0.790947,0.767344,0.152852,-0.036343,1.534728,20,explicit_euler,xaj,success,,1680.3,cal_final_2008-09-30
14306500,xaj_pdd,evaluation,0.78911,0.649439,0.337687,0.069143,2.365245,20,explicit_euler,xaj,success,,1709.73,cal_final_2008-09-30
14308990,xaj_pdd,evaluation,0.629136,0.371512,0.487413,-0.117395,6.259315,20,explicit_euler,xaj,success,,1691.2,cal_final_2008-09-30
14309500,xaj_pdd,evaluation,0.672535,0.432072,0.55406,0.058763,15.993532,20,explicit_euler,xaj,success,,1734.48,cal_final_2008-09-30
14316700,xaj_pdd,evaluation,0.743594,0.736839,0.104136,-0.1768,1.478823,20,explicit_euler,xaj,success,,1702.85,cal_final_2008-09-30
14325000,xaj_pdd,evaluation,0.756458,0.615439,0.352205,-0.044241,10.979795,20,explicit_euler,xaj,success,,1683.67,cal_final_2008-09-30
14362250,xaj_pdd,evaluation,-0.704851,-2.089664,3.07612,0.914893,126.287376,20,explicit_euler,xaj,success,,1686.09,cal_final_2008-09-30
14400000,xaj_pdd,evaluation,0.860537,0.886438,0.001302,-0.098763,0.259908,20,explicit_euler,xaj,success,,1703.56,cal_final_2008-09-30
