category,basin_id,relative_path,bytes,sha256
maurer_forcing,08190500,data/camels_us/basin_mean_forcing/maurer/12/08190500_lump_maurer_forcing_leap.txt,628577,6ba777833a3b8c61b811bf3cb2797418a16c1e81cf50bac8548b9d647e27cc08
usgs_streamflow,08190500,data/camels_us/usgs_streamflow/12/08190500_streamflow_qc.txt,396644,bf0ee8687abf800591db05fa19be4094fcc29e065ca7f93e43bc75f4a4b37f39
maurer_forcing,07299670,data/camels_us/basin_mean_forcing/maurer/11/07299670_lump_maurer_forcing_leap.txt,625832,6241ce63cda47501a70c326a0199704582e0516a53f081a517e3790ef53345bc
usgs_streamflow,07299670,data/camels_us/usgs_streamflow/11/07299670_streamflow_qc.txt,396614,ab89b9f5ef41179d1f32941b395d5b3639c927151fc71e37c8cf6243be85fb98
maurer_forcing,08198500,data/camels_us/basin_mean_forcing/maurer/12/08198500_lump_maurer_forcing_leap.txt,629041,3711e404d52e347212109d00b7cc8f751cec1e549e8397265d733fe778b07a88
usgs_streamflow,08198500,data/camels_us/usgs_streamflow/12/08198500_streamflow_qc.txt,396524,e18fdaa9ab387b80932f5fef252dc6b27052bec2d1cebe18ca8de6ab7548e66a
maurer_forcing,08195000,data/camels_us/basin_mean_forcing/maurer/12/08195000_lump_maurer_forcing_leap.txt,628164,ce2be154d63157da52bd6d85977556dfd09cb22730d3732f8b5b185a8cfb8664
usgs_streamflow,08195000,data/camels_us/usgs_streamflow/12/08195000_streamflow_qc.txt,396490,6a020a7426cf8d2490cbef9544df45cd799a6517126745da1aac7b5a88f22afc
maurer_forcing,08202700,data/camels_us/basin_mean_forcing/maurer/12/08202700_lump_maurer_forcing_leap.txt,629732,e8d15cf24cd0d16393eccf265003307a5cf29536b53b19fd0d313225d744e196
usgs_streamflow,08202700,data/camels_us/usgs_streamflow/12/08202700_streamflow_qc.txt,396394,4353344315e0418ed741218ffa47369504df43556c3d4c931fd8d442729b9a28
maurer_forcing,08164300,data/camels_us/basin_mean_forcing/maurer/12/08164300_lump_maurer_forcing_leap.txt,632294,230d39355cb172aaddb6c563bd63c9a192c0c487407554558f025e335657e776
usgs_streamflow,08164300,data/camels_us/usgs_streamflow/12/08164300_streamflow_qc.txt,397006,8a35885260f15f27eef0ef2fffba79ea9b33d3fcd35b0a7af1fc9f8933c0a906
maurer_forcing,08109700,data/camels_us/basin_mean_forcing/maurer/12/08109700_lump_maurer_forcing_leap.txt,630908,4460d73353b6211f6198c2ab53d49331188eb6bf885cbffcaad5ec1259c74511
usgs_streamflow,08109700,data/camels_us/usgs_streamflow/12/08109700_streamflow_qc.txt,396508,3fd69df7c41f176079d85ef077b9e8d32386cfc46d28c836bd0405c07085e97a
maurer_forcing,06350000,data/camels_us/basin_mean_forcing/maurer/10/06350000_lump_maurer_forcing_leap.txt,623186,3fab24c5f444cb0328d420360bd3da1af26fe1ce669c7ff25f096129d5dd28d8
usgs_streamflow,06350000,data/camels_us/usgs_streamflow/10/06350000_streamflow_qc.txt,402462,05e2e9db55ab912f3c671f569b3f81b1f408ed0f89ca374a5dc9a36de0bcefbd
maurer_forcing,06332515,data/camels_us/basin_mean_forcing/maurer/10/06332515_lump_maurer_forcing_leap.txt,624071,f82b1ec348347cbadf428eacfb38bfc44e9bce579e44d85413e5db4a89d24fb8
usgs_streamflow,06332515,data/camels_us/usgs_streamflow/10/06332515_streamflow_qc.txt,405458,2e9c33af08c55ebe3d9c60669b24f453e81bc64340d07a4e4c7e6db71190f5ea
maurer_forcing,12377150,data/camels_us/basin_mean_forcing/maurer/17/12377150_lump_maurer_forcing_leap.txt,621149,81f1de89dd784b28d23c15b112a2281c1a42778b944fe0f2718b3e260c58213e
usgs_streamflow,12377150,data/camels_us/usgs_streamflow/17/12377150_streamflow_qc.txt,366788,b5de5b575ffd6a195962332af38bc25f9f4a0403498957fb904109e6ef230bd2
maurer_forcing,07301410,data/camels_us/basin_mean_forcing/maurer/11/07301410_lump_maurer_forcing_leap.txt,624690,76f808f69cad1b54d631375998e71238b3d206719bbaae430470ff00191de8fe
usgs_streamflow,07301410,data/camels_us/usgs_streamflow/11/07301410_streamflow_qc.txt,396846,8f065a5262d25b4a9244f14fbe5d2f5b54c045f641706d36766667e5fbd39927
maurer_forcing,06632400,data/camels_us/basin_mean_forcing/maurer/10/06632400_lump_maurer_forcing_leap.txt,622114,a7e3fb9a44abb761935b179cab0a6a386a7bc48ffe64d0dc16d93a0bbd5c7012
usgs_streamflow,06632400,data/camels_us/usgs_streamflow/10/06632400_streamflow_qc.txt,399766,9293f177d6fd7cca6f4d964cca9a748e72eb24df655ae92a82b2aed168a69bad
maurer_forcing,01411300,data/camels_us/basin_mean_forcing/maurer/02/01411300_lump_maurer_forcing_leap.txt,624343,bb03e02009e70487dde0bc4a23322ebd7aee9f73e9eff59a6709c9dfa92b6c2f
usgs_streamflow,01411300,data/camels_us/usgs_streamflow/02/01411300_streamflow_qc.txt,396792,e05b2fa43cab8ffdae4fb12e4f73211bdd35804f1cda5186a8c039d768817dd9
maurer_forcing,09512280,data/camels_us/basin_mean_forcing/maurer/15/09512280_lump_maurer_forcing_leap.txt,625328,4811f9ad2d0954a21ca5823c3306b0d79443baca735c56f7495e7b24c5936375
usgs_streamflow,09512280,data/camels_us/usgs_streamflow/15/09512280_streamflow_qc.txt,388630,f278c6e1f2a4983898b02576b8cd10aacb1e0d4f5d4cce04603551761f7a0469
maurer_forcing,11141280,data/camels_us/basin_mean_forcing/maurer/18/11141280_lump_maurer_forcing_leap.txt,621359,d61464d041b82dd2df15478fa19de5fd27ad5dc74ce118e7f057cd8ac1835a84
usgs_streamflow,11141280,data/camels_us/usgs_streamflow/18/11141280_streamflow_qc.txt,397510,e01baeb53ddb1db620cb0fc07b2ea9426e1f9fb0e741a492e206fb6ea2d70c0d
maurer_forcing,08171300,data/camels_us/basin_mean_forcing/maurer/12/08171300_lump_maurer_forcing_leap.txt,629624,431db84d96e0e163317465ce8cbafc483199dc52b051296ab92c490050d92e58
usgs_streamflow,08171300,data/camels_us/usgs_streamflow/12/08171300_streamflow_qc.txt,397204,a2c44ad547b7beb2082108232f09bd356a0efc37ac95c5bcd66de03923204393
maurer_forcing,09107000,data/camels_us/basin_mean_forcing/maurer/14/09107000_lump_maurer_forcing_leap.txt,621330,3197983ffbeaf717cb69c737aefc9b8e6095ccd54fe4b6f43883dea686083e74
usgs_streamflow,09107000,data/camels_us/usgs_streamflow/14/09107000_streamflow_qc.txt,313500,1680ef30a0a895438af58e2a0da383030d0d58c675c645c235a1d5554f77fdb7
maurer_forcing,14303200,data/camels_us/basin_mean_forcing/maurer/17/14303200_lump_maurer_forcing_leap.txt,615495,fc078abc01ee47032f67b10dabc6a9d1e7b9808d931ca0ed7d05d0762f906d5b
usgs_streamflow,14303200,data/camels_us/usgs_streamflow/17/14303200_streamflow_qc.txt,357479,a224b67b52b4809542ccdd16c1ab46a4cd5371c699962bec6f28f6b28179c846
maurer_forcing,11473900,data/camels_us/basin_mean_forcing/maurer/18/11473900_lump_maurer_forcing_leap.txt,616367,b36025cac1c05c1dcdb02737c5b527d5bb43741b13c79b832305831c0d096b02
usgs_streamflow,11473900,data/camels_us/usgs_streamflow/18/11473900_streamflow_qc.txt,397946,51ac2389ed0bee2c20061da1fefb068ad14afb751a63357a50f77e3cb53fa651
maurer_forcing,08380500,data/camels_us/basin_mean_forcing/maurer/13/08380500_lump_maurer_forcing_leap.txt,617398,d67c0097bbf18cfcfda363eb577014361d7021e9c8d1c15fb28471f9ef151264
usgs_streamflow,08380500,data/camels_us/usgs_streamflow/13/08380500_streamflow_qc.txt,400294,d407d90e397af69ee489b49ed85fdf4540c78b79f30891c79bcef79a65844cc7
maurer_forcing,09312600,data/camels_us/basin_mean_forcing/maurer/14/09312600_lump_maurer_forcing_leap.txt,620497,ddd36f42f3c1fd7335e42ca47853fdf14d331407a6e56ba7488a5074e2fa64b3
usgs_streamflow,09312600,data/camels_us/usgs_streamflow/14/09312600_streamflow_qc.txt,404788,4f44582d95fc4ede69eaae1f3302463fbce3854cc3c47ac0fd843e71cd588628
maurer_forcing,04127997,data/camels_us/basin_mean_forcing/maurer/04/04127997_lump_maurer_forcing_leap.txt,623708,593df157804a083fc84affc707a83b0c2a71afb3dc39dd20f8ee79c5130d3685
usgs_streamflow,04127997,data/camels_us/usgs_streamflow/04/04127997_streamflow_qc.txt,397922,2b1f11278a584eaf514aa07bcb63636f10e579b55e9d31e3c61710afb5349799
maurer_forcing,06623800,data/camels_us/basin_mean_forcing/maurer/10/06623800_lump_maurer_forcing_leap.txt,621911,05ac378825dd5c110331eb3f043c4483f5b8e4c465d734f33dac78dd1276ce8c
usgs_streamflow,06623800,data/camels_us/usgs_streamflow/10/06623800_streamflow_qc.txt,399792,a485f096e5875775db847ff5cac4bf6e9be31f43a8c356e79170da084ebc0962
maurer_forcing,06404000,data/camels_us/basin_mean_forcing/maurer/10/06404000_lump_maurer_forcing_leap.txt,621351,641464027d9c9e91280d666dd630ca61fb7a6cdff84bc9a646d57a789798feaf
usgs_streamflow,06404000,data/camels_us/usgs_streamflow/10/06404000_streamflow_qc.txt,400456,ac940d7b90d1a3243cef9be99ccb62fb4fca5226daf8bc46f5a3f9f4a364d846
maurer_forcing,09047700,data/camels_us/basin_mean_forcing/maurer/14/09047700_lump_maurer_forcing_leap.txt,620372,5987e47b626dcceec43dad6e5e164d230efc5260a3380e89a977340c5d81f89e
usgs_streamflow,09047700,data/camels_us/usgs_streamflow/14/09047700_streamflow_qc.txt,401418,970db36013166ece744603678f5af5717b5125fb70bd13cb8ded90d951ab6751
maurer_forcing,05413500,data/camels_us/basin_mean_forcing/maurer/07/05413500_lump_maurer_forcing_leap.txt,625722,c6c3bbdbd6b2cf6cc95a1ec563ea1dd86494108767d4eb679506e07a7d57f188
usgs_streamflow,05413500,data/camels_us/usgs_streamflow/07/05413500_streamflow_qc.txt,400800,a30731237e8f10b9e7ebf9a4e4f746d4e67e0a71376980fb79990d0d1b3d62b5
maurer_forcing,08378500,data/camels_us/basin_mean_forcing/maurer/13/08378500_lump_maurer_forcing_leap.txt,618451,0f39cffb0487ae6be5c5deaefd0305e21a9b79c091e18a198a66380ebfcf76b4
usgs_streamflow,08378500,data/camels_us/usgs_streamflow/13/08378500_streamflow_qc.txt,401080,1bd905d8c714aaa85a1d3d9f2604b3cde7b325381f04e5f5bfc19dc672cf6ce4
maurer_forcing,08050800,data/camels_us/basin_mean_forcing/maurer/12/08050800_lump_maurer_forcing_leap.txt,628332,cb555b82ec52ce5757cbecf19f769aa9ed4ad19db1bae79d1cc3d15002dea148
usgs_streamflow,08050800,data/camels_us/usgs_streamflow/12/08050800_streamflow_qc.txt,331594,6cd0ea6f51d769f755689bff2981fd9660cad3f47cd306a1b1b9b1b7275f871c
maurer_forcing,04115265,data/camels_us/basin_mean_forcing/maurer/04/04115265_lump_maurer_forcing_leap.txt,624155,a2080a4dcb9b551d6459fc7aadb0ce522c1425bb7ac68fbb398dbafac6fe603e
usgs_streamflow,04115265,data/camels_us/usgs_streamflow/04/04115265_streamflow_qc.txt,309850,27640cbc28136eb4cce409d39d766b09bc22405b80364d6c00ce266212272bfa
maurer_forcing,04105700,data/camels_us/basin_mean_forcing/maurer/04/04105700_lump_maurer_forcing_leap.txt,624494,6c72bd28389e6d85d79704e687a84134e585d04f49311a1cb516dfeddf39403f
usgs_streamflow,04105700,data/camels_us/usgs_streamflow/04/04105700_streamflow_qc.txt,396916,7d5f64dff74b9d826c7b432cf1d22d690ccbbf188a7c6a325ae9e5e3d29c1f3b
maurer_forcing,14138900,data/camels_us/basin_mean_forcing/maurer/17/14138900_lump_maurer_forcing_leap.txt,618011,bba54e1f4d4c21047d005567483169848e4e0a12990858b29ff094505cc1f914
usgs_streamflow,14138900,data/camels_us/usgs_streamflow/17/14138900_streamflow_qc.txt,396600,c1c9c661c3202b6dda1a8a30e04b1e8ead2992c20cfaf2b45a086fa16363fa76
maurer_forcing,12035000,data/camels_us/basin_mean_forcing/maurer/17/12035000_lump_maurer_forcing_leap.txt,618191,7d9bd6b6db1956c7fe238a2585c9e32ffc7c29fb7c1fa686c0521c058c28d063
usgs_streamflow,12035000,data/camels_us/usgs_streamflow/17/12035000_streamflow_qc.txt,396486,17fff615818b2d63ec8fc6d3a93b891d2cb0243e0f3644ac7864cd7d5623c055
maurer_forcing,12025700,data/camels_us/basin_mean_forcing/maurer/17/12025700_lump_maurer_forcing_leap.txt,616284,010f2cc369ce13fc3200f5caf3322055cf95947e9e671cb26c5f4eeb04ee73b8
usgs_streamflow,12025700,data/camels_us/usgs_streamflow/17/12025700_streamflow_qc.txt,396626,347ea2ff24f8c74c4a031773c33b24333e4c24190f95c753a64b6f778bda2e86
maurer_forcing,14158790,data/camels_us/basin_mean_forcing/maurer/17/14158790_lump_maurer_forcing_leap.txt,618086,1c5bdd928ca60b9783cdb1cd0f505a69870327c763f73ebe03c6c8fed4ed7f07
usgs_streamflow,14158790,data/camels_us/usgs_streamflow/17/14158790_streamflow_qc.txt,397244,5eedfb192cd2a3797006a00964e4add52d04d8a9f417d4d287dc64a305365f2e
maurer_forcing,14222500,data/camels_us/basin_mean_forcing/maurer/17/14222500_lump_maurer_forcing_leap.txt,616916,d5ad93c2f328c295461883b5beee967a225c54e5d639764f996339ef891dba8e
usgs_streamflow,14222500,data/camels_us/usgs_streamflow/17/14222500_streamflow_qc.txt,396448,e92059db3901a18b5c2b03777dbd43a612755a8187ee033df5b7f110e5444bb8
maurer_forcing,09510200,data/camels_us/basin_mean_forcing/maurer/15/09510200_lump_maurer_forcing_leap.txt,622991,5683bd4424a85ce347d3e27821815e452d3bcf0c8338799bc09685cefdab5b7b
usgs_streamflow,09510200,data/camels_us/usgs_streamflow/15/09510200_streamflow_qc.txt,399118,ea5a15bbedf39de45897682ab3ab5a46bd964cb0274bc6009de8325abb4d7d5f
maurer_forcing,13161500,data/camels_us/basin_mean_forcing/maurer/17/13161500_lump_maurer_forcing_leap.txt,619143,40bc32d7accb64b121ed05b2e7e0606e0607bba6be67b46f8578edba8c0304fe
usgs_streamflow,13161500,data/camels_us/usgs_streamflow/17/13161500_streamflow_qc.txt,400954,e54c9e90ee55028e95c3b927ca730a99f6035a0e68790ca1b5f4889c30f70295
maurer_forcing,02430085,data/camels_us/basin_mean_forcing/maurer/03/02430085_lump_maurer_forcing_leap.txt,627469,a3d58e23e05838e4abf8c1c597fad19d2ecf39314ea0f0e0ecbcc8bed5b97973
usgs_streamflow,02430085,data/camels_us/usgs_streamflow/03/02430085_streamflow_qc.txt,398734,999379290e271b135445ff296b26cecad0eb2ea44b0bf2540de69138b68dc344
maurer_forcing,11522500,data/camels_us/basin_mean_forcing/maurer/18/11522500_lump_maurer_forcing_leap.txt,616373,1a705af75431edc7c32fc851c86d16cf906ae480c33209d5d41aa4fa81adf4bc
usgs_streamflow,11522500,data/camels_us/usgs_streamflow/18/11522500_streamflow_qc.txt,397034,dc8c5ed3048e476c7d7c9458089d654ce2e53cc414763ad0c847d109c2da3a15
maurer_forcing,14306340,data/camels_us/basin_mean_forcing/maurer/17/14306340_lump_maurer_forcing_leap.txt,617851,ef7ab4d8edd0c04067b9e1cf4354435e403df3c12d56bc2102b36bbac32d2114
usgs_streamflow,14306340,data/camels_us/usgs_streamflow/17/14306340_streamflow_qc.txt,357803,dafb4574ff7e699e0dc4c41d3ad255f614f28830b5154a9a480c672ed1254681
maurer_forcing,11381500,data/camels_us/basin_mean_forcing/maurer/18/11381500_lump_maurer_forcing_leap.txt,616814,4d248bacebdd2c27798941d73bda092d74857fd2b54185895d6ba22c5f362227
usgs_streamflow,11381500,data/camels_us/usgs_streamflow/18/11381500_streamflow_qc.txt,396344,fb7e27545e2f01bc9583005f58de232c8acd535fc1b377d7e5f2623f4381ff8c
maurer_forcing,09505350,data/camels_us/basin_mean_forcing/maurer/15/09505350_lump_maurer_forcing_leap.txt,618391,c19e30afaacc77ed47a0ccc59a7f9b4bc16bae289c29c8a59522c796a403ea5c
usgs_streamflow,09505350,data/camels_us/usgs_streamflow/15/09505350_streamflow_qc.txt,397250,db07eaf7b1159f7e3b776c13004921a7d4f8dc8668cc882aba7032e113199ec8
maurer_forcing,03241500,data/camels_us/basin_mean_forcing/maurer/05/03241500_lump_maurer_forcing_leap.txt,624860,7002731e3845a56e0c1dfd126990fc12e6a72ee61cadc8343a8580fcc512755f
usgs_streamflow,03241500,data/camels_us/usgs_streamflow/05/03241500_streamflow_qc.txt,397284,d8b00541acebc404ab14004c51b8d813f07fdb512b4627dacec831bb9024625c
maurer_forcing,02017500,data/camels_us/basin_mean_forcing/maurer/02/02017500_lump_maurer_forcing_leap.txt,623546,4c353156c5810081037a69c807d93ae78015ec53ae3e14f2af77294d48492aee
usgs_streamflow,02017500,data/camels_us/usgs_streamflow/02/02017500_streamflow_qc.txt,397476,c67b2f9fc04162d435742b0d8792727108be35c99c294ae0cc6984749d8a952d
maurer_forcing,05399500,data/camels_us/basin_mean_forcing/maurer/07/05399500_lump_maurer_forcing_leap.txt,625674,a8607dc68a72967fe01f7859fb7342ba4453a6056e2396b02222d39c31139883
usgs_streamflow,05399500,data/camels_us/usgs_streamflow/07/05399500_streamflow_qc.txt,403390,ebd9708a972c5370a99cb5e0cdddca81cf03241b84573f36172c1f31b5c991a8
maurer_forcing,02349900,data/camels_us/basin_mean_forcing/maurer/03/02349900_lump_maurer_forcing_leap.txt,630014,dd96221c6361dcfceac4839abba3ac82ff00a6682e0438b6c89679f86abd68cb
usgs_streamflow,02349900,data/camels_us/usgs_streamflow/03/02349900_streamflow_qc.txt,397092,af0e7a43d75dc93f16628d34c04ed2d116422b9ef200520ad1081215b44b798e
maurer_forcing,02221525,data/camels_us/basin_mean_forcing/maurer/03/02221525_lump_maurer_forcing_leap.txt,628071,36d550f944eb0e8c1e5dcc266b9fd2f3a0661d31d8bef86c6d1640d7c073306f
usgs_streamflow,02221525,data/camels_us/usgs_streamflow/03/02221525_streamflow_qc.txt,396428,c12b076a202cd7eb8bed563bb3093b0e72863fe9b11bdc34252ad9b8b0c1d80f
maurer_forcing,14316700,data/camels_us/basin_mean_forcing/maurer/17/14316700_lump_maurer_forcing_leap.txt,616632,8feada6c01583155d52ef03c58118f8cfd954186909c9748bee5d841d0a79c00
usgs_streamflow,14316700,data/camels_us/usgs_streamflow/17/14316700_streamflow_qc.txt,396800,ddcf95a5118974f40cb5c2c3d2573217ae97f133e2810a0071bb67fca9519005
maurer_forcing,06278300,data/camels_us/basin_mean_forcing/maurer/10/06278300_lump_maurer_forcing_leap.txt,623322,1accd77eabf5f2f18460d3e26c94aa6e312c38c5727003419d10aa5267c0609d
usgs_streamflow,06278300,data/camels_us/usgs_streamflow/10/06278300_streamflow_qc.txt,398494,4aa6ab97df7c40874677a48d903a8bd86eb88b4bf3836868035c8bc3d7dce719
maurer_forcing,08271000,data/camels_us/basin_mean_forcing/maurer/13/08271000_lump_maurer_forcing_leap.txt,619777,20141d2086ac79ffb9fc46705abb2e09fcd9416d1cc6a97fff27fa38bd55d77d
usgs_streamflow,08271000,data/camels_us/usgs_streamflow/13/08271000_streamflow_qc.txt,400250,c8fa776bcb5cc58b625858b74fd0358450a5f9bf005625675a5b324bd2079dfa
maurer_forcing,07315200,data/camels_us/basin_mean_forcing/maurer/11/07315200_lump_maurer_forcing_leap.txt,627276,05869f4ee0a4886e0f6ce229fbcdb0095da32ef1718e662f88730189ad8ad72c
usgs_streamflow,07315200,data/camels_us/usgs_streamflow/11/07315200_streamflow_qc.txt,396542,a23d1f97d2e7b1c948ac5b7068688445d1576f97311201f415fe646c29cc5266
maurer_forcing,03049800,data/camels_us/basin_mean_forcing/maurer/05/03049800_lump_maurer_forcing_leap.txt,624222,b7892be81b3984c968f07fc1de4a9ab84ff08f7cdb0d85618e2135b20f0182f1
usgs_streamflow,03049800,data/camels_us/usgs_streamflow/05/03049800_streamflow_qc.txt,397694,50155d5b6585207d0d312d8c45f6066ec1891e9126d479deea2dc20c3eeed06f
maurer_forcing,02027000,data/camels_us/basin_mean_forcing/maurer/02/02027000_lump_maurer_forcing_leap.txt,623749,9a2584ea29e730d139d2a36f74540338f50bf6a4bbc3bae50d508d51d17e5c9b
usgs_streamflow,02027000,data/camels_us/usgs_streamflow/02/02027000_streamflow_qc.txt,398384,0cb5c7727599fe0256304c9ead6e3cb57670d44623e4ec32ca1f8d8dc09568a4
maurer_forcing,07145700,data/camels_us/basin_mean_forcing/maurer/11/07145700_lump_maurer_forcing_leap.txt,625433,3e2a8659fd758a16e6cd9367d620ce811a7d99a1cbc061d931d0a27aa4c7f28a
usgs_streamflow,07145700,data/camels_us/usgs_streamflow/11/07145700_streamflow_qc.txt,397030,bab6eed4f9abe1418447b67380d49e02745ffacf97f2fbf996c857b7091b230e
maurer_forcing,03473000,data/camels_us/basin_mean_forcing/maurer/06/03473000_lump_maurer_forcing_leap.txt,623523,d0286511752d341db906d8bb1ab6c67ca8ea9e2fba1424a4c2367464e71db0e9
usgs_streamflow,03473000,data/camels_us/usgs_streamflow/06/03473000_streamflow_qc.txt,396770,8c11c72291af35b6a9cbf5043bfae9fba854f57786d581956b7cb5951a234375
maurer_forcing,12178100,data/camels_us/basin_mean_forcing/maurer/17/12178100_lump_maurer_forcing_leap.txt,618930,7cbce584605cd33a267768034a806962f283f6c9b1f0276e7bdaa332ae9f85a7
usgs_streamflow,12178100,data/camels_us/usgs_streamflow/17/12178100_streamflow_qc.txt,398046,5080179cc6611c34e164c59d0bab534f287dd9db7aa549edd8a0ad23ebfe741f
maurer_forcing,01667500,data/camels_us/basin_mean_forcing/maurer/02/01667500_lump_maurer_forcing_leap.txt,624728,cb58bbc59849bdb88edff65e2b390b00bea5906f26b47cad5792095aa105c50d
usgs_streamflow,01667500,data/camels_us/usgs_streamflow/02/01667500_streamflow_qc.txt,397202,8a5b8f978c2b002d4fe72714e824f7587d0ef9fa80d4c640f6166899405f28fb
maurer_forcing,14137000,data/camels_us/basin_mean_forcing/maurer/17/14137000_lump_maurer_forcing_leap.txt,617332,436b6d8219b2a7e60be3ec07de52cca8a4b9d2d51e23cec41e653fe4c3acd26f
usgs_streamflow,14137000,data/camels_us/usgs_streamflow/17/14137000_streamflow_qc.txt,397602,249fd93e100e5d74612cfe14152b4db0e335e66b7db55d0738b626de8cf36d5f
maurer_forcing,01552500,data/camels_us/basin_mean_forcing/maurer/02/01552500_lump_maurer_forcing_leap.txt,623843,a907a338370e3711a386ac14db01e26e91059ce7cae99fb084035dbc94f5800b
usgs_streamflow,01552500,data/camels_us/usgs_streamflow/02/01552500_streamflow_qc.txt,397824,460154a768ac294bbf4ac59797a63d442bd700db3ff9155611d92d490dd28ac0
maurer_forcing,02152100,data/camels_us/basin_mean_forcing/maurer/03/02152100_lump_maurer_forcing_leap.txt,625088,62abca55e93e32707da95c5523261ee60116facf0c5ee05a130cc57df751dd30
usgs_streamflow,02152100,data/camels_us/usgs_streamflow/03/02152100_streamflow_qc.txt,396772,faf6cfbddf4a49aa649fb208bae4c2f6fd3ae213d24e3633da8731ce2710556f
maurer_forcing,01435000,data/camels_us/basin_mean_forcing/maurer/02/01435000_lump_maurer_forcing_leap.txt,624600,0f0ebdfb19ec9682643a9e2f231f2e3072aa11894393010cc1c8752bda8196d5
usgs_streamflow,01435000,data/camels_us/usgs_streamflow/02/01435000_streamflow_qc.txt,398808,3343959dbe1710e4e6b3af60ca9f671d98e2f73ff4e618544b39b83e366462a0
maurer_forcing,04233000,data/camels_us/basin_mean_forcing/maurer/04/04233000_lump_maurer_forcing_leap.txt,623592,4515567a555bb9d4dcad3492758102f823fda181cf8cac87bf599aead51990a6
usgs_streamflow,04233000,data/camels_us/usgs_streamflow/04/04233000_streamflow_qc.txt,374986,ec45a124d438ff007998924b3c5672b2f3f4cea920ec512447893cf14c891b37
maurer_forcing,02014000,data/camels_us/basin_mean_forcing/maurer/02/02014000_lump_maurer_forcing_leap.txt,623545,1eaf9eb5e92329a2d36aea206f02f727174e56419ce700b32a61d511cc5ff020
usgs_streamflow,02014000,data/camels_us/usgs_streamflow/02/02014000_streamflow_qc.txt,396732,c1525cba632703d5dd96ec5050df4b06668077fed6b0eac97464836df0b6df23
maurer_forcing,01510000,data/camels_us/basin_mean_forcing/maurer/02/01510000_lump_maurer_forcing_leap.txt,624362,a0399d02b1df16a00b6746b6bf2282f9e34b01cfb1f9ec8f13f1bc9633eb3efe
usgs_streamflow,01510000,data/camels_us/usgs_streamflow/02/01510000_streamflow_qc.txt,397734,26f13d874731610a326e03c459bbb40ca4b713fb20f717386773ae4e0ff0a656
maurer_forcing,02193340,data/camels_us/basin_mean_forcing/maurer/03/02193340_lump_maurer_forcing_leap.txt,627876,8bbd5817f0176f6d32675730ae29c51160e4b3c326e17f26afbb5475bae7addb
usgs_streamflow,02193340,data/camels_us/usgs_streamflow/03/02193340_streamflow_qc.txt,326303,09110dc6bd44279b038963c986a8c80a806a5c39d18b1598fa5668a644632eae
maurer_forcing,11148900,data/camels_us/basin_mean_forcing/maurer/18/11148900_lump_maurer_forcing_leap.txt,619141,26dfcac1409b8f852862bcdd81b958e6ba0cee4f0a42808b0aeb459c2a1aa721
usgs_streamflow,11148900,data/camels_us/usgs_streamflow/18/11148900_streamflow_qc.txt,396732,74f445bfad4f18ab3e305423b260252e7b786ee3708317f0ae9cb38033ca5547
maurer_forcing,11264500,data/camels_us/basin_mean_forcing/maurer/18/11264500_lump_maurer_forcing_leap.txt,619297,b0d0d68d7098cf54d25101e419cab5e0f28c2b1a969ac56a94c88c8d2ec06eb9
usgs_streamflow,11264500,data/camels_us/usgs_streamflow/18/11264500_streamflow_qc.txt,396736,4ccb8ed94273bea9f0bfe6bbb4389f258387208bfd689e86695fd1138aba20c5
maurer_forcing,11266500,data/camels_us/basin_mean_forcing/maurer/18/11266500_lump_maurer_forcing_leap.txt,618998,5a0e6ef3de42745043a9a2e74035a82bf14b5f224292d8b06e9e31a322aba16c
usgs_streamflow,11266500,data/camels_us/usgs_streamflow/18/11266500_streamflow_qc.txt,396776,22fb3e17ea7b089a1479ec2211af854a21bfe80d0be3f4386241891423684d75
maurer_forcing,11482500,data/camels_us/basin_mean_forcing/maurer/18/11482500_lump_maurer_forcing_leap.txt,616649,10f75cd8f3fd891f433773e5b96d0e40307e85a281b788de45ed6e9021fdc7af
usgs_streamflow,11482500,data/camels_us/usgs_streamflow/18/11482500_streamflow_qc.txt,396460,c667e77e18d1f8ccf965580a2acc7599d690fceb87a4c1347ed0c81d9377e6f7
maurer_forcing,11481200,data/camels_us/basin_mean_forcing/maurer/18/11481200_lump_maurer_forcing_leap.txt,618312,9f226f9b55991fc2fcb979a506bd1f7f5312d25bcc402133a642bb054c322bc5
usgs_streamflow,11481200,data/camels_us/usgs_streamflow/18/11481200_streamflow_qc.txt,396822,91d6700e4dcb78b91538abe005b0e14310b6f9dbe10177b89912cb38f1ec7775
maurer_forcing,11476600,data/camels_us/basin_mean_forcing/maurer/18/11476600_lump_maurer_forcing_leap.txt,617336,f08388225be2b03238834225523a785374b585ad2a24e11cdf2f66be76779df1
usgs_streamflow,11476600,data/camels_us/usgs_streamflow/18/11476600_streamflow_qc.txt,397508,d52b728a85f8ccc59145389091fbb342f1da57154890c71104bdd538be591097
maurer_forcing,03384450,data/camels_us/basin_mean_forcing/maurer/05/03384450_lump_maurer_forcing_leap.txt,626090,021fc297a13029758afd8ed9951cd27f96ff089da2532cb00bd65ebda260ecaa
usgs_streamflow,03384450,data/camels_us/usgs_streamflow/05/03384450_streamflow_qc.txt,397662,72d0cf69edf80422423d399e41a009646a4c57c8cc393abd5884ba48cc9d2e86
maurer_forcing,11451100,data/camels_us/basin_mean_forcing/maurer/18/11451100_lump_maurer_forcing_leap.txt,616131,bccfd987ac4cf73119c6a8d40560cd9a89f8f99b0e5406c8555bd6bd6544e1e8
usgs_streamflow,11451100,data/camels_us/usgs_streamflow/18/11451100_streamflow_qc.txt,397324,83ad63cb0f18fe8d74a0b8a8202c2261db7143e5586e0fb3ec8c9b15aef6f89c
maurer_forcing,01144000,data/camels_us/basin_mean_forcing/maurer/01/01144000_lump_maurer_forcing_leap.txt,624362,ae691345126c77ca7887f8520bfae42c81d07015542b8bb6a7edb541dd1d6667
usgs_streamflow,01144000,data/camels_us/usgs_streamflow/01/01144000_streamflow_qc.txt,400730,9b422c96461c14b6094284fe67d7cb5ac09643e0de95126d1d32011d82fb263d
maurer_forcing,02046000,data/camels_us/basin_mean_forcing/maurer/03/02046000_lump_maurer_forcing_leap.txt,625305,d8837d95697e0572c6352ea7c1ffb5090f883f6610affb32cf95cbbadc91c986
usgs_streamflow,02046000,data/camels_us/usgs_streamflow/03/02046000_streamflow_qc.txt,397418,5dbc61d9d2f3266ded633a3f5a41df23306c85d0ae089d39a71c325c09712633
maurer_forcing,02028500,data/camels_us/basin_mean_forcing/maurer/02/02028500_lump_maurer_forcing_leap.txt,624625,6c9ef37051abab420427768e5a596f016f232dc2308fcac6215f95f8c156c268
usgs_streamflow,02028500,data/camels_us/usgs_streamflow/02/02028500_streamflow_qc.txt,397272,b879be199d5418aed4d157561029d1530e5fa65af03f3028ec6f6842ae0ad44f
maurer_forcing,02202600,data/camels_us/basin_mean_forcing/maurer/03/02202600_lump_maurer_forcing_leap.txt,630939,95a18c19cdae001d13c037a35386d3fe8f1831eef2490732ee7bad3d58baf226
usgs_streamflow,02202600,data/camels_us/usgs_streamflow/03/02202600_streamflow_qc.txt,395130,2843a2b03029a4f7e8f81b4eaf85a4bfa38b956b7280af246f0bafa9f6565641
maurer_forcing,02371500,data/camels_us/basin_mean_forcing/maurer/03/02371500_lump_maurer_forcing_leap.txt,629942,2ab4ddba3c515b765eddba6fe1c22d8c22239bc4afb3e733b02f9c9428741235
usgs_streamflow,02371500,data/camels_us/usgs_streamflow/03/02371500_streamflow_qc.txt,396596,4f76715d7aa45c70dc1d6dc241ee3af9c0a1f69067ca989af29d3c99a858b50d
maurer_forcing,05488200,data/camels_us/basin_mean_forcing/maurer/07/05488200_lump_maurer_forcing_leap.txt,625616,4cf380e8f8ebfcbb71369003a3632d22294044ba187d153e0ccdedf1ab4cca6c
usgs_streamflow,05488200,data/camels_us/usgs_streamflow/07/05488200_streamflow_qc.txt,338040,90bb2cb69a05045f13e9b831e692ebd8069ab44f30033044dd07da6b5185ab32
maurer_forcing,06892000,data/camels_us/basin_mean_forcing/maurer/10/06892000_lump_maurer_forcing_leap.txt,625685,7619bdc9bd1748ada6a5e9b10395b7e7d24e8c4deb0b342bb9617bb398ba0584
usgs_streamflow,06892000,data/camels_us/usgs_streamflow/10/06892000_streamflow_qc.txt,398348,09ab4c554bce915d5e9b87f7817d981e6463cafb5824bb665401006d1f684aa1
maurer_forcing,08070200,data/camels_us/basin_mean_forcing/maurer/12/08070200_lump_maurer_forcing_leap.txt,631464,835c3da845841fedc3b724bdf943b94520838d25e2d04ad0556292fcce525c6a
usgs_streamflow,08070200,data/camels_us/usgs_streamflow/12/08070200_streamflow_qc.txt,347534,c01253c1b87990d19af02b2c43bea74841b332741a8c0bcac42c0be21480dbc9
maurer_forcing,01568000,data/camels_us/basin_mean_forcing/maurer/02/01568000_lump_maurer_forcing_leap.txt,623994,0e838c640ed00f9c978124905ad04af4e4a2f344abef1658a5d678057e4faba9
usgs_streamflow,01568000,data/camels_us/usgs_streamflow/02/01568000_streamflow_qc.txt,398030,5179e86ebc6c5b1102e988131a3509a3091e5dc3bca3c82a732e9a73c5fec072
maurer_forcing,02096846,data/camels_us/basin_mean_forcing/maurer/03/02096846_lump_maurer_forcing_leap.txt,625707,069b8a13ea1549ce4f172bc03d8f079681aca28f4211a1efd70e5f9659a8e408
usgs_streamflow,02096846,data/camels_us/usgs_streamflow/03/02096846_streamflow_qc.txt,297183,706751a44cc91967967aca966d6936dc4db9c4c74287d68368e73fb48ca09486
maurer_forcing,04196800,data/camels_us/basin_mean_forcing/maurer/04/04196800_lump_maurer_forcing_leap.txt,624842,387cac47879edb61457cc35475ccca6bba3253f3e73783a0c86eebb81f3c3c07
usgs_streamflow,04196800,data/camels_us/usgs_streamflow/04/04196800_streamflow_qc.txt,396566,45e06a52f6fffbc3f3fb08d88bbb4a9c66967aa246633b7d38592a60d3f15c3e
maurer_forcing,04015330,data/camels_us/basin_mean_forcing/maurer/04/04015330_lump_maurer_forcing_leap.txt,623515,c34d7aeac0ad40dd5b64481061bd5eddbb8847eab924a86e7ee9ec9ae5ef00b7
usgs_streamflow,04015330,data/camels_us/usgs_streamflow/04/04015330_streamflow_qc.txt,400834,7285ac91528209e82c51b4c0ff618323d40b29535e13d98619ea35b06bbac3bd
maurer_forcing,14187000,data/camels_us/basin_mean_forcing/maurer/17/14187000_lump_maurer_forcing_leap.txt,615873,1b5da8c608a556277b83c6fde635f07ac1cc0bd60cdd99fdee5095edfb2c2f56
usgs_streamflow,14187000,data/camels_us/usgs_streamflow/17/14187000_streamflow_qc.txt,297380,ab7cfb5463db5d88fab56c9bb9185fde9495faa3d3854233ffa43a1b29936480
maurer_forcing,02298123,data/camels_us/basin_mean_forcing/maurer/03/02298123_lump_maurer_forcing_leap.txt,635370,3b32f8f8d9822aab5c8d0a8bb5c08b96ac938e884bfd162334781b73a9f5fbfd
usgs_streamflow,02298123,data/camels_us/usgs_streamflow/03/02298123_streamflow_qc.txt,397420,d6357a6cc7dc5c4d3460e6037cb3358f72a4a927058335c415b6c0ab31e2aee9
maurer_forcing,05501000,data/camels_us/basin_mean_forcing/maurer/07/05501000_lump_maurer_forcing_leap.txt,625658,03a112325d7f77f714e7cca8eaa039e0d18d8ad4ade3503f1f5572cd98e7fb66
usgs_streamflow,05501000,data/camels_us/usgs_streamflow/07/05501000_streamflow_qc.txt,397084,dddedabd4b1b9526f3efc81d797340fae5bee9d725186498f540516e681ab002
maurer_forcing,04197170,data/camels_us/basin_mean_forcing/maurer/04/04197170_lump_maurer_forcing_leap.txt,624620,3be025add0168e915dfc88c85d525a0298e1518d470b566bfc5324c4e2d819f4
usgs_streamflow,04197170,data/camels_us/usgs_streamflow/04/04197170_streamflow_qc.txt,359863,b62351c368bfc69bc3f9ac1aeded497a6126899b2b7a4becd1e000121fdbd493
maurer_forcing,07184000,data/camels_us/basin_mean_forcing/maurer/11/07184000_lump_maurer_forcing_leap.txt,626012,274ccc8e1ecd859113b069aec5bb0e5f49578869307c704865c5367974166848
usgs_streamflow,07184000,data/camels_us/usgs_streamflow/11/07184000_streamflow_qc.txt,396914,ed046c318674abcb68890a19306c19be0c74bbdbb1efe5f817b4c7ad84611383
camels_topography,,data/camels_us/camels_attributes_v2.0/camels_topo.txt,38677,b64ca9923bcaccf21dde33137903797919e8d6732edd7849f8534e0ddcbec8e8
forcing_loader_source,,src/hydroagent/data_loading.py,13430,aa9cf1a4b6dcdf259dd96181c4e6704fedd0bba4f0020b3cdb2464b16aa79de6
parameter_table,,results/10_global_conceptual_model_benchmark/camels_us_531_repro_v01/summary/hbv_lite_cma_rising_local_full.csv,235521,577b12fcb8e1a7a7a607995f0011dbda38a199ee68f3636732b80a3356c16be6
g1_precheck_table,,results/23_camels_switch_confirmation/g1_precheck_v01/g1_precheck.csv,181441,3443ba601434dd30b43c3b5e8a9b838fc666cc394077700ddd4d3e7158b3ee73
