event_id,block_index,trial_index,switch_day_index,switch_day_number,old_parameter_id,new_parameter_id,transition_label,numerical_success,response_start_day,new_candidate_top_ranked_days_in_window,new_candidate_probability_above_half_days_in_window,minimum_new_candidate_probability_in_window,maximum_new_candidate_probability_in_window,minimum_probability_margin_in_window,maximum_probability_margin_in_window,minimum_probability_in_qualifying_run,minimum_margin_in_qualifying_run
block_01_trial_1_switch_day_181,0,0,180,181,candidate_2_shared_limits,candidate_3_shared_limits,candidate_2_shared_limits_to_candidate_3_shared_limits,True,0,30,30,1.0,1.0,1.0,1.0,1.0,1.0
block_01_trial_1_switch_day_361,0,0,360,361,candidate_3_shared_limits,candidate_1_shared_limits,candidate_3_shared_limits_to_candidate_1_shared_limits,True,0,30,30,0.6702033049914877,1.0,0.3404066099829754,1.0,0.9855425160294677,0.9710850320589355
block_01_trial_2_switch_day_181,0,1,180,181,candidate_3_shared_limits,candidate_1_shared_limits,candidate_3_shared_limits_to_candidate_1_shared_limits,True,0,30,30,0.900702912471207,1.0,0.8014058249424141,1.0,0.900702912471207,0.8014058249424141
block_01_trial_2_switch_day_361,0,1,360,361,candidate_1_shared_limits,candidate_2_shared_limits,candidate_1_shared_limits_to_candidate_2_shared_limits,True,0,30,30,1.0,1.0,1.0,1.0,1.0,1.0
block_01_trial_3_switch_day_181,0,2,180,181,candidate_1_shared_limits,candidate_2_shared_limits,candidate_1_shared_limits_to_candidate_2_shared_limits,True,0,30,30,1.0,1.0,1.0,1.0,1.0,1.0
block_01_trial_3_switch_day_361,0,2,360,361,candidate_2_shared_limits,candidate_3_shared_limits,candidate_2_shared_limits_to_candidate_3_shared_limits,True,0,30,30,1.0,1.0,1.0,1.0,1.0,1.0
block_02_trial_1_switch_day_181,1,0,180,181,candidate_2_shared_limits,candidate_3_shared_limits,candidate_2_shared_limits_to_candidate_3_shared_limits,True,0,30,30,1.0,1.0,1.0,1.0,1.0,1.0
block_02_trial_1_switch_day_361,1,0,360,361,candidate_3_shared_limits,candidate_1_shared_limits,candidate_3_shared_limits_to_candidate_1_shared_limits,True,0,30,30,0.9709217727095656,1.0,0.9418435454191312,1.0,0.9714491775046413,0.9428983550092827
block_02_trial_2_switch_day_181,1,1,180,181,candidate_3_shared_limits,candidate_1_shared_limits,candidate_3_shared_limits_to_candidate_1_shared_limits,True,1,29,29,0.2693331382205271,1.0,-0.4613337235589458,1.0,0.9551252518493241,0.9102505036986481
block_02_trial_2_switch_day_361,1,1,360,361,candidate_1_shared_limits,candidate_2_shared_limits,candidate_1_shared_limits_to_candidate_2_shared_limits,True,0,30,30,1.0,1.0,1.0,1.0,1.0,1.0
block_02_trial_3_switch_day_181,1,2,180,181,candidate_1_shared_limits,candidate_2_shared_limits,candidate_1_shared_limits_to_candidate_2_shared_limits,True,0,30,30,1.0,1.0,1.0,1.0,1.0,1.0
block_02_trial_3_switch_day_361,1,2,360,361,candidate_2_shared_limits,candidate_3_shared_limits,candidate_2_shared_limits_to_candidate_3_shared_limits,True,0,30,30,1.0,1.0,1.0,1.0,1.0,1.0
block_03_trial_1_switch_day_181,2,0,180,181,candidate_2_shared_limits,candidate_3_shared_limits,candidate_2_shared_limits_to_candidate_3_shared_limits,True,0,30,30,1.0,1.0,1.0,1.0,1.0,1.0
block_03_trial_1_switch_day_361,2,0,360,361,candidate_3_shared_limits,candidate_1_shared_limits,candidate_3_shared_limits_to_candidate_1_shared_limits,True,0,30,30,0.9908025736276171,1.0,0.9816051472552343,1.0,0.9908025736276171,0.9816051472552343
block_03_trial_2_switch_day_181,2,1,180,181,candidate_3_shared_limits,candidate_1_shared_limits,candidate_3_shared_limits_to_candidate_1_shared_limits,True,0,30,30,0.9692966219137255,1.0,0.9385932438274509,1.0,0.9692966219137255,0.9385932438274509
block_03_trial_2_switch_day_361,2,1,360,361,candidate_1_shared_limits,candidate_2_shared_limits,candidate_1_shared_limits_to_candidate_2_shared_limits,True,0,30,30,1.0,1.0,1.0,1.0,1.0,1.0
block_03_trial_3_switch_day_181,2,2,180,181,candidate_1_shared_limits,candidate_2_shared_limits,candidate_1_shared_limits_to_candidate_2_shared_limits,True,0,30,30,1.0,1.0,1.0,1.0,1.0,1.0
block_03_trial_3_switch_day_361,2,2,360,361,candidate_2_shared_limits,candidate_3_shared_limits,candidate_2_shared_limits_to_candidate_3_shared_limits,True,0,30,30,1.0,1.0,1.0,1.0,1.0,1.0
block_04_trial_1_switch_day_181,3,0,180,181,candidate_2_shared_limits,candidate_3_shared_limits,candidate_2_shared_limits_to_candidate_3_shared_limits,True,0,30,30,1.0,1.0,1.0,1.0,1.0,1.0
block_04_trial_1_switch_day_361,3,0,360,361,candidate_3_shared_limits,candidate_1_shared_limits,candidate_3_shared_limits_to_candidate_1_shared_limits,True,0,30,30,0.9582534419348123,1.0,0.9165068838696248,1.0,0.9582534419348123,0.9165068838696248
block_04_trial_2_switch_day_181,3,1,180,181,candidate_3_shared_limits,candidate_1_shared_limits,candidate_3_shared_limits_to_candidate_1_shared_limits,True,0,30,30,0.9551628593718591,0.9999999999999918,0.9103257187437181,0.9999999999999836,0.9551628593718591,0.9103257187437181
block_04_trial_2_switch_day_361,3,1,360,361,candidate_1_shared_limits,candidate_2_shared_limits,candidate_1_shared_limits_to_candidate_2_shared_limits,True,0,30,30,1.0,1.0,1.0,1.0,1.0,1.0
block_04_trial_3_switch_day_181,3,2,180,181,candidate_1_shared_limits,candidate_2_shared_limits,candidate_1_shared_limits_to_candidate_2_shared_limits,True,0,30,30,1.0,1.0,1.0,1.0,1.0,1.0
block_04_trial_3_switch_day_361,3,2,360,361,candidate_2_shared_limits,candidate_3_shared_limits,candidate_2_shared_limits_to_candidate_3_shared_limits,True,0,30,30,1.0,1.0,1.0,1.0,1.0,1.0
block_05_trial_1_switch_day_181,4,0,180,181,candidate_2_shared_limits,candidate_3_shared_limits,candidate_2_shared_limits_to_candidate_3_shared_limits,True,0,30,30,1.0,1.0,1.0,1.0,1.0,1.0
block_05_trial_1_switch_day_361,4,0,360,361,candidate_3_shared_limits,candidate_1_shared_limits,candidate_3_shared_limits_to_candidate_1_shared_limits,True,0,30,30,0.9845929479455725,1.0,0.9691858958911451,1.0,0.9878421827002672,0.9756843654005344
block_05_trial_2_switch_day_181,4,1,180,181,candidate_3_shared_limits,candidate_1_shared_limits,candidate_3_shared_limits_to_candidate_1_shared_limits,True,1,29,29,0.47069986093150024,1.0,-0.058600278136999584,1.0,0.9940124010178781,0.9880248020357563
block_05_trial_2_switch_day_361,4,1,360,361,candidate_1_shared_limits,candidate_2_shared_limits,candidate_1_shared_limits_to_candidate_2_shared_limits,True,0,30,30,1.0,1.0,1.0,1.0,1.0,1.0
block_05_trial_3_switch_day_181,4,2,180,181,candidate_1_shared_limits,candidate_2_shared_limits,candidate_1_shared_limits_to_candidate_2_shared_limits,True,0,30,30,1.0,1.0,1.0,1.0,1.0,1.0
block_05_trial_3_switch_day_361,4,2,360,361,candidate_2_shared_limits,candidate_3_shared_limits,candidate_2_shared_limits_to_candidate_3_shared_limits,True,0,30,30,1.0,1.0,1.0,1.0,1.0,1.0
block_06_trial_1_switch_day_181,5,0,180,181,candidate_2_shared_limits,candidate_3_shared_limits,candidate_2_shared_limits_to_candidate_3_shared_limits,True,0,30,30,1.0,1.0,1.0,1.0,1.0,1.0
block_06_trial_1_switch_day_361,5,0,360,361,candidate_3_shared_limits,candidate_1_shared_limits,candidate_3_shared_limits_to_candidate_1_shared_limits,True,0,30,30,0.9960371911781073,1.0,0.9920743823562146,1.0,0.9993457393194938,0.9986914786389876
block_06_trial_2_switch_day_181,5,1,180,181,candidate_3_shared_limits,candidate_1_shared_limits,candidate_3_shared_limits_to_candidate_1_shared_limits,True,0,30,30,0.9507502837796081,1.0,0.9015005675592161,1.0,0.9507502837796081,0.9015005675592161
block_06_trial_2_switch_day_361,5,1,360,361,candidate_1_shared_limits,candidate_2_shared_limits,candidate_1_shared_limits_to_candidate_2_shared_limits,True,0,30,30,1.0,1.0,1.0,1.0,1.0,1.0
block_06_trial_3_switch_day_181,5,2,180,181,candidate_1_shared_limits,candidate_2_shared_limits,candidate_1_shared_limits_to_candidate_2_shared_limits,True,0,30,30,1.0,1.0,1.0,1.0,1.0,1.0
block_06_trial_3_switch_day_361,5,2,360,361,candidate_2_shared_limits,candidate_3_shared_limits,candidate_2_shared_limits_to_candidate_3_shared_limits,True,0,30,30,1.0,1.0,1.0,1.0,1.0,1.0
block_07_trial_1_switch_day_181,6,0,180,181,candidate_2_shared_limits,candidate_3_shared_limits,candidate_2_shared_limits_to_candidate_3_shared_limits,True,0,30,30,1.0,1.0,1.0,1.0,1.0,1.0
block_07_trial_1_switch_day_361,6,0,360,361,candidate_3_shared_limits,candidate_1_shared_limits,candidate_3_shared_limits_to_candidate_1_shared_limits,True,0,30,30,0.6003612296861305,1.0,0.2007224593722609,1.0,0.8262569789613965,0.652513957922793
block_07_trial_2_switch_day_181,6,1,180,181,candidate_3_shared_limits,candidate_1_shared_limits,candidate_3_shared_limits_to_candidate_1_shared_limits,True,0,30,30,0.9731862755697025,1.0,0.9463725511394049,1.0,0.9731862755697025,0.9463725511394049
block_07_trial_2_switch_day_361,6,1,360,361,candidate_1_shared_limits,candidate_2_shared_limits,candidate_1_shared_limits_to_candidate_2_shared_limits,True,0,30,30,1.0,1.0,1.0,1.0,1.0,1.0
block_07_trial_3_switch_day_181,6,2,180,181,candidate_1_shared_limits,candidate_2_shared_limits,candidate_1_shared_limits_to_candidate_2_shared_limits,True,0,30,30,1.0,1.0,1.0,1.0,1.0,1.0
block_07_trial_3_switch_day_361,6,2,360,361,candidate_2_shared_limits,candidate_3_shared_limits,candidate_2_shared_limits_to_candidate_3_shared_limits,True,0,30,30,1.0,1.0,1.0,1.0,1.0,1.0
block_08_trial_1_switch_day_181,7,0,180,181,candidate_2_shared_limits,candidate_3_shared_limits,candidate_2_shared_limits_to_candidate_3_shared_limits,True,0,30,30,1.0,1.0,1.0,1.0,1.0,1.0
block_08_trial_1_switch_day_361,7,0,360,361,candidate_3_shared_limits,candidate_1_shared_limits,candidate_3_shared_limits_to_candidate_1_shared_limits,True,0,30,30,0.9908912075678827,1.0,0.9817824151357655,1.0,0.9908912075678827,0.9817824151357655
block_08_trial_2_switch_day_181,7,1,180,181,candidate_3_shared_limits,candidate_1_shared_limits,candidate_3_shared_limits_to_candidate_1_shared_limits,True,0,30,30,0.9805673623513548,1.0,0.9611347247027096,1.0,0.9805673623513548,0.9611347247027096
block_08_trial_2_switch_day_361,7,1,360,361,candidate_1_shared_limits,candidate_2_shared_limits,candidate_1_shared_limits_to_candidate_2_shared_limits,True,0,30,30,1.0,1.0,1.0,1.0,1.0,1.0
block_08_trial_3_switch_day_181,7,2,180,181,candidate_1_shared_limits,candidate_2_shared_limits,candidate_1_shared_limits_to_candidate_2_shared_limits,True,0,30,30,1.0,1.0,1.0,1.0,1.0,1.0
block_08_trial_3_switch_day_361,7,2,360,361,candidate_2_shared_limits,candidate_3_shared_limits,candidate_2_shared_limits_to_candidate_3_shared_limits,True,0,30,30,1.0,1.0,1.0,1.0,1.0,1.0
