basin_id,model,period,nse,kge,bias,peak_bias,lowflow_bias,parameter_count,solver_name,family,run_status,error_message,_elapsed_s,_cal_nse
01022500,hbv_lite_cma,evaluation,0.721862,0.777363,-0.013734,-0.154067,0.888833,13,explicit_euler_dt1,hbv,success,,53.52,0.805
01031500,hbv_lite_cma,evaluation,0.708486,0.79258,-0.04231,-0.137676,1.43562,13,explicit_euler_dt1,hbv,success,,32.78,0.6723
01047000,hbv_lite_cma,evaluation,0.679882,0.723139,-0.10492,-0.187508,0.636936,13,explicit_euler_dt1,hbv,success,,32.53,0.6476
01052500,hbv_lite_cma,evaluation,0.714869,0.76801,-0.133562,-0.20895,0.722239,13,explicit_euler_dt1,hbv,success,,30.11,0.7616
01054200,hbv_lite_cma,evaluation,0.579393,0.617364,-0.043774,-0.221357,2.582308,13,explicit_euler_dt1,hbv,success,,30.8,0.5363
01055000,hbv_lite_cma,evaluation,0.585212,0.655459,-0.024691,-0.197981,2.060241,13,explicit_euler_dt1,hbv,success,,30.06,0.6234
01057000,hbv_lite_cma,evaluation,0.642446,0.692168,-0.007938,-0.182259,1.748163,13,explicit_euler_dt1,hbv,success,,29.08,0.7027
01073000,hbv_lite_cma,evaluation,0.761592,0.726618,-0.12427,-0.182789,0.370675,13,explicit_euler_dt1,hbv,success,,28.29,0.8447
01078000,hbv_lite_cma,evaluation,0.740541,0.777566,-0.116335,-0.182912,0.881059,13,explicit_euler_dt1,hbv,success,,34.06,0.7046
01123000,hbv_lite_cma,evaluation,0.638288,0.786083,0.033764,-0.1129,0.639511,13,explicit_euler_dt1,hbv,success,,28.15,0.7351
01134500,hbv_lite_cma,evaluation,0.657676,0.736326,-0.075641,-0.175458,0.857339,13,explicit_euler_dt1,hbv,success,,31.31,0.6843
01137500,hbv_lite_cma,evaluation,0.557407,0.600467,0.332753,0.047614,1.294045,13,explicit_euler_dt1,hbv,success,,26.05,0.5996
01139000,hbv_lite_cma,evaluation,0.636737,0.700731,-0.130093,-0.229739,0.540503,13,explicit_euler_dt1,hbv,success,,33.07,0.75
01139800,hbv_lite_cma,evaluation,0.627756,0.745098,-0.124123,-0.186135,0.578727,13,explicit_euler_dt1,hbv,success,,31.12,0.7323
01142500,hbv_lite_cma,evaluation,0.638831,0.736216,-0.00394,-0.128891,0.885949,13,explicit_euler_dt1,hbv,success,,30.7,0.7087
01144000,hbv_lite_cma,evaluation,0.711515,0.806479,-0.002217,-0.113628,0.633689,13,explicit_euler_dt1,hbv,success,,31.45,0.7109
01162500,hbv_lite_cma,evaluation,0.655414,0.702356,-0.039578,-0.212161,2.403338,13,explicit_euler_dt1,hbv,success,,54.59,0.6973
01169000,hbv_lite_cma,evaluation,0.488731,0.709625,0.12707,-0.075112,2.396138,13,explicit_euler_dt1,hbv,success,,28.82,0.6371
01170100,hbv_lite_cma,evaluation,0.542706,0.695374,0.110286,-0.119247,2.775497,13,explicit_euler_dt1,hbv,success,,26.45,0.6346
01181000,hbv_lite_cma,evaluation,0.558951,0.749606,0.056712,-0.130972,2.144921,13,explicit_euler_dt1,hbv,success,,28.63,0.6063
01187300,hbv_lite_cma,evaluation,0.643035,0.696832,-0.025137,-0.174308,3.582963,13,explicit_euler_dt1,hbv,success,,28.14,0.6904
01195100,hbv_lite_cma,evaluation,0.542431,0.710039,0.006691,-0.154615,3.154892,13,explicit_euler_dt1,hbv,success,,28.14,0.7722
01333000,hbv_lite_cma,evaluation,0.664167,0.752157,-0.03377,-0.18017,0.8479,13,explicit_euler_dt1,hbv,success,,29.61,0.6524
01350000,hbv_lite_cma,evaluation,0.607933,0.615684,0.007666,-0.240871,2.823341,13,explicit_euler_dt1,hbv,success,,28.34,0.667
01350080,hbv_lite_cma,evaluation,0.44538,0.365388,-0.253429,-0.43026,0.703033,13,explicit_euler_dt1,hbv,success,,32.64,0.6424
01350140,hbv_lite_cma,evaluation,0.464041,0.447501,-0.186477,-0.323908,3.822707,13,explicit_euler_dt1,hbv,success,,28.53,0.5311
01365000,hbv_lite_cma,evaluation,0.65187,0.740213,-0.024687,-0.156,0.8084,13,explicit_euler_dt1,hbv,success,,28.7,0.7231
01411300,hbv_lite_cma,evaluation,0.62805,0.574477,-0.171736,-0.281851,0.133216,13,explicit_euler_dt1,hbv,success,,38.89,0.6686
01413500,hbv_lite_cma,evaluation,0.552816,0.475071,-0.155165,-0.347768,1.335532,13,explicit_euler_dt1,hbv,success,,29.99,0.677
01414500,hbv_lite_cma,evaluation,0.570926,0.521967,-0.188738,-0.322566,0.783116,13,explicit_euler_dt1,hbv,success,,28.81,0.6075
01415000,hbv_lite_cma,evaluation,0.661645,0.598114,-0.066307,-0.272721,1.855618,13,explicit_euler_dt1,hbv,success,,28.55,0.6796
01423000,hbv_lite_cma,evaluation,0.700555,0.652175,-0.191679,-0.253119,-0.702484,13,explicit_euler_dt1,hbv,success,,35.79,0.7423
01434025,hbv_lite_cma,evaluation,0.557206,0.713323,-0.000546,-0.167985,1.296409,13,explicit_euler_dt1,hbv,success,,28.56,0.641
01435000,hbv_lite_cma,evaluation,0.662461,0.706061,-0.083835,-0.21952,0.558524,13,explicit_euler_dt1,hbv,success,,28.5,0.6977
01439500,hbv_lite_cma,evaluation,0.719227,0.671223,-0.077647,-0.237438,1.916577,13,explicit_euler_dt1,hbv,success,,30.87,0.7931
01440000,hbv_lite_cma,evaluation,0.555234,0.616265,-0.133151,-0.262521,0.896737,13,explicit_euler_dt1,hbv,success,,33.5,0.7109
01440400,hbv_lite_cma,evaluation,0.658024,0.751858,0.003631,-0.141981,1.747663,13,explicit_euler_dt1,hbv,success,,28.51,0.6633
01451800,hbv_lite_cma,evaluation,0.650503,0.745748,0.0238,-0.16063,0.805115,13,explicit_euler_dt1,hbv,success,,28.33,0.7457
01466500,hbv_lite_cma,evaluation,-0.283923,0.412219,0.454383,0.216139,1.120483,13,explicit_euler_dt1,hbv,success,,68.49,0.1318
01484100,hbv_lite_cma,evaluation,0.581268,0.649349,0.181381,-0.066672,0.948733,13,explicit_euler_dt1,hbv,success,,30.67,0.4977
01487000,hbv_lite_cma,evaluation,0.773947,0.812576,0.152201,0.039854,0.469614,13,explicit_euler_dt1,hbv,success,,28.59,0.8107
01491000,hbv_lite_cma,evaluation,0.696656,0.694598,-0.016148,-0.161424,1.04565,13,explicit_euler_dt1,hbv,success,,28.2,0.7265
01510000,hbv_lite_cma,evaluation,0.689715,0.687749,-0.028053,-0.245032,2.075773,13,explicit_euler_dt1,hbv,success,,29.62,0.7749
01516500,hbv_lite_cma,evaluation,0.492657,0.512272,0.109132,-0.169704,4.797493,13,explicit_euler_dt1,hbv,success,,28.23,0.6753
01518862,hbv_lite_cma,evaluation,0.585135,0.604273,-0.028383,-0.233294,3.523216,13,explicit_euler_dt1,hbv,success,,28.23,0.683
01532000,hbv_lite_cma,evaluation,0.509809,0.496895,-0.050868,-0.22611,1.21452,13,explicit_euler_dt1,hbv,success,,28.08,0.6631
01539000,hbv_lite_cma,evaluation,0.663148,0.738348,-0.042174,-0.183592,1.186934,13,explicit_euler_dt1,hbv,success,,28.51,0.6632
01542810,hbv_lite_cma,evaluation,0.620794,0.672507,-0.005583,-0.209244,3.368131,13,explicit_euler_dt1,hbv,success,,28.27,0.6708
01543000,hbv_lite_cma,evaluation,0.660334,0.687428,-0.018021,-0.209578,2.089286,13,explicit_euler_dt1,hbv,success,,33.34,0.75
01543500,hbv_lite_cma,evaluation,0.685362,0.699308,-0.1014,-0.225867,0.703645,13,explicit_euler_dt1,hbv,success,,33.44,0.7514
01544500,hbv_lite_cma,evaluation,0.721272,0.671641,-0.115941,-0.233452,0.807804,13,explicit_euler_dt1,hbv,success,,36.47,0.7294
01545600,hbv_lite_cma,evaluation,0.64971,0.586473,-0.137296,-0.286386,0.735385,13,explicit_euler_dt1,hbv,success,,36.94,0.7033
01547700,hbv_lite_cma,evaluation,0.674199,0.70093,-0.177508,-0.217221,-0.898286,13,explicit_euler_dt1,hbv,success,,28.01,0.6495
01548500,hbv_lite_cma,evaluation,0.722204,0.685401,-0.13734,-0.24128,0.771407,13,explicit_euler_dt1,hbv,success,,36.01,0.7667
01549500,hbv_lite_cma,evaluation,0.627917,0.534669,-0.19604,-0.336071,1.543206,13,explicit_euler_dt1,hbv,success,,28.41,0.7432
01550000,hbv_lite_cma,evaluation,0.63045,0.58071,-0.131586,-0.290122,1.229658,13,explicit_euler_dt1,hbv,success,,28.47,0.7195
01552000,hbv_lite_cma,evaluation,0.642136,0.633488,-0.134203,-0.280612,1.053777,13,explicit_euler_dt1,hbv,success,,28.52,0.7077
01552500,hbv_lite_cma,evaluation,0.584339,0.613609,-0.138188,-0.245886,1.349401,13,explicit_euler_dt1,hbv,success,,28.47,0.6691
01557500,hbv_lite_cma,evaluation,0.664576,0.742901,-0.020893,-0.199609,1.612717,13,explicit_euler_dt1,hbv,success,,28.48,0.7488
01567500,hbv_lite_cma,evaluation,0.466417,0.584931,0.113189,-0.12611,0.874954,13,explicit_euler_dt1,hbv,success,,28.43,0.5898
01568000,hbv_lite_cma,evaluation,0.499244,0.699677,0.038391,-0.149045,0.846534,13,explicit_euler_dt1,hbv,success,,28.39,0.6878
01580000,hbv_lite_cma,evaluation,0.528804,0.514569,-0.063916,-0.268586,0.257354,13,explicit_euler_dt1,hbv,success,,28.87,0.6137
01583500,hbv_lite_cma,evaluation,0.52188,0.62176,-0.009574,-0.178308,0.224093,13,explicit_euler_dt1,hbv,success,,28.74,0.5295
01586610,hbv_lite_cma,evaluation,0.479171,0.668053,-0.076197,-0.133185,-0.100594,13,explicit_euler_dt1,hbv,success,,28.38,0.5813
01591400,hbv_lite_cma,evaluation,0.470021,0.619923,0.020491,-0.030283,0.383588,13,explicit_euler_dt1,hbv,success,,28.25,0.5159
01594950,hbv_lite_cma,evaluation,0.581815,0.730655,-0.037312,-0.170161,3.747878,13,explicit_euler_dt1,hbv,success,,28.76,0.6485
01596500,hbv_lite_cma,evaluation,0.584301,0.671606,-0.078252,-0.236284,1.774385,13,explicit_euler_dt1,hbv,success,,28.47,0.7129
01605500,hbv_lite_cma,evaluation,0.5421,0.649212,0.120012,-0.083978,0.294616,13,explicit_euler_dt1,hbv,success,,28.31,0.629
01606500,hbv_lite_cma,evaluation,0.593775,0.631619,-0.044153,-0.226111,0.241401,13,explicit_euler_dt1,hbv,success,,32.02,0.6554
01632000,hbv_lite_cma,evaluation,0.515611,0.552325,0.236106,-0.080358,4.307461,13,explicit_euler_dt1,hbv,success,,28.13,0.5432
01632900,hbv_lite_cma,evaluation,0.476743,0.682871,0.17692,0.023814,0.198641,13,explicit_euler_dt1,hbv,success,,27.98,0.5847
01634500,hbv_lite_cma,evaluation,0.513335,0.526926,-0.077619,-0.228113,0.02552,13,explicit_euler_dt1,hbv,success,,28.15,0.6193
01638480,hbv_lite_cma,evaluation,0.524579,0.546046,0.074843,-0.218662,3.569414,13,explicit_euler_dt1,hbv,success,,28.0,0.5224
01639500,hbv_lite_cma,evaluation,0.636733,0.758432,0.091541,-0.085584,0.390615,13,explicit_euler_dt1,hbv,success,,28.16,0.6494
01644000,hbv_lite_cma,evaluation,0.605683,0.728377,-0.016152,-0.176166,1.630008,13,explicit_euler_dt1,hbv,success,,28.12,0.65
01664000,hbv_lite_cma,evaluation,0.606826,0.703878,0.174406,0.006929,2.082082,13,explicit_euler_dt1,hbv,success,,35.97,0.6777
01666500,hbv_lite_cma,evaluation,0.594379,0.637705,0.133366,-0.06364,1.040466,13,explicit_euler_dt1,hbv,success,,28.34,0.5586
01667500,hbv_lite_cma,evaluation,0.586147,0.630871,0.127253,-0.021391,0.890911,13,explicit_euler_dt1,hbv,success,,26.8,0.6379
01669000,hbv_lite_cma,evaluation,0.605723,0.530876,-0.163516,-0.357922,1.595705,13,explicit_euler_dt1,hbv,success,,28.0,0.6595
01669520,hbv_lite_cma,evaluation,0.611114,0.550049,0.058442,-0.186873,6.176149,13,explicit_euler_dt1,hbv,success,,57.71,0.6912
02011400,hbv_lite_cma,evaluation,0.518514,0.564234,-0.105685,-0.204693,-0.347421,13,explicit_euler_dt1,hbv,success,,31.08,0.6897
02013000,hbv_lite_cma,evaluation,0.634752,0.632119,-0.034509,-0.226085,0.458368,13,explicit_euler_dt1,hbv,success,,28.1,0.7589
02014000,hbv_lite_cma,evaluation,0.601917,0.686072,0.090065,-0.154356,1.07669,13,explicit_euler_dt1,hbv,success,,28.32,0.7306
02015700,hbv_lite_cma,evaluation,0.564776,0.621263,0.009144,-0.167982,0.060073,13,explicit_euler_dt1,hbv,success,,28.3,0.6582
02016000,hbv_lite_cma,evaluation,0.5624,0.661389,0.143683,-0.084915,1.059317,13,explicit_euler_dt1,hbv,success,,36.16,0.6987
02017500,hbv_lite_cma,evaluation,0.659258,0.692274,-0.055815,-0.254545,1.119305,13,explicit_euler_dt1,hbv,success,,28.43,0.7438
02018000,hbv_lite_cma,evaluation,0.64729,0.684229,0.008528,-0.185269,0.62044,13,explicit_euler_dt1,hbv,success,,35.86,0.7344
02027000,hbv_lite_cma,evaluation,0.43278,0.714192,-0.065668,-0.1538,0.231681,13,explicit_euler_dt1,hbv,success,,28.16,0.5994
02027500,hbv_lite_cma,evaluation,0.476455,0.535759,-0.152281,-0.283947,1.109478,13,explicit_euler_dt1,hbv,success,,28.36,0.6271
02028500,hbv_lite_cma,evaluation,0.577406,0.686903,0.080949,-0.140199,1.779856,13,explicit_euler_dt1,hbv,success,,28.18,0.6502
02038850,hbv_lite_cma,evaluation,0.413564,0.431487,0.11412,-0.184238,2.233264,13,explicit_euler_dt1,hbv,success,,28.36,0.6039
02046000,hbv_lite_cma,evaluation,0.572857,0.633767,0.248255,-0.093843,14.466857,13,explicit_euler_dt1,hbv,success,,35.54,0.6836
02051500,hbv_lite_cma,evaluation,0.602917,0.578576,0.127382,-0.147297,1.561559,13,explicit_euler_dt1,hbv,success,,43.81,0.6243
02053200,hbv_lite_cma,evaluation,0.68365,0.604993,0.09367,-0.159326,6.29684,13,explicit_euler_dt1,hbv,success,,83.63,0.6926
02053800,hbv_lite_cma,evaluation,0.393885,0.650842,-0.000233,-0.22016,1.218462,13,explicit_euler_dt1,hbv,success,,27.93,0.7304
02055100,hbv_lite_cma,evaluation,0.640901,0.684278,0.22318,-0.014386,0.96106,13,explicit_euler_dt1,hbv,success,,28.04,0.6811
02056900,hbv_lite_cma,evaluation,0.614661,0.647139,0.044537,-0.135995,0.26629,13,explicit_euler_dt1,hbv,success,,28.42,0.6443
02059500,hbv_lite_cma,evaluation,0.517743,0.496587,-0.080861,-0.266724,0.08533,13,explicit_euler_dt1,hbv,success,,28.4,0.6305
02064000,hbv_lite_cma,evaluation,0.4446,0.417642,0.086931,-0.142364,1.714719,13,explicit_euler_dt1,hbv,success,,28.04,0.6668
02065500,hbv_lite_cma,evaluation,0.404488,0.367562,-0.025838,-0.296827,1.426749,13,explicit_euler_dt1,hbv,success,,36.5,0.5171
02069700,hbv_lite_cma,evaluation,0.598936,0.631787,-0.116926,-0.264304,0.074659,13,explicit_euler_dt1,hbv,success,,28.5,0.6252
02070000,hbv_lite_cma,evaluation,0.499312,0.68857,-0.006074,-0.088092,-0.006114,13,explicit_euler_dt1,hbv,success,,28.2,0.5642
02074500,hbv_lite_cma,evaluation,0.58039,0.50401,0.362126,-0.00286,1.94192,13,explicit_euler_dt1,hbv,success,,28.16,0.5271
02077200,hbv_lite_cma,evaluation,0.291001,0.208581,0.450015,-0.022191,37.708255,13,explicit_euler_dt1,hbv,success,,28.2,0.6007
02081500,hbv_lite_cma,evaluation,0.588354,0.350065,0.498551,-0.03659,38.39564,13,explicit_euler_dt1,hbv,success,,35.71,0.636
02082950,hbv_lite_cma,evaluation,0.4735,0.394036,0.101442,-0.181098,2.968167,13,explicit_euler_dt1,hbv,success,,44.23,0.6242
02092500,hbv_lite_cma,evaluation,0.772979,0.581809,0.406251,0.027137,18.769213,13,explicit_euler_dt1,hbv,success,,52.53,0.7826
02096846,hbv_lite_cma,evaluation,0.528591,0.490351,0.251499,-0.133224,43.871956,13,explicit_euler_dt1,hbv,success,,27.88,0.5674
02102908,hbv_lite_cma,evaluation,0.479817,0.639566,-0.089624,-0.227146,0.417615,13,explicit_euler_dt1,hbv,success,,26.23,0.5724
02108000,hbv_lite_cma,evaluation,0.818821,0.693801,0.216033,-0.019959,4.351772,13,explicit_euler_dt1,hbv,success,,88.91,0.7035
02111180,hbv_lite_cma,evaluation,0.575524,0.576096,-0.01642,-0.166461,0.275209,13,explicit_euler_dt1,hbv,success,,28.25,0.6878
02111500,hbv_lite_cma,evaluation,0.501843,0.599977,0.027834,-0.100525,0.241446,13,explicit_euler_dt1,hbv,success,,28.38,0.6595
02112120,hbv_lite_cma,evaluation,0.506954,0.562804,0.058845,-0.129443,0.26904,13,explicit_euler_dt1,hbv,success,,28.12,0.5012
02112360,hbv_lite_cma,evaluation,0.566543,0.679869,-0.040649,-0.160435,0.079833,13,explicit_euler_dt1,hbv,success,,28.41,0.5733
02118500,hbv_lite_cma,evaluation,0.582597,0.608143,0.141677,-0.166207,1.70104,13,explicit_euler_dt1,hbv,success,,28.35,0.5331
02125000,hbv_lite_cma,evaluation,0.528267,0.557539,0.245908,-0.117999,51.072532,13,explicit_euler_dt1,hbv,success,,28.37,0.5837
02128000,hbv_lite_cma,evaluation,0.484188,0.373568,0.356973,-0.103498,8.623915,13,explicit_euler_dt1,hbv,success,,28.42,0.6107
02137727,hbv_lite_cma,evaluation,0.650608,0.751453,0.057605,-0.152013,0.592855,13,explicit_euler_dt1,hbv,success,,27.92,0.736
02140991,hbv_lite_cma,evaluation,0.705218,0.704621,0.123645,-0.01367,0.769897,13,explicit_euler_dt1,hbv,success,,28.31,0.7035
02143000,hbv_lite_cma,evaluation,0.645369,0.75784,0.048001,-0.123248,0.468168,13,explicit_euler_dt1,hbv,success,,28.4,0.7001
02143040,hbv_lite_cma,evaluation,0.578609,0.762257,0.019608,-0.067615,0.342811,13,explicit_euler_dt1,hbv,success,,28.41,0.6929
02149000,hbv_lite_cma,evaluation,0.646498,0.823086,-0.025019,-0.087625,0.296525,13,explicit_euler_dt1,hbv,success,,28.43,0.722
02152100,hbv_lite_cma,evaluation,0.511454,0.69238,0.207671,0.023345,0.705534,13,explicit_euler_dt1,hbv,success,,28.47,0.5899
02177000,hbv_lite_cma,evaluation,0.759603,0.87331,-0.009368,-0.085604,0.175614,13,explicit_euler_dt1,hbv,success,,28.96,0.7015
02178400,hbv_lite_cma,evaluation,0.73088,0.839778,0.096353,-0.010084,0.403262,13,explicit_euler_dt1,hbv,success,,28.62,0.7809
02193340,hbv_lite_cma,evaluation,0.491902,0.460642,0.368298,-0.002733,4.688792,13,explicit_euler_dt1,hbv,success,,28.21,0.5885
02196000,hbv_lite_cma,evaluation,0.551488,0.519066,0.294068,-0.146167,17.389518,13,explicit_euler_dt1,hbv,success,,36.52,0.573
02198100,hbv_lite_cma,evaluation,0.477916,0.461068,0.021867,-0.287732,4.261425,13,explicit_euler_dt1,hbv,success,,33.22,0.6495
02202600,hbv_lite_cma,evaluation,0.651614,0.703974,0.103856,-0.121072,20.613533,13,explicit_euler_dt1,hbv,success,,58.14,0.7129
02212600,hbv_lite_cma,evaluation,0.627049,0.544042,0.324932,-0.130544,12.658626,13,explicit_euler_dt1,hbv,success,,28.21,0.6211
02215100,hbv_lite_cma,evaluation,0.581047,0.683833,0.116567,-0.228939,7.025449,13,explicit_euler_dt1,hbv,success,,32.32,0.7463
02216180,hbv_lite_cma,evaluation,0.685983,0.657327,-0.122425,-0.244596,,13,explicit_euler_dt1,hbv,success,,38.38,0.7533
02221525,hbv_lite_cma,evaluation,0.731673,0.720528,0.08521,-0.22092,3.424377,13,explicit_euler_dt1,hbv,success,,28.84,0.5727
02231000,hbv_lite_cma,evaluation,0.734825,0.684677,0.187372,-0.145984,8.263003,13,explicit_euler_dt1,hbv,success,,57.9,0.8697
02245500,hbv_lite_cma,evaluation,0.447313,0.44596,0.270916,-0.228302,4.172661,13,explicit_euler_dt1,hbv,success,,29.6,0.708
02246000,hbv_lite_cma,evaluation,0.648954,0.632867,0.176066,-0.248454,5.47639,13,explicit_euler_dt1,hbv,success,,44.26,0.7244
02296500,hbv_lite_cma,evaluation,0.691236,0.577844,0.387419,0.20353,1.429281,13,explicit_euler_dt1,hbv,success,,82.1,0.9166
02297155,hbv_lite_cma,evaluation,0.471146,0.464866,0.320661,-0.376006,54.321689,13,explicit_euler_dt1,hbv,success,,31.37,0.6314
02297310,hbv_lite_cma,evaluation,0.713833,0.770208,0.109814,-0.113502,3.970557,13,explicit_euler_dt1,hbv,success,,72.31,0.7599
02298123,hbv_lite_cma,evaluation,0.694589,0.705077,0.115027,-0.158783,3.561529,13,explicit_euler_dt1,hbv,success,,64.92,0.8206
02298608,hbv_lite_cma,evaluation,0.747785,0.752589,-0.018574,-0.212109,1.012624,13,explicit_euler_dt1,hbv,success,,53.54,0.74
02299950,hbv_lite_cma,evaluation,0.63038,0.670485,0.136619,-0.316768,10.206032,13,explicit_euler_dt1,hbv,success,,28.32,0.7523
02300700,hbv_lite_cma,evaluation,0.594908,0.522967,-0.20706,-0.318125,0.857295,13,explicit_euler_dt1,hbv,success,,36.23,0.5733
02342933,hbv_lite_cma,evaluation,0.590368,0.623399,0.20959,-0.063503,15.8888,13,explicit_euler_dt1,hbv,success,,28.63,0.5672
02349900,hbv_lite_cma,evaluation,0.616439,0.661672,0.159661,-0.119461,2.082753,13,explicit_euler_dt1,hbv,success,,22.43,0.7519
02350900,hbv_lite_cma,evaluation,0.758637,0.730736,-0.008074,-0.145052,0.73936,13,explicit_euler_dt1,hbv,success,,47.42,0.6801
02361000,hbv_lite_cma,evaluation,0.642446,0.582281,0.01974,-0.128028,0.619979,13,explicit_euler_dt1,hbv,success,,50.19,0.6991
02363000,hbv_lite_cma,evaluation,0.715005,0.679641,0.142732,-0.061442,7.28467,13,explicit_euler_dt1,hbv,success,,62.61,0.7512
02369800,hbv_lite_cma,evaluation,0.622708,0.537128,0.107765,-0.150006,1.445561,13,explicit_euler_dt1,hbv,success,,36.36,0.6271
02371500,hbv_lite_cma,evaluation,0.790879,0.774748,0.143079,-0.029573,1.481931,13,explicit_euler_dt1,hbv,success,,76.58,0.7519
02372250,hbv_lite_cma,evaluation,0.695619,0.659908,0.146155,-0.024119,2.763145,13,explicit_euler_dt1,hbv,success,,58.94,0.7337
02374500,hbv_lite_cma,evaluation,0.710358,0.752782,0.205791,0.088335,0.861758,13,explicit_euler_dt1,hbv,success,,37.02,0.6915
02381600,hbv_lite_cma,evaluation,0.475403,0.416345,-0.321296,-0.437072,0.016823,13,explicit_euler_dt1,hbv,success,,28.64,0.4782
02384540,hbv_lite_cma,evaluation,0.595088,0.696939,0.068468,-0.179352,2.655908,13,explicit_euler_dt1,hbv,success,,28.41,0.6364
02395120,hbv_lite_cma,evaluation,0.594533,0.62704,-0.179391,-0.261386,0.636714,13,explicit_euler_dt1,hbv,success,,28.04,0.6801
02415000,hbv_lite_cma,evaluation,0.711936,0.691719,0.049398,-0.162833,1.526884,13,explicit_euler_dt1,hbv,success,,28.47,0.6949
02427250,hbv_lite_cma,evaluation,0.724063,0.620451,0.330415,0.035588,4.167977,13,explicit_euler_dt1,hbv,success,,36.14,0.6794
02430085,hbv_lite_cma,evaluation,0.617871,0.756653,-0.071505,-0.222172,1.035142,13,explicit_euler_dt1,hbv,success,,27.99,0.7227
02450250,hbv_lite_cma,evaluation,0.707876,0.746768,0.134625,-0.034404,2.744602,13,explicit_euler_dt1,hbv,success,,28.25,0.7453
02464000,hbv_lite_cma,evaluation,0.777943,0.725762,0.202559,-0.066034,9.538093,13,explicit_euler_dt1,hbv,success,,36.42,0.6945
02464360,hbv_lite_cma,evaluation,0.686111,0.795279,0.070084,-0.063895,0.208735,13,explicit_euler_dt1,hbv,success,,26.15,0.5795
02465493,hbv_lite_cma,evaluation,0.66272,0.648876,0.187517,-0.056565,1.222894,13,explicit_euler_dt1,hbv,success,,27.26,0.5865
02469800,hbv_lite_cma,evaluation,0.715276,0.751299,0.142817,-0.022547,1.173412,13,explicit_euler_dt1,hbv,success,,29.41,0.7136
02472000,hbv_lite_cma,evaluation,0.726438,0.687809,0.188074,-0.03087,2.605056,13,explicit_euler_dt1,hbv,success,,52.21,0.7492
02472500,hbv_lite_cma,evaluation,0.696529,0.671574,0.175721,-0.002576,0.941639,13,explicit_euler_dt1,hbv,success,,44.97,0.7575
02479155,hbv_lite_cma,evaluation,0.587128,0.492287,0.302246,-0.129078,5.490115,13,explicit_euler_dt1,hbv,success,,25.11,0.6206
02479300,hbv_lite_cma,evaluation,0.707638,0.723243,0.089841,-0.105685,1.354793,13,explicit_euler_dt1,hbv,success,,53.81,0.7361
02479560,hbv_lite_cma,evaluation,0.823849,0.781911,0.118687,-0.06541,2.028099,13,explicit_euler_dt1,hbv,success,,62.75,0.8231
02481000,hbv_lite_cma,evaluation,0.737572,0.663719,0.297562,0.029073,10.422705,13,explicit_euler_dt1,hbv,success,,28.26,0.7847
02481510,hbv_lite_cma,evaluation,0.706246,0.759564,0.135633,-0.083609,3.01879,13,explicit_euler_dt1,hbv,success,,38.9,0.7664
03010655,hbv_lite_cma,evaluation,0.598121,0.637531,-0.084308,-0.258996,2.073025,13,explicit_euler_dt1,hbv,success,,45.67,0.7566
03011800,hbv_lite_cma,evaluation,0.636825,0.799475,0.028316,-0.070801,1.25843,13,explicit_euler_dt1,hbv,success,,32.4,0.7178
03015500,hbv_lite_cma,evaluation,0.718684,0.686183,-0.116103,-0.246246,0.776296,13,explicit_euler_dt1,hbv,success,,39.3,0.7598
03021350,hbv_lite_cma,evaluation,0.574713,0.626266,-0.171382,-0.303334,1.718747,13,explicit_euler_dt1,hbv,success,,31.78,0.5796
03026500,hbv_lite_cma,evaluation,0.555515,0.717641,0.131161,-0.054583,2.595551,13,explicit_euler_dt1,hbv,success,,32.29,0.7665
03028000,hbv_lite_cma,evaluation,0.661843,0.695095,-0.060807,-0.217985,1.016722,13,explicit_euler_dt1,hbv,success,,28.79,0.7492
03049000,hbv_lite_cma,evaluation,0.633589,0.680693,0.011724,-0.207492,1.402577,13,explicit_euler_dt1,hbv,success,,28.71,0.79
03049800,hbv_lite_cma,evaluation,0.134704,0.446034,0.287631,-0.21463,8.939514,13,explicit_euler_dt1,hbv,success,,28.41,0.7187
03050000,hbv_lite_cma,evaluation,0.657209,0.636848,-0.036305,-0.216352,2.656181,13,explicit_euler_dt1,hbv,success,,30.91,0.6628
03069500,hbv_lite_cma,evaluation,0.66443,0.640773,-0.063066,-0.217279,1.76761,13,explicit_euler_dt1,hbv,success,,31.05,0.6838
03070500,hbv_lite_cma,evaluation,0.719164,0.723098,-0.129812,-0.229779,0.95805,13,explicit_euler_dt1,hbv,success,,28.48,0.7243
03076600,hbv_lite_cma,evaluation,0.559396,0.635737,-0.182951,-0.294017,0.125543,13,explicit_euler_dt1,hbv,success,,28.3,0.7228
03078000,hbv_lite_cma,evaluation,0.540168,0.616701,-0.195492,-0.27282,0.934828,13,explicit_euler_dt1,hbv,success,,28.77,0.7025
03140000,hbv_lite_cma,evaluation,0.680883,0.661207,0.126389,-0.147089,4.67137,13,explicit_euler_dt1,hbv,success,,28.69,0.7133
03144000,hbv_lite_cma,evaluation,0.663344,0.619544,0.091359,-0.14125,2.302056,13,explicit_euler_dt1,hbv,success,,33.69,0.6976
03170000,hbv_lite_cma,evaluation,0.572787,0.65167,0.021341,-0.206434,1.063386,13,explicit_euler_dt1,hbv,success,,28.55,0.694
03173000,hbv_lite_cma,evaluation,0.616898,0.640191,-0.017575,-0.175381,-0.004466,13,explicit_euler_dt1,hbv,success,,36.7,0.714
03180500,hbv_lite_cma,evaluation,0.620264,0.63045,-1.7e-05,-0.193084,2.730534,13,explicit_euler_dt1,hbv,success,,36.03,0.7444
03182500,hbv_lite_cma,evaluation,0.643739,0.650842,-0.00607,-0.194356,1.881078,13,explicit_euler_dt1,hbv,success,,36.39,0.7192
03186500,hbv_lite_cma,evaluation,0.603326,0.653853,-0.135681,-0.274983,2.86865,13,explicit_euler_dt1,hbv,success,,28.47,0.6843
03237280,hbv_lite_cma,evaluation,0.426072,0.592638,0.086958,-0.228912,43.600126,13,explicit_euler_dt1,hbv,success,,28.67,0.5715
03237500,hbv_lite_cma,evaluation,0.639226,0.563322,0.188661,-0.207161,34.837008,13,explicit_euler_dt1,hbv,success,,28.46,0.5709
03238500,hbv_lite_cma,evaluation,0.58558,0.562019,0.199941,-0.203958,36.316046,13,explicit_euler_dt1,hbv,success,,28.45,0.5735
03241500,hbv_lite_cma,evaluation,0.770026,0.74538,0.163976,-0.071069,1.934884,13,explicit_euler_dt1,hbv,success,,28.42,0.7629
03280700,hbv_lite_cma,evaluation,0.428579,0.648843,0.164672,-0.012615,2.52939,13,explicit_euler_dt1,hbv,success,,28.12,0.6323
03281500,hbv_lite_cma,evaluation,0.678609,0.674284,0.179047,-0.097334,3.928621,13,explicit_euler_dt1,hbv,success,,36.61,0.7422
03285000,hbv_lite_cma,evaluation,0.57947,0.592169,0.071625,-0.209568,8.729712,13,explicit_euler_dt1,hbv,success,,28.33,0.7124
03291780,hbv_lite_cma,evaluation,0.598368,0.550487,0.13096,-0.206005,85.633714,13,explicit_euler_dt1,hbv,success,,28.33,0.5959
03338780,hbv_lite_cma,evaluation,0.661136,0.595267,0.107479,-0.230395,4.475284,13,explicit_euler_dt1,hbv,success,,35.98,0.7073
03340800,hbv_lite_cma,evaluation,0.678698,0.495396,0.399523,-0.001183,15.78436,13,explicit_euler_dt1,hbv,success,,28.6,0.7079
03346000,hbv_lite_cma,evaluation,0.673455,0.668857,0.070708,-0.175426,25.931734,13,explicit_euler_dt1,hbv,success,,36.37,0.6835
03364500,hbv_lite_cma,evaluation,0.641014,0.692497,0.047357,-0.129155,10.007232,13,explicit_euler_dt1,hbv,success,,28.39,0.6514
03366500,hbv_lite_cma,evaluation,0.671136,0.602429,0.142646,-0.189659,23.521646,13,explicit_euler_dt1,hbv,success,,28.11,0.7136
03368000,hbv_lite_cma,evaluation,0.520044,0.463239,0.184632,-0.204502,55.557938,13,explicit_euler_dt1,hbv,success,,28.03,0.5687
03384450,hbv_lite_cma,evaluation,0.623617,0.598094,0.190379,-0.14028,32.383823,13,explicit_euler_dt1,hbv,success,,28.05,0.6775
03439000,hbv_lite_cma,evaluation,0.754237,0.761499,0.076151,-0.089975,0.557889,13,explicit_euler_dt1,hbv,success,,28.47,0.6671
03455500,hbv_lite_cma,evaluation,0.563936,0.664326,0.141495,-0.155133,1.686037,13,explicit_euler_dt1,hbv,success,,28.34,0.6979
03456500,hbv_lite_cma,evaluation,0.574397,0.716491,0.156594,-0.150988,2.562576,13,explicit_euler_dt1,hbv,success,,25.05,0.6908
03460000,hbv_lite_cma,evaluation,0.669978,0.826144,0.062549,-0.046854,0.122781,13,explicit_euler_dt1,hbv,success,,28.18,0.7598
03463300,hbv_lite_cma,evaluation,0.740818,0.801598,-0.041808,-0.168254,0.575564,13,explicit_euler_dt1,hbv,success,,28.07,0.7862
03471500,hbv_lite_cma,evaluation,0.603601,0.729362,0.095702,-0.096316,0.36099,13,explicit_euler_dt1,hbv,success,,36.59,0.6502
03473000,hbv_lite_cma,evaluation,0.683833,0.825353,0.073175,-0.048422,0.252107,13,explicit_euler_dt1,hbv,success,,33.7,0.7326
03479000,hbv_lite_cma,evaluation,0.702638,0.671496,0.132443,-0.086711,0.976594,13,explicit_euler_dt1,hbv,success,,28.2,0.706
03488000,hbv_lite_cma,evaluation,0.535801,0.697198,-0.108654,-0.242819,0.621384,13,explicit_euler_dt1,hbv,success,,36.12,0.6464
03498500,hbv_lite_cma,evaluation,0.762833,0.815327,0.121325,-0.006958,0.445375,13,explicit_euler_dt1,hbv,success,,28.71,0.8059
03500000,hbv_lite_cma,evaluation,0.709841,0.763079,0.208687,0.062373,0.528235,13,explicit_euler_dt1,hbv,success,,29.89,0.7016
03500240,hbv_lite_cma,evaluation,0.668569,0.747553,0.21014,0.023344,0.7117,13,explicit_euler_dt1,hbv,success,,28.77,0.5909
03504000,hbv_lite_cma,evaluation,0.760381,0.87309,0.03775,-0.028605,0.214005,13,explicit_euler_dt1,hbv,success,,29.5,0.7682
03574500,hbv_lite_cma,evaluation,0.655021,0.64643,-0.095376,-0.17197,-0.32549,13,explicit_euler_dt1,hbv,success,,44.32,0.731
03592718,hbv_lite_cma,evaluation,0.442149,0.468648,0.467242,0.071318,4.831183,13,explicit_euler_dt1,hbv,success,,28.24,0.6743
03604000,hbv_lite_cma,evaluation,0.606578,0.581585,0.1656,-0.03065,0.963861,13,explicit_euler_dt1,hbv,success,,35.84,0.7242
04015330,hbv_lite_cma,evaluation,0.571797,0.669077,0.017194,-0.198211,2.176162,13,explicit_euler_dt1,hbv,success,,29.14,0.7356
04024430,hbv_lite_cma,evaluation,0.631541,0.682266,-0.135579,-0.242256,-0.192937,13,explicit_euler_dt1,hbv,success,,37.16,0.7529
04027000,hbv_lite_cma,evaluation,0.685236,0.793096,-0.058549,-0.140926,0.056036,13,explicit_euler_dt1,hbv,success,,39.26,0.7864
04040500,hbv_lite_cma,evaluation,0.430217,0.42351,-0.288307,-0.459232,0.495219,13,explicit_euler_dt1,hbv,success,,51.38,0.8097
04043050,hbv_lite_cma,evaluation,-0.331527,0.422261,-0.136054,-0.044799,0.035045,13,explicit_euler_dt1,hbv,success,,33.39,0.5484
04045500,hbv_lite_cma,evaluation,0.704894,0.683395,-0.218682,-0.237066,-0.277216,13,explicit_euler_dt1,hbv,success,,74.65,0.8484
04057510,hbv_lite_cma,evaluation,0.622202,0.594985,-0.209152,-0.331791,-0.091679,13,explicit_euler_dt1,hbv,success,,37.02,0.7893
04057800,hbv_lite_cma,evaluation,0.481112,0.436656,-0.286356,-0.446407,0.292147,13,explicit_euler_dt1,hbv,success,,41.52,0.804
04059500,hbv_lite_cma,evaluation,0.756752,0.747547,-0.153074,-0.245325,0.165015,13,explicit_euler_dt1,hbv,success,,60.19,0.8615
04063700,hbv_lite_cma,evaluation,0.651594,0.593639,-0.263194,-0.334344,0.206039,13,explicit_euler_dt1,hbv,success,,77.02,0.8651
04074950,hbv_lite_cma,evaluation,0.674,0.792132,-0.148623,-0.129266,-0.03002,13,explicit_euler_dt1,hbv,success,,52.74,0.8096
04105700,hbv_lite_cma,evaluation,0.478941,0.742173,-0.118724,-0.155153,0.181449,13,explicit_euler_dt1,hbv,success,,35.69,0.6164
04115265,hbv_lite_cma,evaluation,0.482131,0.606414,-0.093664,-0.21345,0.379692,13,explicit_euler_dt1,hbv,success,,30.66,0.5966
04122200,hbv_lite_cma,evaluation,0.353745,0.544974,-0.129939,-0.283327,0.22485,13,explicit_euler_dt1,hbv,success,,79.65,0.6799
04122500,hbv_lite_cma,evaluation,0.539071,0.657634,-0.044848,-0.172376,0.265155,13,explicit_euler_dt1,hbv,success,,61.89,0.6392
04127918,hbv_lite_cma,evaluation,0.480311,0.508649,-0.251494,-0.363992,-0.192591,13,explicit_euler_dt1,hbv,success,,33.95,0.7147
04127997,hbv_lite_cma,evaluation,0.305221,0.64616,-0.133299,-0.234784,0.015693,13,explicit_euler_dt1,hbv,success,,39.3,0.3874
04161580,hbv_lite_cma,evaluation,0.478304,0.563341,-0.233272,-0.333717,0.354078,13,explicit_euler_dt1,hbv,success,,52.47,0.6051
04185000,hbv_lite_cma,evaluation,0.773401,0.707123,-0.04182,-0.233749,0.840455,13,explicit_euler_dt1,hbv,success,,53.09,0.8192
04196800,hbv_lite_cma,evaluation,0.631293,0.661073,0.140881,-0.135469,12.644276,13,explicit_euler_dt1,hbv,success,,49.76,0.7268
04197100,hbv_lite_cma,evaluation,0.640061,0.675348,0.045681,-0.18618,5.306833,13,explicit_euler_dt1,hbv,success,,36.43,0.7459
04197170,hbv_lite_cma,evaluation,0.53477,0.482502,0.246749,-0.215202,10.217005,13,explicit_euler_dt1,hbv,success,,28.02,0.6513
04213000,hbv_lite_cma,evaluation,0.039324,-0.10443,0.12572,-0.652897,29.112388,13,explicit_euler_dt1,hbv,success,,43.84,0.0964
04213075,hbv_lite_cma,evaluation,-0.285065,-0.698276,-0.999893,-0.999963,-0.999254,13,explicit_euler_dt1,hbv,success,,36.89,-0.3637
04216418,hbv_lite_cma,evaluation,0.648395,0.721758,0.049025,-0.161699,1.404671,13,explicit_euler_dt1,hbv,success,,28.29,0.6525
04221000,hbv_lite_cma,evaluation,0.628883,0.674245,-0.040799,-0.204181,1.610704,13,explicit_euler_dt1,hbv,success,,28.25,0.773
04224775,hbv_lite_cma,evaluation,0.560696,0.570626,-0.122452,-0.305362,0.983171,13,explicit_euler_dt1,hbv,success,,28.26,0.6726
04233000,hbv_lite_cma,evaluation,0.640575,0.584991,-0.182448,-0.25658,-0.023652,13,explicit_euler_dt1,hbv,success,,28.2,0.7102
04256000,hbv_lite_cma,evaluation,0.739796,0.80774,-0.020247,-0.156387,0.809366,13,explicit_euler_dt1,hbv,success,,36.69,0.7733
04296000,hbv_lite_cma,evaluation,0.708227,0.803912,-0.056951,-0.176844,0.359681,13,explicit_euler_dt1,hbv,success,,30.04,0.7297
05057200,hbv_lite_cma,evaluation,-0.110102,0.460839,0.098752,-0.097043,9.822705,13,explicit_euler_dt1,hbv,success,,40.34,0.4044
05120500,hbv_lite_cma,evaluation,0.235882,0.015193,-0.565298,-0.691055,18.890147,13,explicit_euler_dt1,hbv,success,,88.36,0.2651
05291000,hbv_lite_cma,evaluation,0.597216,0.500586,-0.090409,-0.316684,2.350996,13,explicit_euler_dt1,hbv,success,,37.97,0.4803
05362000,hbv_lite_cma,evaluation,0.595173,0.687454,-0.187635,-0.222215,-0.504636,13,explicit_euler_dt1,hbv,success,,47.13,0.8424
05393500,hbv_lite_cma,evaluation,0.629369,0.698716,-0.146613,-0.215259,-0.193745,13,explicit_euler_dt1,hbv,success,,36.16,0.7653
05399500,hbv_lite_cma,evaluation,0.470879,0.553881,0.272732,-0.131051,6.567,13,explicit_euler_dt1,hbv,success,,22.04,0.5657
05408000,hbv_lite_cma,evaluation,0.116693,0.190451,0.145886,-0.294488,0.842233,13,explicit_euler_dt1,hbv,success,,28.17,0.8353
05413500,hbv_lite_cma,evaluation,0.353714,0.517557,0.288649,-0.055372,1.479797,13,explicit_euler_dt1,hbv,success,,28.89,0.767
05414000,hbv_lite_cma,evaluation,0.349759,0.485825,0.253648,-0.038396,1.276586,13,explicit_euler_dt1,hbv,success,,25.53,0.8212
05444000,hbv_lite_cma,evaluation,0.47372,0.541348,-0.021642,-0.239709,0.962417,13,explicit_euler_dt1,hbv,success,,28.14,0.7665
05454000,hbv_lite_cma,evaluation,0.483317,0.560918,0.182036,0.037285,7.726191,13,explicit_euler_dt1,hbv,success,,28.17,0.6433
05458000,hbv_lite_cma,evaluation,0.433142,0.696813,0.068563,-0.096196,0.627482,13,explicit_euler_dt1,hbv,success,,36.21,0.7174
05466500,hbv_lite_cma,evaluation,0.629168,0.79318,-0.050014,-0.07567,-0.157894,13,explicit_euler_dt1,hbv,success,,48.33,0.7233
05487980,hbv_lite_cma,evaluation,0.628474,0.438409,0.353239,-0.142395,33.589202,13,explicit_euler_dt1,hbv,success,,33.6,0.6153
05488200,hbv_lite_cma,evaluation,0.556816,0.533468,-0.029738,-0.202172,13.648374,13,explicit_euler_dt1,hbv,success,,28.15,0.4974
05489000,hbv_lite_cma,evaluation,0.632324,0.611513,0.074755,-0.168103,5.699977,13,explicit_euler_dt1,hbv,success,,27.76,0.5439
05495000,hbv_lite_cma,evaluation,0.631132,0.486145,0.387093,-0.119779,40.989331,13,explicit_euler_dt1,hbv,success,,41.27,0.6499
05495500,hbv_lite_cma,evaluation,0.575005,0.417885,0.364557,-0.163251,54.221903,13,explicit_euler_dt1,hbv,success,,27.49,0.6298
05501000,hbv_lite_cma,evaluation,0.495024,0.484878,-0.035122,-0.302015,13.30923,13,explicit_euler_dt1,hbv,success,,28.37,0.667
05503800,hbv_lite_cma,evaluation,0.491931,0.473159,0.040058,-0.365076,643.166273,13,explicit_euler_dt1,hbv,success,,28.26,0.6262
05507600,hbv_lite_cma,evaluation,0.510505,0.21553,0.672353,-0.033551,747.194065,13,explicit_euler_dt1,hbv,success,,24.92,0.645
05508805,hbv_lite_cma,evaluation,0.556118,0.363216,0.492226,-0.099818,70.037387,13,explicit_euler_dt1,hbv,success,,27.98,0.6135
05525500,hbv_lite_cma,evaluation,0.683831,0.657872,0.246714,-0.014005,9.423203,13,explicit_euler_dt1,hbv,success,,47.02,0.7652
05556500,hbv_lite_cma,evaluation,0.522907,0.594773,-0.090033,-0.226044,1.344474,13,explicit_euler_dt1,hbv,success,,30.52,0.6748
05584500,hbv_lite_cma,evaluation,0.681876,0.695426,0.097477,-0.124661,11.58742,13,explicit_euler_dt1,hbv,success,,52.43,0.6167
05591550,hbv_lite_cma,evaluation,0.688715,0.58076,0.354943,0.031613,61.783303,13,explicit_euler_dt1,hbv,success,,28.27,0.704
05592050,hbv_lite_cma,evaluation,0.565552,0.537061,0.065956,-0.20542,54.116525,13,explicit_euler_dt1,hbv,success,,28.02,0.7128
05592575,hbv_lite_cma,evaluation,0.624535,0.520243,0.306377,-0.103669,85650.509074,13,explicit_euler_dt1,hbv,success,,28.41,0.6292
05593575,hbv_lite_cma,evaluation,0.658826,0.459276,0.358293,-0.101054,70.802369,13,explicit_euler_dt1,hbv,success,,28.37,0.6824
05593900,hbv_lite_cma,evaluation,0.469593,0.276429,0.603394,-0.057896,190.263473,13,explicit_euler_dt1,hbv,success,,28.88,0.6573
05595730,hbv_lite_cma,evaluation,0.642886,0.548423,0.121765,-0.081391,27.734992,13,explicit_euler_dt1,hbv,success,,28.5,0.6156
06221400,hbv_lite_cma,evaluation,0.610335,0.72584,-0.171209,-0.211192,-0.487807,13,explicit_euler_dt1,hbv,success,,42.6,0.6595
06224000,hbv_lite_cma,evaluation,0.751498,0.762966,-0.173284,-0.170177,-0.731232,13,explicit_euler_dt1,hbv,success,,34.59,0.8374
06278300,hbv_lite_cma,evaluation,0.759955,0.778204,-0.155252,-0.156417,-0.93257,13,explicit_euler_dt1,hbv,success,,23.79,0.8151
06280300,hbv_lite_cma,evaluation,0.627587,0.738163,0.100967,0.107979,-0.769845,13,explicit_euler_dt1,hbv,success,,33.4,0.7997
06289000,hbv_lite_cma,evaluation,0.631705,0.79582,0.099962,-0.002914,0.493377,13,explicit_euler_dt1,hbv,success,,42.72,0.7658
06291500,hbv_lite_cma,evaluation,0.570193,0.771584,-0.086113,-0.05359,-0.587842,13,explicit_euler_dt1,hbv,success,,55.37,0.7598
06311000,hbv_lite_cma,evaluation,0.751045,0.706939,-0.189834,-0.212376,-0.798178,13,explicit_euler_dt1,hbv,success,,41.44,0.7371
06332515,hbv_lite_cma,evaluation,0.203119,0.381322,-0.09825,-0.350307,7.703995,13,explicit_euler_dt1,hbv,success,,28.78,0.2461
06339100,hbv_lite_cma,evaluation,-0.006962,-0.284409,0.996376,-0.311015,185.829019,13,explicit_euler_dt1,hbv,success,,28.67,0.6366
06344600,hbv_lite_cma,evaluation,0.018751,0.145476,0.31348,-0.121175,22.145189,13,explicit_euler_dt1,hbv,success,,29.01,0.1659
06350000,hbv_lite_cma,evaluation,0.090006,0.026421,-0.188208,-0.372426,0.299701,13,explicit_euler_dt1,hbv,success,,46.65,0.1434
06352000,hbv_lite_cma,evaluation,-0.763548,0.125152,0.463044,0.126121,-0.553549,13,explicit_euler_dt1,hbv,success,,54.12,0.2964
06404000,hbv_lite_cma,evaluation,0.558059,0.781792,0.036328,-0.01868,0.11006,13,explicit_euler_dt1,hbv,success,,29.67,0.7428
06406000,hbv_lite_cma,evaluation,0.546283,0.506783,-0.24255,-0.446386,3.714416,13,explicit_euler_dt1,hbv,success,,35.77,0.1762
06409000,hbv_lite_cma,evaluation,0.394965,0.526223,0.133907,-0.180278,0.770617,13,explicit_euler_dt1,hbv,success,,41.24,-0.0763
06431500,hbv_lite_cma,evaluation,0.387592,0.618668,0.254088,0.078994,0.69042,13,explicit_euler_dt1,hbv,success,,42.47,0.4779
06440200,hbv_lite_cma,evaluation,0.103109,0.455187,0.014211,-0.240687,1829.232305,13,explicit_euler_dt1,hbv,success,,29.8,0.6082
06447500,hbv_lite_cma,evaluation,0.187802,0.16485,-0.05381,-0.45618,1.271384,13,explicit_euler_dt1,hbv,success,,49.51,0.1256
06470800,hbv_lite_cma,evaluation,0.228612,0.15787,-0.335169,-0.50419,55.514,13,explicit_euler_dt1,hbv,success,,48.41,0.59
06477500,hbv_lite_cma,evaluation,0.507749,0.427463,-0.13963,-0.321526,187.816369,13,explicit_euler_dt1,hbv,success,,47.69,0.5395
06479215,hbv_lite_cma,evaluation,0.32012,0.291835,-0.049795,-0.386886,17.44345,13,explicit_euler_dt1,hbv,success,,47.18,0.436
06601000,hbv_lite_cma,evaluation,0.361641,0.316763,0.158682,-0.37777,3.434488,13,explicit_euler_dt1,hbv,success,,29.84,0.2719
06614800,hbv_lite_cma,evaluation,0.807482,0.717602,-0.187665,-0.176915,-0.921039,13,explicit_euler_dt1,hbv,success,,58.43,0.8768
06622700,hbv_lite_cma,evaluation,0.769335,0.862787,0.00501,-0.07189,-0.095392,13,explicit_euler_dt1,hbv,success,,31.67,0.7264
06623800,hbv_lite_cma,evaluation,0.70938,0.84802,-0.001655,0.038799,-0.718858,13,explicit_euler_dt1,hbv,success,,61.59,0.8755
06632400,hbv_lite_cma,evaluation,0.699463,0.828342,0.073934,0.002096,-0.738628,13,explicit_euler_dt1,hbv,success,,73.2,0.6987
06746095,hbv_lite_cma,evaluation,0.715243,0.572447,-0.35802,-0.287471,-0.872057,13,explicit_euler_dt1,hbv,success,,40.69,0.8157
06803510,hbv_lite_cma,evaluation,0.56004,0.466001,-0.020684,-0.28772,1.836183,13,explicit_euler_dt1,hbv,success,,28.43,0.751
06803530,hbv_lite_cma,evaluation,0.533929,0.511671,0.119098,-0.211539,2.293897,13,explicit_euler_dt1,hbv,success,,28.25,0.71
06814000,hbv_lite_cma,evaluation,0.608142,0.426139,0.476014,-0.074422,24.124383,13,explicit_euler_dt1,hbv,success,,28.48,0.6088
06847900,hbv_lite_cma,evaluation,0.053816,-0.089664,-0.267697,-0.40352,6.728543,13,explicit_euler_dt1,hbv,success,,29.84,0.0474
06853800,hbv_lite_cma,evaluation,0.515444,0.35112,0.497436,-0.124393,18.860458,13,explicit_euler_dt1,hbv,success,,33.66,0.3632
06876700,hbv_lite_cma,evaluation,0.631658,0.546661,0.117306,-0.25979,17.562325,13,explicit_euler_dt1,hbv,success,,42.85,0.4219
06878000,hbv_lite_cma,evaluation,0.439558,0.654789,-0.047322,-0.046223,-0.489832,13,explicit_euler_dt1,hbv,success,,32.94,0.6024
06879650,hbv_lite_cma,evaluation,0.426589,0.461,0.009624,-0.31896,,13,explicit_euler_dt1,hbv,success,,28.15,0.4511
06885500,hbv_lite_cma,evaluation,0.583871,0.310173,0.659344,-0.021785,19.501166,13,explicit_euler_dt1,hbv,success,,28.24,0.6255
06888500,hbv_lite_cma,evaluation,0.570105,0.537301,0.100089,-0.167948,3.266518,13,explicit_euler_dt1,hbv,success,,28.49,0.525
06889200,hbv_lite_cma,evaluation,0.541696,0.332562,0.558369,-0.10946,28.21438,13,explicit_euler_dt1,hbv,success,,28.03,0.306
06889500,hbv_lite_cma,evaluation,0.656067,0.466373,0.425586,-0.116615,15.731438,13,explicit_euler_dt1,hbv,success,,28.37,0.4697
06892000,hbv_lite_cma,evaluation,0.66564,0.62473,0.195388,-0.224192,29.547577,13,explicit_euler_dt1,hbv,success,,36.63,0.6778
06903400,hbv_lite_cma,evaluation,0.604026,0.577929,0.085671,-0.1539,29.660145,13,explicit_euler_dt1,hbv,success,,43.1,0.6693
06906800,hbv_lite_cma,evaluation,0.664531,0.642552,0.147355,-0.128714,14.997935,13,explicit_euler_dt1,hbv,success,,28.6,0.6364
06910800,hbv_lite_cma,evaluation,0.606887,0.334051,0.576912,-0.015179,212.065103,13,explicit_euler_dt1,hbv,success,,28.24,0.5921
06911900,hbv_lite_cma,evaluation,0.589025,0.257709,0.649919,0.01091,477.273253,13,explicit_euler_dt1,hbv,success,,28.26,0.5741
06917000,hbv_lite_cma,evaluation,0.625267,0.592883,0.144086,-0.173525,136.495068,13,explicit_euler_dt1,hbv,success,,36.12,0.7113
06918460,hbv_lite_cma,evaluation,0.605031,0.591385,0.040831,-0.113726,0.249202,13,explicit_euler_dt1,hbv,success,,36.11,0.5368
06919500,hbv_lite_cma,evaluation,0.750734,0.633504,0.329372,-0.005977,56.01674,13,explicit_euler_dt1,hbv,success,,42.57,0.7167
06921070,hbv_lite_cma,evaluation,0.708145,0.740465,0.005573,-0.125572,-0.051726,13,explicit_euler_dt1,hbv,success,,28.38,0.6433
06921200,hbv_lite_cma,evaluation,0.644938,0.681973,0.143938,-0.08326,33.874074,13,explicit_euler_dt1,hbv,success,,28.49,0.6825
07057500,hbv_lite_cma,evaluation,0.516252,0.471529,-0.124078,-0.232231,0.119787,13,explicit_euler_dt1,hbv,success,,36.03,0.763
07060710,hbv_lite_cma,evaluation,0.44442,0.222318,0.683811,-0.032273,10.945894,13,explicit_euler_dt1,hbv,success,,28.36,0.6537
07066000,hbv_lite_cma,evaluation,0.538858,0.563315,0.021492,-0.12163,-0.02338,13,explicit_euler_dt1,hbv,success,,36.29,0.7139
07083000,hbv_lite_cma,evaluation,0.750659,0.745171,-0.199273,-0.182514,-0.923561,13,explicit_euler_dt1,hbv,success,,40.87,0.8382
07142300,hbv_lite_cma,evaluation,0.031539,-0.20263,-0.290229,-0.637796,38.986743,13,explicit_euler_dt1,hbv,success,,65.18,0.5319
07145700,hbv_lite_cma,evaluation,0.535467,0.298846,0.63873,-0.019781,43.207661,13,explicit_euler_dt1,hbv,success,,28.45,0.688
07167500,hbv_lite_cma,evaluation,0.418172,0.330683,0.400343,-0.05477,58.048493,13,explicit_euler_dt1,hbv,success,,28.44,0.633
07180500,hbv_lite_cma,evaluation,0.563907,0.626369,0.162726,-0.187571,11.028852,13,explicit_euler_dt1,hbv,success,,27.92,0.5949
07184000,hbv_lite_cma,evaluation,0.54231,0.486635,0.16169,-0.134753,90.528419,13,explicit_euler_dt1,hbv,success,,36.04,0.5333
07195800,hbv_lite_cma,evaluation,0.457022,0.479122,0.049307,-0.089154,0.011809,13,explicit_euler_dt1,hbv,success,,28.19,0.5765
07196900,hbv_lite_cma,evaluation,0.5008,0.421886,0.356043,-0.150797,27.533932,13,explicit_euler_dt1,hbv,success,,28.67,0.6903
07197000,hbv_lite_cma,evaluation,0.667986,0.63459,0.217131,-0.118327,3.827563,13,explicit_euler_dt1,hbv,success,,28.42,0.7416
07208500,hbv_lite_cma,evaluation,0.501985,0.486555,-0.166592,-0.308855,0.094172,13,explicit_euler_dt1,hbv,success,,85.58,0.7523
07261000,hbv_lite_cma,evaluation,0.519168,0.646094,-0.015241,-0.212738,50.346235,13,explicit_euler_dt1,hbv,success,,28.41,0.7663
07263295,hbv_lite_cma,evaluation,0.650483,0.685672,0.266273,-0.012874,200.587402,13,explicit_euler_dt1,hbv,success,,28.34,0.703
07291000,hbv_lite_cma,evaluation,0.605457,0.579415,0.262783,-0.121394,2.954381,13,explicit_euler_dt1,hbv,success,,28.14,0.6285
07299670,hbv_lite_cma,evaluation,0.204345,0.281476,0.538634,0.047719,2.194725,13,explicit_euler_dt1,hbv,success,,30.45,0.5041
07301410,hbv_lite_cma,evaluation,0.452183,0.676305,-0.193075,-0.145199,1.438632,13,explicit_euler_dt1,hbv,success,,30.35,0.1107
07315200,hbv_lite_cma,evaluation,0.472412,0.257321,0.478029,-0.336339,15074.667041,13,explicit_euler_dt1,hbv,success,,36.86,0.6002
07315700,hbv_lite_cma,evaluation,0.483883,0.246984,0.436152,-0.271438,200.982436,13,explicit_euler_dt1,hbv,success,,52.7,0.6351
07335700,hbv_lite_cma,evaluation,0.55053,0.560948,-0.130019,-0.257937,3.127447,13,explicit_euler_dt1,hbv,success,,28.18,0.6291
07340300,hbv_lite_cma,evaluation,0.57227,0.579323,0.16661,-0.141951,3.06172,13,explicit_euler_dt1,hbv,success,,28.16,0.7189
07346045,hbv_lite_cma,evaluation,0.707971,0.785613,0.153724,-0.000296,2.324437,13,explicit_euler_dt1,hbv,success,,77.83,0.7547
07359610,hbv_lite_cma,evaluation,0.533023,0.527179,0.174383,-0.070341,1.542163,13,explicit_euler_dt1,hbv,success,,26.73,0.6754
07362100,hbv_lite_cma,evaluation,0.619611,0.562794,0.227987,-0.031089,11.648719,13,explicit_euler_dt1,hbv,success,,52.76,0.6455
07362587,hbv_lite_cma,evaluation,0.53093,0.522629,0.15258,-0.200444,123.797674,13,explicit_euler_dt1,hbv,success,,28.15,0.5771
07375000,hbv_lite_cma,evaluation,0.637511,0.532148,0.098262,-0.186982,1.378081,13,explicit_euler_dt1,hbv,success,,38.78,0.5896
08013000,hbv_lite_cma,evaluation,0.703167,0.65189,0.058132,-0.245959,9.507351,13,explicit_euler_dt1,hbv,success,,62.14,0.7417
08014500,hbv_lite_cma,evaluation,0.677595,0.63777,0.18327,-0.142706,2.156672,13,explicit_euler_dt1,hbv,success,,60.92,0.6751
08023080,hbv_lite_cma,evaluation,0.595985,0.596944,0.28546,-0.051866,379.704237,13,explicit_euler_dt1,hbv,success,,35.25,0.6835
08050800,hbv_lite_cma,evaluation,0.290114,0.227387,0.195056,-0.53498,,13,explicit_euler_dt1,hbv,success,,28.52,0.5064
08066200,hbv_lite_cma,evaluation,0.546527,0.29405,0.500742,-0.125455,53.223486,13,explicit_euler_dt1,hbv,success,,28.49,0.6191
08066300,hbv_lite_cma,evaluation,0.506965,0.438508,0.398219,-0.180561,6.248243,13,explicit_euler_dt1,hbv,success,,54.61,0.6662
08070000,hbv_lite_cma,evaluation,0.492688,0.325667,0.388469,-0.097458,9.866801,13,explicit_euler_dt1,hbv,success,,54.4,0.6009
08070200,hbv_lite_cma,evaluation,0.469491,0.338354,0.35453,-0.055951,7.523375,13,explicit_euler_dt1,hbv,success,,67.49,0.6531
08082700,hbv_lite_cma,evaluation,0.220585,-1.529611,2.420684,0.139434,,13,explicit_euler_dt1,hbv,success,,36.82,0.5824
08086212,hbv_lite_cma,evaluation,0.523512,-0.105268,1.00992,-0.210091,111548.952374,13,explicit_euler_dt1,hbv,success,,28.81,0.6984
08086290,hbv_lite_cma,evaluation,0.417695,-0.054761,0.923074,-0.212961,16122.250769,13,explicit_euler_dt1,hbv,success,,28.99,0.6826
08101000,hbv_lite_cma,evaluation,0.688015,0.714166,-0.059182,-0.381135,79.055112,13,explicit_euler_dt1,hbv,success,,28.19,0.6103
08103900,hbv_lite_cma,evaluation,0.501798,0.610949,0.306479,-0.052283,,13,explicit_euler_dt1,hbv,success,,28.63,0.5087
08104900,hbv_lite_cma,evaluation,0.428767,0.276772,0.646008,-0.289109,182.440013,13,explicit_euler_dt1,hbv,success,,28.49,0.4363
08109700,hbv_lite_cma,evaluation,0.519669,-0.219813,1.198664,0.281022,745.048403,13,explicit_euler_dt1,hbv,success,,46.99,0.6365
08150800,hbv_lite_cma,evaluation,0.150356,-0.659303,1.519786,0.202712,109.204885,13,explicit_euler_dt1,hbv,success,,28.65,0.3502
08158700,hbv_lite_cma,evaluation,0.709966,0.604735,0.338088,-0.020776,31.884282,13,explicit_euler_dt1,hbv,success,,28.24,0.612
08158810,hbv_lite_cma,evaluation,0.617476,0.23149,0.748419,0.244497,493.9379,13,explicit_euler_dt1,hbv,success,,28.31,0.6242
08164300,hbv_lite_cma,evaluation,0.572074,0.228445,0.613216,0.023068,86.687436,13,explicit_euler_dt1,hbv,success,,33.45,0.585
08164600,hbv_lite_cma,evaluation,0.695886,0.429978,0.473517,-0.121779,475.741768,13,explicit_euler_dt1,hbv,success,,28.22,0.6394
08165300,hbv_lite_cma,evaluation,-0.255086,-0.679583,1.601669,0.549243,3.814825,13,explicit_euler_dt1,hbv,success,,29.95,0.1754
08171300,hbv_lite_cma,evaluation,0.644677,0.228732,0.73972,-0.05755,44.95825,13,explicit_euler_dt1,hbv,success,,28.46,0.6803
08175000,hbv_lite_cma,evaluation,0.457338,-0.217495,1.129942,-0.117547,98.618996,13,explicit_euler_dt1,hbv,success,,49.43,0.5127
08176900,hbv_lite_cma,evaluation,0.325482,-0.387205,1.284704,0.093271,233.366624,13,explicit_euler_dt1,hbv,success,,29.14,0.5708
08178880,hbv_lite_cma,evaluation,-0.202955,-0.218035,1.07326,0.5405,5.768698,13,explicit_euler_dt1,hbv,success,,47.48,0.2935
08189500,hbv_lite_cma,evaluation,0.579504,-0.440085,1.422639,0.136295,79.809772,13,explicit_euler_dt1,hbv,success,,37.48,0.6546
08190000,hbv_lite_cma,evaluation,0.490881,0.208021,0.596967,-0.132588,5.639292,13,explicit_euler_dt1,hbv,success,,25.49,0.5867
08190500,hbv_lite_cma,evaluation,0.110419,-0.085134,0.431706,-0.482758,358.828021,13,explicit_euler_dt1,hbv,success,,28.85,0.2351
08194200,hbv_lite_cma,evaluation,-0.775804,-5.56122,6.530818,1.359845,,13,explicit_euler_dt1,hbv,success,,41.29,0.2811
08195000,hbv_lite_cma,evaluation,0.401356,0.401601,0.307587,0.096764,0.914665,13,explicit_euler_dt1,hbv,success,,26.37,0.2096
08196000,hbv_lite_cma,evaluation,0.28162,0.270863,0.20225,-0.077856,2.548084,13,explicit_euler_dt1,hbv,success,,23.64,0.0956
08198500,hbv_lite_cma,evaluation,-0.627946,-2.574329,3.524805,0.925675,199.450959,13,explicit_euler_dt1,hbv,success,,43.31,0.1355
08200000,hbv_lite_cma,evaluation,0.333943,0.368133,0.469771,0.12535,11.639871,13,explicit_euler_dt1,hbv,success,,53.17,0.1765
08202700,hbv_lite_cma,evaluation,-0.033366,-4.203996,5.149653,5.149653,,13,explicit_euler_dt1,hbv,success,,28.62,0.2852
08267500,hbv_lite_cma,evaluation,0.522533,0.710442,-0.182565,-0.086426,-0.769441,13,explicit_euler_dt1,hbv,success,,84.5,0.7313
08269000,hbv_lite_cma,evaluation,0.456412,0.56518,-0.26407,-0.310068,-0.546902,13,explicit_euler_dt1,hbv,success,,84.76,0.6547
08271000,hbv_lite_cma,evaluation,0.604782,0.670115,-0.273124,-0.201286,-0.865102,13,explicit_euler_dt1,hbv,success,,63.35,0.7562
08324000,hbv_lite_cma,evaluation,0.684061,0.77005,-0.122936,-0.205974,-0.130659,13,explicit_euler_dt1,hbv,success,,32.01,0.7646
08377900,hbv_lite_cma,evaluation,0.528141,0.537041,-0.144643,-0.336281,-0.034954,13,explicit_euler_dt1,hbv,success,,40.36,0.7658
08378500,hbv_lite_cma,evaluation,0.337262,0.560684,-0.1613,-0.310607,-0.334645,13,explicit_euler_dt1,hbv,success,,39.73,0.7578
08380500,hbv_lite_cma,evaluation,0.318792,0.263676,-0.256353,-0.513189,0.391032,13,explicit_euler_dt1,hbv,success,,33.18,0.6109
09035800,hbv_lite_cma,evaluation,0.830257,0.807257,-0.148486,-0.113183,-0.747961,13,explicit_euler_dt1,hbv,success,,33.59,0.8559
09035900,hbv_lite_cma,evaluation,0.84181,0.793192,-0.175083,-0.09023,-0.931055,13,explicit_euler_dt1,hbv,success,,37.14,0.8209
09047700,hbv_lite_cma,evaluation,0.707977,0.670679,-0.271887,-0.139825,-0.852784,13,explicit_euler_dt1,hbv,success,,72.0,0.7675
09065500,hbv_lite_cma,evaluation,0.676619,0.587675,-0.358887,-0.315027,-0.989544,13,explicit_euler_dt1,hbv,success,,31.66,0.7929
09066000,hbv_lite_cma,evaluation,0.817598,0.734326,-0.212658,-0.186323,-0.657133,13,explicit_euler_dt1,hbv,success,,52.11,0.9042
09066200,hbv_lite_cma,evaluation,0.661202,0.709358,-0.1656,-0.256265,-0.50424,13,explicit_euler_dt1,hbv,success,,37.67,0.7408
09066300,hbv_lite_cma,evaluation,0.69792,0.679603,-0.191155,-0.274895,-0.218134,13,explicit_euler_dt1,hbv,success,,43.06,0.8477
09081600,hbv_lite_cma,evaluation,0.797786,0.880444,-0.03586,-0.021041,-0.729641,13,explicit_euler_dt1,hbv,success,,39.58,0.8163
09107000,hbv_lite_cma,evaluation,0.778032,0.808527,-0.159204,-0.081279,-0.87709,13,explicit_euler_dt1,hbv,success,,42.67,0.8438
09210500,hbv_lite_cma,evaluation,0.550092,0.755804,-0.01239,-0.083689,0.002321,13,explicit_euler_dt1,hbv,success,,34.2,0.7376
09223000,hbv_lite_cma,evaluation,0.673552,0.69863,-0.119026,-0.179139,-0.056652,13,explicit_euler_dt1,hbv,success,,61.19,0.851
09306242,hbv_lite_cma,evaluation,-2.109907,-0.055923,-0.108909,-0.194076,0.318153,13,explicit_euler_dt1,hbv,success,,75.11,0.7458
09312600,hbv_lite_cma,evaluation,0.526043,0.646022,-0.163633,-0.2351,-0.548217,13,explicit_euler_dt1,hbv,success,,51.43,0.9
09352900,hbv_lite_cma,evaluation,0.678282,0.720151,-0.194512,-0.248631,-0.755454,13,explicit_euler_dt1,hbv,success,,35.62,0.6624
09378170,hbv_lite_cma,evaluation,0.551605,0.7044,-0.171204,-0.182319,-0.064249,13,explicit_euler_dt1,hbv,success,,66.63,0.9493
09386900,hbv_lite_cma,evaluation,0.149416,-0.082315,-0.585082,-0.656791,4.335829,13,explicit_euler_dt1,hbv,success,,52.36,0.176
09404450,hbv_lite_cma,evaluation,0.160647,0.463648,-0.333651,-0.263834,-0.348086,13,explicit_euler_dt1,hbv,success,,40.02,0.7554
09430600,hbv_lite_cma,evaluation,-0.21339,0.400405,0.063706,-0.106436,4.980146,13,explicit_euler_dt1,hbv,success,,28.69,0.4537
09447800,hbv_lite_cma,evaluation,0.135224,0.006772,-0.31611,-0.718428,2.80168,13,explicit_euler_dt1,hbv,success,,33.05,0.3608
09484600,hbv_lite_cma,evaluation,0.218987,0.488116,0.150358,-0.04317,1.999366,13,explicit_euler_dt1,hbv,success,,26.7,0.0701
09492400,hbv_lite_cma,evaluation,0.410365,0.327869,-0.371291,-0.54562,-0.005522,13,explicit_euler_dt1,hbv,success,,35.78,0.5837
09494000,hbv_lite_cma,evaluation,0.174243,0.577077,-0.126272,-0.346858,0.827819,13,explicit_euler_dt1,hbv,success,,33.96,0.5477
09497980,hbv_lite_cma,evaluation,0.629317,0.643314,-0.048468,-0.123896,-0.093967,13,explicit_euler_dt1,hbv,success,,28.92,0.5182
09505350,hbv_lite_cma,evaluation,0.512612,0.413299,0.253815,-0.177489,,13,explicit_euler_dt1,hbv,success,,28.29,0.589
09505800,hbv_lite_cma,evaluation,0.405342,0.155028,0.706895,-0.053827,3.772021,13,explicit_euler_dt1,hbv,success,,28.31,0.6078
09508300,hbv_lite_cma,evaluation,0.642356,0.498477,0.399244,0.036901,31167.259659,13,explicit_euler_dt1,hbv,success,,28.48,0.647
09510200,hbv_lite_cma,evaluation,0.65201,0.053933,0.91791,-0.056582,8032.594228,13,explicit_euler_dt1,hbv,success,,28.67,0.7616
09512280,hbv_lite_cma,evaluation,0.547354,-1.70601,2.680726,0.460504,,13,explicit_euler_dt1,hbv,success,,22.26,0.4778
09513780,hbv_lite_cma,evaluation,0.491973,-0.130481,0.972286,-0.061801,,13,explicit_euler_dt1,hbv,success,,28.32,0.5616
10234500,hbv_lite_cma,evaluation,0.735367,0.731188,-0.219036,-0.117486,-0.71312,13,explicit_euler_dt1,hbv,success,,49.44,0.9061
10244950,hbv_lite_cma,evaluation,0.700204,0.835888,-0.039376,-0.103799,-0.126495,13,explicit_euler_dt1,hbv,success,,56.64,0.8508
10259000,hbv_lite_cma,evaluation,0.49074,0.653554,-0.236743,-0.132629,-0.455063,13,explicit_euler_dt1,hbv,success,,29.83,0.9088
10336645,hbv_lite_cma,evaluation,0.685319,0.754267,-0.165557,-0.257914,0.545061,13,explicit_euler_dt1,hbv,success,,38.92,0.6988
10336660,hbv_lite_cma,evaluation,0.728395,0.524717,-0.35381,-0.383057,0.118822,13,explicit_euler_dt1,hbv,success,,59.7,0.6907
10343500,hbv_lite_cma,evaluation,0.62595,0.651288,-0.122237,-0.157876,-0.392055,13,explicit_euler_dt1,hbv,success,,36.19,0.8388
11124500,hbv_lite_cma,evaluation,0.420299,0.497868,0.390392,-0.370228,,13,explicit_euler_dt1,hbv,success,,30.13,0.6052
11141280,hbv_lite_cma,evaluation,0.462862,0.729409,0.002589,-0.283793,2.845715,13,explicit_euler_dt1,hbv,success,,24.51,0.712
11143000,hbv_lite_cma,evaluation,0.849054,0.868105,-0.062939,-0.062725,-0.34565,13,explicit_euler_dt1,hbv,success,,24.62,0.791
11148900,hbv_lite_cma,evaluation,0.738964,0.699204,-0.004538,-0.065211,,13,explicit_euler_dt1,hbv,success,,20.65,0.7232
11151300,hbv_lite_cma,evaluation,0.342636,0.236148,-0.400943,-0.382115,-0.722794,13,explicit_euler_dt1,hbv,success,,23.21,0.1617
11176400,hbv_lite_cma,evaluation,0.606857,0.541253,0.013612,-0.299534,,13,explicit_euler_dt1,hbv,success,,27.71,0.5684
11230500,hbv_lite_cma,evaluation,0.61861,0.452341,-0.337827,-0.429858,0.497939,13,explicit_euler_dt1,hbv,success,,64.58,0.5535
11237500,hbv_lite_cma,evaluation,0.652345,0.719949,0.081332,-0.154354,4.479205,13,explicit_euler_dt1,hbv,success,,69.7,0.8112
11264500,hbv_lite_cma,evaluation,0.734904,0.856102,-0.031217,-0.095715,1.706857,13,explicit_euler_dt1,hbv,success,,51.22,0.8139
11266500,hbv_lite_cma,evaluation,0.731412,0.851927,0.030959,-0.058436,1.876526,13,explicit_euler_dt1,hbv,success,,70.26,0.8298
11284400,hbv_lite_cma,evaluation,0.618797,0.471252,0.472348,-0.104498,,13,explicit_euler_dt1,hbv,success,,26.57,0.6934
11381500,hbv_lite_cma,evaluation,0.768091,0.820817,0.130398,0.03071,0.210427,13,explicit_euler_dt1,hbv,success,,29.03,0.777
11451100,hbv_lite_cma,evaluation,0.616173,0.695725,-0.110342,-0.208162,1.301999,13,explicit_euler_dt1,hbv,success,,28.19,0.7474
11468500,hbv_lite_cma,evaluation,0.799264,0.711988,0.238057,0.012725,12.154044,13,explicit_euler_dt1,hbv,success,,28.56,0.8257
11473900,hbv_lite_cma,evaluation,0.771342,0.77887,0.176305,0.052053,1.466195,13,explicit_euler_dt1,hbv,success,,28.71,0.7748
11475560,hbv_lite_cma,evaluation,0.807507,0.787164,-0.023096,-0.067674,-0.572934,13,explicit_euler_dt1,hbv,success,,25.79,0.8365
11476600,hbv_lite_cma,evaluation,0.818205,0.800898,-0.005608,-0.072107,-0.862184,13,explicit_euler_dt1,hbv,success,,24.87,0.8579
11478500,hbv_lite_cma,evaluation,0.724111,0.777802,-0.013537,-0.120712,-0.525978,13,explicit_euler_dt1,hbv,success,,28.51,0.7912
11480390,hbv_lite_cma,evaluation,0.780106,0.710033,0.258168,0.042456,165.36564,13,explicit_euler_dt1,hbv,success,,28.39,0.7712
11481200,hbv_lite_cma,evaluation,0.765253,0.783091,0.04129,-0.067485,0.056674,13,explicit_euler_dt1,hbv,success,,25.0,0.8337
11482500,hbv_lite_cma,evaluation,0.839532,0.865659,0.092314,0.022823,-0.269894,13,explicit_euler_dt1,hbv,success,,28.78,0.8523
11522500,hbv_lite_cma,evaluation,0.749745,0.787661,-0.035062,-0.15751,0.732072,13,explicit_euler_dt1,hbv,success,,29.27,0.784
11523200,hbv_lite_cma,evaluation,0.696274,0.827085,-0.015586,-0.1109,-0.20174,13,explicit_euler_dt1,hbv,success,,43.22,0.751
11528700,hbv_lite_cma,evaluation,0.729848,0.7404,0.172192,-0.03157,0.567918,13,explicit_euler_dt1,hbv,success,,27.98,0.8283
11532500,hbv_lite_cma,evaluation,0.843327,0.889156,0.074728,-0.00128,-0.304549,13,explicit_euler_dt1,hbv,success,,27.47,0.882
12010000,hbv_lite_cma,evaluation,0.855415,0.822849,-0.013995,-0.069339,-0.218075,13,explicit_euler_dt1,hbv,success,,36.48,0.8612
12013500,hbv_lite_cma,evaluation,0.797618,0.613684,0.379192,0.158065,2.411628,13,explicit_euler_dt1,hbv,success,,44.27,0.8015
12020000,hbv_lite_cma,evaluation,0.779402,0.824156,0.043169,-0.013929,-0.793856,13,explicit_euler_dt1,hbv,success,,28.39,0.4743
12025700,hbv_lite_cma,evaluation,0.836489,0.88523,-0.028943,-0.070706,-0.46059,13,explicit_euler_dt1,hbv,success,,25.07,0.828
12035000,hbv_lite_cma,evaluation,0.857594,0.797666,-0.074949,-0.118413,-0.313751,13,explicit_euler_dt1,hbv,success,,36.15,0.8633
12040500,hbv_lite_cma,evaluation,0.751987,0.669069,-0.170581,-0.190719,-0.405156,13,explicit_euler_dt1,hbv,success,,28.01,0.8032
12041200,hbv_lite_cma,evaluation,0.621742,0.805459,-0.046325,0.002241,-0.084613,13,explicit_euler_dt1,hbv,success,,28.58,0.7456
12048000,hbv_lite_cma,evaluation,0.202003,0.29525,0.085658,-0.38696,2.463733,13,explicit_euler_dt1,hbv,success,,34.53,0.2159
12054000,hbv_lite_cma,evaluation,0.589252,0.775658,-0.095232,-0.09179,-0.012569,13,explicit_euler_dt1,hbv,success,,29.15,0.6324
12056500,hbv_lite_cma,evaluation,0.664774,0.824432,-0.058896,-0.096565,0.196115,13,explicit_euler_dt1,hbv,success,,29.22,0.583
12073500,hbv_lite_cma,evaluation,0.765117,0.697853,0.245294,-0.042415,1.474829,13,explicit_euler_dt1,hbv,success,,29.2,0.8151
12082500,hbv_lite_cma,evaluation,0.698701,0.828982,0.024706,-0.079564,0.432246,13,explicit_euler_dt1,hbv,success,,30.05,0.6896
12092000,hbv_lite_cma,evaluation,0.524172,0.751082,0.08824,-0.088721,0.759596,13,explicit_euler_dt1,hbv,success,,29.99,0.5457
12114500,hbv_lite_cma,evaluation,0.635111,0.65245,-0.145154,-0.240701,0.411022,13,explicit_euler_dt1,hbv,success,,29.89,0.727
12115000,hbv_lite_cma,evaluation,0.671018,0.660869,-0.084961,-0.222205,0.659671,13,explicit_euler_dt1,hbv,success,,29.84,0.755
12117000,hbv_lite_cma,evaluation,0.835963,0.802186,-0.063561,-0.169995,0.091626,13,explicit_euler_dt1,hbv,success,,29.55,0.8555
12143600,hbv_lite_cma,evaluation,0.709522,0.769434,-0.072193,-0.173837,0.469103,13,explicit_euler_dt1,hbv,success,,29.3,0.7206
12144000,hbv_lite_cma,evaluation,0.692319,0.738133,-0.120414,-0.210251,0.081521,13,explicit_euler_dt1,hbv,success,,29.48,0.7348
12145500,hbv_lite_cma,evaluation,0.843723,0.803034,0.032703,-0.083906,0.099999,13,explicit_euler_dt1,hbv,success,,28.89,0.8901
12147500,hbv_lite_cma,evaluation,0.656511,0.613374,-0.289672,-0.281747,-0.411119,13,explicit_euler_dt1,hbv,success,,29.0,0.6379
12167000,hbv_lite_cma,evaluation,0.618049,0.537914,-0.227424,-0.323887,-0.022835,13,explicit_euler_dt1,hbv,success,,29.1,0.67
12175500,hbv_lite_cma,evaluation,0.468007,0.693853,-0.133261,-0.224036,0.222683,13,explicit_euler_dt1,hbv,success,,32.3,0.558
12178100,hbv_lite_cma,evaluation,0.501603,0.682771,-0.143726,-0.231216,0.165277,13,explicit_euler_dt1,hbv,success,,30.88,0.5753
12186000,hbv_lite_cma,evaluation,0.576148,0.718238,-0.177732,-0.20168,0.005322,13,explicit_euler_dt1,hbv,success,,29.61,0.566
12189500,hbv_lite_cma,evaluation,0.433776,0.659416,-0.109153,-0.228509,0.208359,13,explicit_euler_dt1,hbv,success,,30.01,0.6115
12375900,hbv_lite_cma,evaluation,0.556477,0.727411,0.010825,0.103411,-0.736851,13,explicit_euler_dt1,hbv,success,,66.44,0.7806
12377150,hbv_lite_cma,evaluation,0.708596,0.680928,-0.292045,-0.158005,-0.872907,13,explicit_euler_dt1,hbv,success,,38.19,0.7357
12381400,hbv_lite_cma,evaluation,0.327973,0.486891,0.306644,0.295935,-0.594063,13,explicit_euler_dt1,hbv,success,,84.18,0.8614
12383500,hbv_lite_cma,evaluation,0.396653,0.602933,0.113352,0.186433,-0.373827,13,explicit_euler_dt1,hbv,success,,71.27,0.7339
12390700,hbv_lite_cma,evaluation,0.591766,0.735782,0.18134,-0.066467,0.809281,13,explicit_euler_dt1,hbv,success,,39.47,0.7731
12411000,hbv_lite_cma,evaluation,0.699592,0.841152,-0.045884,-0.072791,-0.464367,13,explicit_euler_dt1,hbv,success,,43.23,0.7637
12447390,hbv_lite_cma,evaluation,0.502652,0.431584,-0.317575,-0.455965,-0.46494,13,explicit_euler_dt1,hbv,success,,84.99,0.5284
12451000,hbv_lite_cma,evaluation,0.555763,0.761806,-0.109433,-0.05786,-0.161602,13,explicit_euler_dt1,hbv,success,,40.23,0.7185
12488500,hbv_lite_cma,evaluation,0.706545,0.758443,0.152976,-0.090776,1.116223,13,explicit_euler_dt1,hbv,success,,60.6,0.6215
13011500,hbv_lite_cma,evaluation,0.74403,0.870606,0.025469,-0.061958,-0.088238,13,explicit_euler_dt1,hbv,success,,33.27,0.8378
13011900,hbv_lite_cma,evaluation,0.71202,0.744453,0.063692,0.120063,-0.810935,13,explicit_euler_dt1,hbv,success,,32.84,0.85
13018300,hbv_lite_cma,evaluation,0.686716,0.740235,-0.21419,-0.124445,-0.728975,13,explicit_euler_dt1,hbv,success,,55.63,0.6333
13023000,hbv_lite_cma,evaluation,0.781739,0.715502,-0.205184,-0.227859,-0.507246,13,explicit_euler_dt1,hbv,success,,58.46,0.7786
13161500,hbv_lite_cma,evaluation,0.671716,0.834821,0.002229,-0.046245,0.226831,13,explicit_euler_dt1,hbv,success,,45.38,0.853
13235000,hbv_lite_cma,evaluation,0.562359,0.753005,-0.033328,-0.020082,-0.316546,13,explicit_euler_dt1,hbv,success,,56.23,0.6511
13240000,hbv_lite_cma,evaluation,0.776397,0.807316,-0.160042,-0.141077,0.054416,13,explicit_euler_dt1,hbv,success,,33.02,0.8244
13313000,hbv_lite_cma,evaluation,0.661596,0.654678,0.164869,0.177457,-0.177256,13,explicit_euler_dt1,hbv,success,,35.95,0.8069
13331500,hbv_lite_cma,evaluation,0.657912,0.768654,-0.005813,0.087166,-0.213588,13,explicit_euler_dt1,hbv,success,,48.82,0.7917
14020000,hbv_lite_cma,evaluation,0.426683,0.69204,-0.055405,-0.147339,-0.574839,13,explicit_euler_dt1,hbv,success,,29.93,0.5143
14096850,hbv_lite_cma,evaluation,0.621251,0.520711,-0.143369,-0.303569,-0.162555,13,explicit_euler_dt1,hbv,success,,32.65,0.5918
14137000,hbv_lite_cma,evaluation,0.791102,0.765112,-0.053687,-0.16894,0.042599,13,explicit_euler_dt1,hbv,success,,29.35,0.8008
14138800,hbv_lite_cma,evaluation,0.688148,0.71229,-0.03793,-0.229013,1.391815,13,explicit_euler_dt1,hbv,success,,28.49,0.7195
14138870,hbv_lite_cma,evaluation,0.756635,0.797236,-0.077386,-0.176672,0.615259,13,explicit_euler_dt1,hbv,success,,28.21,0.798
14138900,hbv_lite_cma,evaluation,0.656635,0.695027,-0.180429,-0.184921,-0.559922,13,explicit_euler_dt1,hbv,success,,28.24,0.7038
14139800,hbv_lite_cma,evaluation,0.768982,0.770267,-0.138801,-0.146574,-0.326808,13,explicit_euler_dt1,hbv,success,,28.2,0.7953
14141500,hbv_lite_cma,evaluation,0.804419,0.850746,-0.030487,-0.116267,0.313558,13,explicit_euler_dt1,hbv,success,,28.63,0.8043
14154500,hbv_lite_cma,evaluation,0.761037,0.772076,0.046563,-0.162663,1.089369,13,explicit_euler_dt1,hbv,success,,28.32,0.7958
14158790,hbv_lite_cma,evaluation,0.724275,0.75173,-0.082513,-0.222462,0.358314,13,explicit_euler_dt1,hbv,success,,28.58,0.6872
14166500,hbv_lite_cma,evaluation,0.823958,0.797229,0.178108,0.108492,-0.862231,13,explicit_euler_dt1,hbv,success,,41.33,0.8858
14182500,hbv_lite_cma,evaluation,0.719666,0.687616,-0.087615,-0.177886,0.214871,13,explicit_euler_dt1,hbv,success,,28.0,0.7506
14185000,hbv_lite_cma,evaluation,0.808198,0.830519,0.082985,-0.059409,0.764226,13,explicit_euler_dt1,hbv,success,,28.55,0.8196
14185900,hbv_lite_cma,evaluation,0.80946,0.755074,-0.124637,-0.215444,-0.215193,13,explicit_euler_dt1,hbv,success,,28.15,0.7922
14187000,hbv_lite_cma,evaluation,0.836626,0.820571,0.068038,-0.075676,0.296301,13,explicit_euler_dt1,hbv,success,,28.47,0.8328
14216500,hbv_lite_cma,evaluation,0.645167,0.672411,-0.102432,-0.214438,-0.195547,13,explicit_euler_dt1,hbv,success,,64.63,0.7012
14222500,hbv_lite_cma,evaluation,0.771038,0.790818,0.006918,-0.100409,0.329591,13,explicit_euler_dt1,hbv,success,,28.1,0.8589
14236200,hbv_lite_cma,evaluation,0.733503,0.68175,-0.13379,-0.225193,-0.319903,13,explicit_euler_dt1,hbv,success,,28.57,0.8016
14301000,hbv_lite_cma,evaluation,0.888413,0.744557,0.251791,0.0621,1.925971,13,explicit_euler_dt1,hbv,success,,44.49,0.8641
14303200,hbv_lite_cma,evaluation,0.803024,0.77396,0.115599,-0.100619,0.623281,13,explicit_euler_dt1,hbv,success,,31.43,0.8175
14305500,hbv_lite_cma,evaluation,0.847004,0.918741,0.02839,0.017414,-0.591538,13,explicit_euler_dt1,hbv,success,,27.91,0.8832
14306340,hbv_lite_cma,evaluation,0.815601,0.832167,0.118293,0.002106,-0.63858,13,explicit_euler_dt1,hbv,success,,38.03,0.8104
14306500,hbv_lite_cma,evaluation,0.829261,0.769279,0.217848,0.06055,0.226535,13,explicit_euler_dt1,hbv,success,,48.92,0.844
14308990,hbv_lite_cma,evaluation,0.683767,0.626106,0.068864,-0.154229,0.011242,13,explicit_euler_dt1,hbv,success,,29.39,0.7748
14309500,hbv_lite_cma,evaluation,0.702808,0.64252,0.33148,0.054368,2.12891,13,explicit_euler_dt1,hbv,success,,28.53,0.7675
14316700,hbv_lite_cma,evaluation,0.780741,0.80233,-0.002665,-0.154657,-0.467833,13,explicit_euler_dt1,hbv,success,,29.33,0.8122
14325000,hbv_lite_cma,evaluation,0.766336,0.720252,0.24643,-0.003371,2.097034,13,explicit_euler_dt1,hbv,success,,29.34,0.7477
14362250,hbv_lite_cma,evaluation,0.468908,-0.041068,1.002419,0.353998,48.086457,13,explicit_euler_dt1,hbv,success,,61.01,0.6719
14400000,hbv_lite_cma,evaluation,0.850692,0.906904,0.011269,-0.071608,-0.167642,13,explicit_euler_dt1,hbv,success,,28.61,0.8801
