basin,nse_clean,total_dep,temp_share,precip_share,imp_precip,imp_temp,imp_srad,imp_vp
01022500,0.7717729806900024,1.0718342065811155,0.4343871706286854,0.4956823886471231,0.5934229294459025,0.520041286945343,0.0210158427556356,0.0627037485440572
01031500,0.8184565305709839,1.2287159363428752,0.4909993019562654,0.4391708028883099,0.7042869528134664,0.7874029874801636,0.0398705800374349,0.072113831837972
01047000,0.791569709777832,1.225386619567871,0.5190593830552245,0.455621528764707,0.6593209902445475,0.7511206666628519,0.0109716455141702,0.025667111078898
01052500,0.8042702674865723,1.2142153183619182,0.69135152243826,0.2117752683899621,0.2988155881563822,0.9754992326100668,0.0291971961657205,0.1074912150700887
01054200,0.7428077459335327,1.1941715478897097,0.3722928792707528,0.5802489919795663,0.7476568619410197,0.4797032475471496,0.0327618916829427,0.0283884008725484
01055000,0.6875907182693481,1.141319473584493,0.4927044739786451,0.4658369984515214,0.6018182237943014,0.6365285118420919,0.0287647048632303,0.0247958699862161
01057000,0.8318978548049927,1.1172089576721191,0.4037027210745315,0.5116397074877864,0.7773745457331339,0.6133773724238077,0.0411300460497537,0.0874968767166137
01073000,0.8549127578735352,1.2537254492441814,0.2532742623671611,0.6528971784922277,0.9562464952468872,0.3709506392478943,0.0466692447662353,0.0907539725303649
01078000,0.8730841875076294,1.2656979163487752,0.4711702447209259,0.4731320043541805,0.8031235337257385,0.799793521563212,0.0402319033940633,0.0543129046758016
01123000,0.739545464515686,1.427536646525065,0.3733898982483791,0.5872959420479814,1.0561845302581787,0.6714989940325419,0.0095446904500325,0.0611573259035745
01134500,0.7581223845481873,1.0427232782046,0.5970738582756762,0.3273147584437237,0.4372058709462483,0.7975326180458069,0.0500853657722473,0.0509114265441894
01137500,0.6937577128410339,1.1431970794995625,0.4649923180058103,0.4921667338648444,0.6268628040949503,0.5922513008117676,0.0395476420720418,0.0150180061658223
01139000,0.7403335571289062,1.092072168986003,0.5545880795290116,0.4113712348150167,0.5584561228752136,0.7528798381487528,-0.0036259094874063,0.0462118585904439
01139800,0.697318434715271,1.047381083170573,0.6564731239171645,0.2958261794963931,0.353798230489095,0.7851199309031168,0.0555773973464965,0.0014710426330566
01142500,0.7374995350837708,1.0522970954577129,0.5797597325632237,0.3164862946666702,0.4236704111099243,0.7761064171791077,0.0500974059104919,0.0887948274612426
01144000,0.8270202875137329,1.295929749806722,0.5164678297951616,0.3804234321945766,0.5923398733139038,0.8041683634122213,0.0618678927421569,0.0986779928207397
01162500,0.789374053478241,1.0870988567670186,0.3899441955579176,0.4997559152258757,0.7239738901456197,0.5648945967356364,0.0636266469955444,0.096159835656484
01169000,0.7350849509239197,1.295532206694285,0.4593947221685059,0.4373945786480561,0.8197340369224548,0.8609651525815328,0.0950657725334167,0.0983644326527913
01170100,0.7344222664833069,1.25217737754186,0.4989931985494085,0.4078170775472669,0.7333693106969198,0.8973295092582703,0.0998891194661458,0.0676921010017395
01181000,0.743588924407959,1.2067655324935913,0.4164485322442431,0.4979786348060803,0.8571548461914062,0.7168196638425192,0.1174169381459554,0.0298768679300943
01187300,0.742300271987915,1.0845224062601726,0.3157197399147085,0.6334960711800558,0.8070873419443766,0.4022336006164551,0.0526106357574462,0.0120894908905029
01195100,0.5549945831298828,0.9567148685455322,0.1596333576780275,0.8015859185797833,0.7660577297210693,0.1525580286979675,0.0138972004254659,0.023164669672648
04296000,0.8099368810653687,1.1205623547236123,0.5874002042764247,0.3049567822699923,0.4463079174359639,0.8596672614415487,0.0501980384190877,0.107338805993398
01333000,0.7655404210090637,1.2152088284492493,0.4503443377574517,0.4911214246115997,0.7729760805765787,0.708797017733256,0.0618026852607727,0.0303243597348531
01350000,0.7128392457962036,1.1242653926213582,0.3100748980861685,0.6403222393921008,0.7508398294448853,0.3635928432146708,0.0328215559323629,0.0253426035245259
01350080,0.657868504524231,0.9717779954274496,0.4368682733355521,0.5046888658650912,0.5933974385261536,0.5136560996373495,0.0284404754638671,0.0402748187383016
01350140,0.5545390248298645,0.97017369667689,0.5704430036114128,0.3554371197081387,0.5064452886581421,0.8127968509991963,0.0583908756573994,0.0472189784049987
01365000,0.7653209567070007,1.25789870818456,0.3470080829935846,0.5970343744645542,0.8603873054186503,0.5000739693641663,0.0281480153401693,0.0524924993515014
01411300,0.7385438680648804,1.0571344296137493,0.1017702367583978,0.8681872995193674,0.8788060744603475,0.1030149857203165,0.0207135279973348,0.0096963842709859
01413500,0.7205413579940796,1.0299886465072632,0.4026286655142926,0.5435341329477035,0.6300900975863138,0.46674591302871704,0.029071907202402714,0.0333386858304342
01414500,0.7067788243293762,1.063000500202179,0.3777437975922791,0.5605187698104609,0.759872575600942,0.5120919545491537,0.04766090710957849,0.036034027735392216
01415000,0.7570173740386963,1.118369460105896,0.398067525067154,0.5450103005468011,0.718976895014445,0.5251301725705465,0.031991223494211796,0.0431004365285238
01423000,0.8028275370597839,1.0983334183692932,0.3816021259152998,0.5272105708545444,0.7055225570996603,0.5106667478879292,0.051269014676411984,0.07075945536295569
01434025,0.7099473476409912,1.089747150739034,0.3280912516520451,0.5652688570412973,0.6981635491053263,0.4052254954973857,0.05433253447214759,0.07737839221954346
01435000,0.7468599081039429,0.9870107173919678,0.2908817868688724,0.6499075907273919,0.7558995286623637,0.3383210301399231,0.029970228672027588,0.038896918296813965
01439500,0.795498251914978,1.3613651990890503,0.48726423206125763,0.41282118518334243,0.9073405265808105,1.0709590514500935,0.10314897696177161,0.11645348866780603
01440000,0.7373800873756409,1.3514566222826638,0.32118817360626306,0.6251513310901009,0.8785203099250793,0.4513632456461589,0.0198954542477926,0.05551322301228845
01440400,0.704308032989502,1.4483906030654907,0.4853276509725636,0.43154095586551583,0.7920726935068766,0.8907955884933472,0.05061487356821692,0.10196880499521888
01451800,0.7596443891525269,1.1268316507339478,0.3596100431567135,0.601218748868865,0.8798063198725382,0.5262430508931478,0.022112568219502804,0.03520945707956946
01466500,0.6958383321762085,1.0193801323572795,0.25258142564139124,0.6920901114129163,0.8019826809565226,0.2926872173945109,0.014815807342529297,0.04929790894190467
01484100,0.6408796310424805,1.0313616196314495,0.20463474567857812,0.7022570912817016,0.7807048161824545,0.2274940808614095,0.0660896897315979,0.03741939862569177
01487000,0.8266562819480896,1.9072179198265076,0.25613754790446525,0.6442925261191711,1.0364657044410706,0.412045419216156,0.06408850351969397,0.09608844916025794
01491000,0.7232236862182617,1.321483095486959,0.08503392014076011,0.8604845748894894,0.9432053963343302,0.09320847193400061,0.030118902524312374,0.02960006395975745
01510000,0.7765509486198425,1.0675117373466492,0.5112690938700248,0.3710346702145003,0.532711386680603,0.7340523401896158,0.03858282168706262,0.1303990284601847
01516500,0.5691357851028442,0.808465321858724,0.33150423558596726,0.5923174301815024,0.5699412624041239,0.3189808924992879,-0.02232438325881958,0.0733005205790202
01518862,0.6199624538421631,0.8212326765060425,0.3229856376033658,0.6266133227626313,0.6092914740244547,0.3140571514765422,-0.01273002227147424,0.04900777339935303
01532000,0.5338269472122192,0.7547620137532552,0.27262751154083603,0.7273724884591639,0.5766819715499878,0.216146985689799,-0.011691192785898807,-0.0007070700327554968
01539000,0.8000782132148743,1.280082643032074,0.3993889928513625,0.5009920793722784,0.9402094086011251,0.7495313882827759,0.0702452460924784,0.11670911312103271
01542810,0.6762087345123291,1.2172499895095825,0.3641918381541385,0.48179304507233783,0.6875313520431519,0.5197113355000814,0.08338729540506995,0.13639632860819495
01543000,0.7421232461929321,1.2352168162663777,0.3715911658771343,0.5156619021444807,0.7333088715871176,0.5284297664960226,0.032774150371551514,0.12756021817525232
01543500,0.7863245010375977,1.2161983648935955,0.35591771223267715,0.5333126479301572,0.7937389016151428,0.5297187964121501,0.02365100383758545,0.14120946327845252
01544500,0.8017129898071289,1.1282246112823486,0.35993406041732706,0.5170044405487372,0.7269424994786581,0.5060911377271016,0.04616284370422363,0.12686977783838904
01545600,0.7874635457992554,1.1523197094599407,0.36686871139585964,0.573684329812304,0.741286834081014,0.47404980659484863,0.022484898567199707,0.05432955423990882
01547700,0.7090246677398682,1.1575029691060383,0.3976795695724667,0.4366462616892968,0.7718483606974283,0.7029679417610168,0.0991151134173075,0.1937428514162699
01548500,0.7756252288818359,1.1682662169138591,0.34753468612090394,0.5834386597441413,0.7374995946884155,0.43930357694625854,0.008721530437469482,0.07853207985560096
01549500,0.6990801095962524,0.9457929929097494,0.364587315071132,0.5595094613854751,0.5905656218528748,0.38482411702473956,0.004038095474243164,0.0760782162348429
01550000,0.674881637096405,0.970090925693512,0.37842247675685897,0.5745802760437122,0.6111154556274414,0.4024847944577535,0.024339159329732296,0.025646448135375977
01552000,0.6725747585296631,1.0343384742736816,0.31640176084541743,0.6480474645175102,0.6755041678746542,0.329807182153066,0.008044381936391232,0.029012620449066162
01552500,0.6117722988128662,0.9864282210667927,0.34820653821201075,0.5714195253299376,0.5864555637041727,0.357369065284729,0.007683416207631466,0.07480543851852417
01557500,0.6821862459182739,1.1495780944824219,0.3725392606312858,0.44866502339048,0.7633256713549296,0.6338108976682028,0.1248621940612793,0.17932768662770593
01567500,0.47666728496551514,0.7450100978215535,0.3828427896764517,0.5621031788943671,0.5762760241826376,0.3924957712491353,0.04092999299367267,0.015512168407440186
01568000,0.6415190696716309,1.1882588466008506,0.2748974150969256,0.6069034072980166,0.8433616558710734,0.3820013801256816,0.10162591934204102,0.06262534856796265
01580000,0.6681911945343018,1.1588823000590007,0.2955056124335619,0.6907685971493752,0.8873021602630615,0.3795811931292216,0.01763097445170081,-0.0094813505808512
01583500,0.6240783929824829,1.2232340971628823,0.26269259145408635,0.6827044031197899,0.8544074296951294,0.3287608822186788,0.04128110408782959,0.027054786682128906
01586610,0.6545509099960327,1.1408181587855022,0.29455094781874586,0.6931378213939129,0.8183170159657797,0.34774621327718097,0.00853453079859412,0.006000081698099735
01591400,0.6062543392181396,0.983489712079366,0.27706700500113784,0.7223576977990713,0.7350892623265585,0.28195031483968097,-0.005534688631693485,0.0005854368209838867
01594950,0.702542781829834,1.0218876202901204,0.3417316271365877,0.5861127712722695,0.7049849629402161,0.4110397696495056,0.03341543674468994,0.05337436993916833
01596500,0.620903491973877,1.084867000579834,0.3712367427772113,0.5345808505224775,0.6544211904207865,0.4544592102368673,0.01889292399088538,0.09640294313430786
01605500,0.6674166321754456,1.0678876439730327,0.26131795465418683,0.6566479973615257,0.9621565540631611,0.38289735714594525,0.042297621568044064,0.077903151512146
01606500,0.6984378695487976,1.0301439960797627,0.2148949985320776,0.7219661107752048,0.8411526878674825,0.25037117799123126,0.0273435115814209,0.04621873299280799
01632000,0.5856313705444336,0.8388445377349854,0.2744587370893113,0.6484475457481119,0.7880553801854452,0.33354846636454266,0.03376827637354529,0.0599233706792196
01632900,0.5498334765434265,0.9330663482348125,0.3483761094157599,0.6205375245588853,0.6887482206026713,0.3866702914237976,-0.008489390214284298,0.03450344006220496
01634500,0.5649595260620117,0.921416203180949,0.3164069052861267,0.6309766121635837,0.7471611897150675,0.37466833988825476,0.03383024533589685,0.028474748134613037
01638480,0.5706924200057983,0.7162793874740601,0.20134643049985826,0.7556694407073091,0.5797422329584757,0.15447101990381878,0.03201240301132202,0.0009646018346151086
01639500,0.7132782936096191,1.1942256689071655,0.3648111466589977,0.5817615296532276,0.8955591917037964,0.5615874528884888,0.05816054344177246,0.024085064729054806
01644000,0.7578200697898865,1.0577206412951152,0.19390370957688274,0.7457347428764691,0.8301635384559631,0.21585663159688318,0.028238693873087528,0.038956721623738644
01664000,0.6885613799095154,1.0982464750607808,0.10958869708795119,0.8188225300584907,0.988580048084259,0.1323085228602091,0.018478373686472538,0.06795211633046472
01666500,0.6279761791229248,0.9599872032801311,0.017287586975199692,0.9718876600118216,0.8855787515640259,0.015752355257670048,-0.05675967534383142,0.009863456090291378
01667500,0.8323156237602234,1.3200820883115132,0.09460224205654619,0.8430584601370757,1.2190080285072327,0.1367887258529663,0.0032183329264322547,0.08692026138305664
01669000,0.688087522983551,1.0487855474154155,0.21600916686697358,0.7570905366787672,0.7321756879488627,0.2089005907376607,0.026015043258666992,-0.010709186395009396
01669520,0.8258090019226074,1.126574993133545,0.08415349054684804,0.8564569385798033,1.0358121395111084,0.10177652041117347,0.060621122519175175,0.011205534140268925
02011400,0.8612251281738281,1.1181721687316895,0.30042212222086323,0.6477181730474396,0.9252573649088541,0.4291492700576782,0.006801426410675049,0.06727951765060425
02013000,0.7737433910369873,1.000233769416809,0.3088362443833973,0.6273116868972952,0.8248901764551798,0.40610750516255695,0.0336471597353617,0.050315797328948975
02014000,0.7675839066505432,1.0775137543678284,0.2995166937578711,0.6431805588108976,0.8866180777549744,0.412880818049113,0.031541287899017334,0.04744998613993323
02015700,0.7415308356285095,1.105993886788686,0.23713041856966682,0.6966038468642338,0.8867629965146383,0.30186235904693604,0.02387748161951697,0.060477495193481445
02016000,0.8131633400917053,1.1382424235343933,0.21713203904456044,0.7380792094268979,0.9196727474530538,0.27055418491363525,0.03201478719711304,0.023793578147888184
02017500,0.7215798497200012,1.039732038974762,0.30422229450871646,0.6957777054912834,0.8079980810483297,0.3532896041870117,-0.008982360363006592,-0.00019999345143639768
02018000,0.7710009813308716,1.0747363567352295,0.225365433161768,0.7456494784081985,0.901238481203715,0.2723907232284546,0.009808977444966671,0.02522420883178711
02027000,0.5676816701889038,1.0666908423105876,0.13787563816392082,0.8331371721044069,0.7867861191431681,0.13020501534144086,-0.01742541790008545,0.0273745059967041
02027500,0.5282756090164185,0.7786529461542766,0.18910732634471253,0.781285679554919,0.6088666518529257,0.14737393458684284,0.023073136806488037,-0.0041654109954833984
02028500,0.682192325592041,1.0346076488494873,0.19811487714807358,0.7435426919574509,0.813862125078837,0.21685129404067993,0.034680187702178955,0.02917989095052087
02038850,0.5640562176704407,0.7647096514701843,0.0,0.9805145368762721,0.8774812817573547,-0.04025266567866004,-0.0020088950792948035,0.01743791500727332
02046000,0.5314589738845825,0.8976224263509114,0.2687075351383136,0.6146892136312475,0.8778798182805378,0.38375965754191077,-0.034487128257751465,0.16652909914652508
02051500,0.8253993988037109,1.085021694501241,0.11995909535148688,0.8023021114714787,0.9622800747553507,0.14387877782185876,0.02605406443277991,0.0671857396761576
02053200,0.809646487236023,1.0832627614339192,0.12661054730850485,0.8499734639342277,0.8941686948140463,0.13319379091262817,0.00512496630350745,0.01950856049855554
02053800,0.7052134871482849,1.0290961066881816,0.15023965645699738,0.7789003115936601,0.9781112472216289,0.1886648337046305,0.03324687480926514,0.05573626359303796
02055100,0.6516209244728088,1.0216921369234722,0.30178875284182866,0.6520952434072876,0.7788467605908712,0.3604491750399272,0.03322601318359375,0.021853824456532833
02056900,0.7507019639015198,1.2324703733126323,0.21324255863512756,0.748536329817713,1.0549516081809998,0.3005339503288269,0.024773697058359745,0.02909332513809204
02059500,0.6444642543792725,0.8994968334833782,0.1256583803100931,0.7965154986440453,0.9078751007715862,0.14322648445765174,0.07897734642028809,0.009729524453481075
02064000,0.6170951128005981,0.8094413677851359,0.0,1.0,0.7917784849802653,-0.016725540161132812,-0.011769990126291874,-0.02476966381072998
02065500,0.4927521347999573,0.7333359122276306,0.0,1.0,0.7408468127250671,-0.1657201647758484,-0.08123457431793213,-0.05785588423411048
02069700,0.7268859148025513,1.2393357356389365,0.13744350729913477,0.8460837268540794,1.0532004435857136,0.17108893394470215,0.00459134578704834,0.015913863976796505
02070000,0.657308042049408,1.0874972542126973,0.10776442812806221,0.8478596710863239,1.085713009039561,0.13799599806467688,0.043130616346995,0.013694226741790771
02074500,0.773658037185669,1.046112338701884,0.0809415668627853,0.8559879264879164,1.0879254738489788,0.10287340482076013,0.07178898652394616,0.008371035257975223
02077200,0.425442636013031,0.7835703889528911,0.0,0.9872400036736964,0.5885963241259257,-0.03200556834538776,-0.022602617740631104,0.0076075593630473
02081500,0.766145646572113,1.0658008853594463,0.11057279650224551,0.8601636417701916,1.053117612997691,0.13537675142288208,0.028712590535481808,0.007115443547566769
02082950,0.5525296330451965,0.7924911777178446,0.08916426138445831,0.7130948046700619,0.7116704185803732,0.08898615837097168,0.09704826275507611,0.10029768943786621
02092500,0.8650587797164917,1.1617755889892578,0.11386423976810807,0.8348425811024517,1.100843032201131,0.15014406045277917,0.05211824178695679,0.015518148740132687
02096846,0.7177282571792603,0.9624404907226562,0.19548616236583785,0.7327205682151596,1.038877010345459,0.2771671613057454,0.060701827208201053,0.041089196999867794
02102908,0.5205608606338501,1.0838556289672852,0.1777152389827063,0.7224374418332007,0.979087233543396,0.2408495346705119,0.10904886325200397,0.026269753774007143
02108000,0.9020512700080872,1.252987841765086,0.09676444518044917,0.8356937771792563,1.1049038370450337,0.12793610493342078,0.06991958618164062,0.019380072752634647
02111180,0.6275324821472168,0.9535624186197917,0.0,1.0,0.7933229207992554,-0.009954849878946903,-0.024665971597035763,-0.018062512079874637
02111500,0.47176533937454224,0.8577701846758525,0.19548897809950022,0.8045110219004997,0.758713146050771,0.18436050415039062,-0.047208825747172,-0.004350940386454283
02112120,0.6730355620384216,1.0636548002560933,0.0675234881497247,0.9051057593205466,0.8643829623858134,0.06448545058568322,-0.03882696231206262,0.02613927920659387
02112360,0.5794224739074707,1.0368605454762776,0.11950398283493653,0.8804960171650634,0.9202085336049397,0.1248939037322998,-0.021569093068440792,-0.010694324970245361
02118500,0.6820685863494873,0.9847402969996135,0.1365526221894399,0.8572522546366991,0.8800031344095866,0.14017663399378455,0.0007754961649576453,0.0055840412775675086
02125000,0.48542922735214233,1.0582110285758972,0.16075380436832631,0.7879596192450773,0.8342230916023254,0.17019214232762653,0.012658019860585512,0.041639745235443115
02128000,0.5647597312927246,0.7600073019663492,0.09803121978221672,0.9019687802177833,0.7443457841873169,0.08089983463287354,-0.026139458020528195,-0.007386604944864872
02137727,0.6846078634262085,0.9784310658772786,0.04933703129420942,0.9506629687057906,0.8371885220209757,0.0434479912122091,-0.03419993321100867,-0.01388859748840332
02140991,0.7129763960838318,0.9750884970029194,0.03113399673028177,0.9517478908610528,0.903872549533844,0.02956787745157874,-0.0031955838203430176,0.01625702778498328
02143000,0.6926963925361633,1.223056415716807,0.18052692266006232,0.7756024224822631,1.0425941745440166,0.24267113208770752,0.04100545247395837,0.017967144648234012
02143040,0.6105579137802124,1.0343523422876995,0.12512999752147239,0.8350936785220657,0.8615467151006062,0.1290937066078186,0.04103630781173706,-0.006831904252370236
02149000,0.7254407405853271,1.1923706531524658,0.10387865364602424,0.8461060567943478,0.9500086307525635,0.11663504441579187,0.04436584313710534,0.011791368325551388
02152100,0.5513672828674316,1.396113395690918,0.1911524333484922,0.7466807676632313,0.9710451761881511,0.24859037001927692,0.048828502496083614,0.03201832373936975
02177000,0.8203891515731812,1.398734966913859,0.03466046940459112,0.9617151379836077,1.092835267384847,0.039386073748270634,0.004118541876474979,-0.011798183123270634
02178400,0.7934876680374146,1.2065980831782024,0.08744225433184756,0.867434948490126,0.8967924118041992,0.09040164947509766,0.038737376530965206,0.007912556330362919
02193340,0.7258142232894897,0.8500603040059408,0.04898391078000081,0.8831319534380184,0.8370503981908163,0.04642794529596961,0.0643419623374939,-0.012803951899210575
02196000,0.7753092646598816,1.1895917852719624,0.057911833979492885,0.9250612402518816,1.1428201794624329,0.07154424985249841,0.003935734430948856,0.017099320888519287
02198100,0.5026882886886597,0.5917041301727295,0.0,0.983616909773953,0.5904626846313477,-0.021992286046346066,0.009834726651509584,-0.021928509076436398
02202600,0.7298614978790283,0.9268473784128824,0.13233538629374797,0.8272520561297281,0.7912953495979309,0.12658339738845825,0.026596148808797238,0.01205986738204956
02212600,0.7667946219444275,0.9143109122912089,0.058826712124845325,0.9390495296625831,0.8534461855888367,0.053464094797770145,-0.009556035200754764,0.0019301573435465125
02215100,0.6519438624382019,0.853139062722524,0.1313621466948797,0.8421199045458225,0.7989012598991394,0.12462047735850013,-0.005559583504994747,0.025157014528910282
02216180,0.7440518140792847,0.854707400004069,0.12427657812244246,0.8097028446760092,0.7591447432835897,0.11651670932769775,0.05338033040364587,0.008517901102701786
02221525,0.7944098114967346,1.0380133986473083,0.07111080238148858,0.9288891976185113,1.0252663890520732,0.07848892609278357,-0.011201818784078,-0.0062770048777262
02231000,0.7789838314056396,0.9544602632522583,0.033564039847396324,0.9267592106828381,0.8912665446599325,0.03227861722310388,0.03815722465515137,-0.00561712185541785
02245500,0.44347620010375977,0.5422513882319132,0.10787639960027556,0.8243958822146732,0.5430358648300171,0.0710590084393819,0.03516556819279987,0.009447197119394957
02246000,0.7480849027633667,0.8648815949757894,0.0339867546837187,0.8919320860868654,0.8272351026535034,0.031521499156951904,0.04819456736246741,0.020513057708740234
02296500,0.8054846525192261,0.9351040124893188,0.05577407867017042,0.8886940776864373,0.954872727394104,0.05992742379506433,0.05966715017954505,-0.010911822319030762
02297155,0.45825910568237305,0.5769204696019491,0.0,0.8968331645300792,0.668021559715271,-0.032047112782796205,0.07684558629989624,-0.03524390856424969
02297310,0.6147043108940125,0.7193545699119568,0.0,0.9341955660877161,0.7379247943560282,-0.03009829918543494,0.0519791841506958,-0.045951227347056034
02298123,0.4975847601890564,0.7679898142814636,0.0,0.9368690415218474,0.7823687593142192,-0.06452288230260217,0.052719950675964355,-0.010324835777282715
02298608,0.7024758458137512,0.8163911700248718,0.04707890359138058,0.879841291949042,0.8494503696759542,0.04545273383458459,0.044611791769663456,0.025943736235300663
02299950,0.5054749846458435,0.600824773311615,0.0,0.912820263809164,0.6256121595700582,-0.012046873569488525,0.05974966287612915,-0.003047148386637333
02300700,0.4896031618118286,0.5922678311665853,0.0,1.0,0.6682076454162598,-0.08649490276972449,-0.004261970520019531,-0.022656122843424442
02342933,0.6788628101348877,0.8820210297902426,0.05825234869995911,0.9305481088048448,0.8370619614919027,0.05240011215209961,0.0037673314412435266,0.006307065486907959
02349900,0.648102343082428,0.8387634555498759,0.08108177452796521,0.8247940151134273,0.7191637953122457,0.07069774468739831,0.060879409313201904,0.021190444628397587
02350900,0.8619161248207092,1.1246971487998962,0.10354354999291235,0.8764525411539623,0.9373108347256979,0.11073331038157141,0.013554414113362667,0.007838507493337032
02361000,0.5764248371124268,0.6904815038045248,0.03911574706690291,0.953693833837395,0.6562702655792236,0.026916921138763428,0.0008483727773030969,0.004099607467651367
02363000,0.7903415560722351,1.0296196738878887,0.029509541038005703,0.9605228164039057,0.908867617448171,0.02792257070541382,0.009431600570678711,-0.00016109148661291872
02369800,0.726283609867096,0.9143855373064677,0.05643710648032624,0.9170393455167377,0.8466492692629496,0.05210510889689124,0.012532413005828857,0.011955241362253788
02371500,0.879403829574585,1.2914642492930095,0.06493114337703207,0.9097607242903613,1.1048957506815593,0.07885825634002686,0.021932264169057247,0.008804221947987911
02372250,0.7693668603897095,1.036965290705363,0.048829872036300064,0.9042694692637434,0.9475783904393514,0.051168521245320675,0.003810862700144413,0.04533604780832923
02374500,0.7845447063446045,1.2943140665690103,0.13032434068633356,0.7806952859760078,1.1502449909845989,0.1920146346092224,0.08942089478174842,0.041679203510284424
02381600,0.5732392072677612,1.7461788654327393,0.2992562701248343,0.6093482954771627,0.9379657904307048,0.460643192132314,0.004661003748575809,0.1360233823458354
02384540,0.64815354347229,1.1019139687220256,0.14367959356637477,0.7703201467467131,0.8103688557942709,0.1511494517326355,0.057967543601989746,0.03250384330749512
02395120,0.7256370782852173,0.9488553603490194,0.06186713097579275,0.9381328690242072,0.8577235539754232,0.05656437079111731,-0.0029036800066629675,-0.000800470511118534
02415000,0.8266841769218445,1.1269506017367046,0.032498896918487265,0.9380378610238439,0.93689892689387,0.03245943784713745,0.02942746877670288,-0.0030162731806436804
02427250,0.8104386329650879,1.1934576829274495,0.04290056251987221,0.9290792288387754,1.1385920842488606,0.05257489283879602,0.010919253031412723,0.023419678211212158
02430085,0.5745813846588135,0.9091013669967651,0.0701414458896598,0.8862521853901066,0.8030466238657633,0.06355623404184974,-0.005875110626220703,0.03951239585876465
02450250,0.8337841033935547,1.1853610674540203,0.11170616767794793,0.8665665182255529,1.0553241968154907,0.13603828350702918,-0.0019127329190572473,0.026460011800130245
02464000,0.7917104363441467,1.2414905428886414,0.08471313859762987,0.8935467859167281,1.0454495946566265,0.09911435842514038,-0.026562372843424442,0.025435884793599484
02464360,0.7666516304016113,1.0801522334416707,0.10649365663129641,0.8473598237475384,0.938137928644816,0.11790237824122107,0.013381659984588623,0.03770856062571204
02465493,0.8312185406684875,1.208441396554311,0.08740959439146134,0.8883477576409237,1.0437506635983784,0.10270057121912635,-0.023708760738372803,0.02848352988560998
02469800,0.8514583110809326,1.2958801587422688,0.05410180405371137,0.9234342683094164,1.1615485747655232,0.06805235147476196,0.02581324179967248,0.0024431745211282996
02472000,0.8227387070655823,1.1008860071500142,0.05299793362915428,0.9118510380147345,0.9710591038068136,0.05643918116887414,0.02017788092295325,0.017255564530690548
02472500,0.831736147403717,1.0275865991910298,0.01415425308125993,0.9858457469187402,1.0201716621716816,0.014647086461385128,-0.035147905349731445,-0.009239057699839237
02479155,0.606735110282898,0.814424475034078,0.014280720039766567,0.9283973348429521,0.6841176350911459,0.010523180166880253,0.03657478094100952,0.005664626757303837
02479300,0.7320542335510254,1.0855453809102376,0.0,0.9827908857043346,0.8099565505981445,-0.004626214504241943,-0.02403877178827918,0.01418270667394006
02479560,0.7924438118934631,1.0922797719637554,0.02827922053863902,0.9646822833852573,0.8897913495699564,0.026083827018737793,0.0013444026311238977,0.005147675673166874
02481000,0.71348637342453,1.15674223502477,0.023893274265993785,0.9533276510067619,1.05370165904363,0.026408950487772587,-0.0252436796824137,0.02517743905385339
02481510,0.7954288125038147,1.141620695590973,0.02788905920718493,0.9520443749382372,0.9876869320869446,0.028933167457580566,0.0073226094245910645,0.013495206832885742
04015330,0.7848641276359558,1.1158859133720398,0.3263803444051775,0.5291423205342238,0.7758341232935587,0.4785423477490743,0.10957709948221839,0.10225711266199744
04024430,0.7029448747634888,0.9525171120961508,0.45601041001718634,0.47010683034618217,0.7132981419563293,0.6919094920158386,0.07625782489776611,0.035845279693603516
04027000,0.806313693523407,0.9872977137565613,0.5150261357968635,0.4711271338514207,0.6218594511349996,0.6798034906387329,-0.004320402940114376,0.018276850382486942
04040500,0.6841541528701782,0.8302090962727865,0.5966636251161005,0.24667353669995332,0.33356823523839313,0.8068479299545288,0.06770579020182288,0.1441440383593241
04043050,0.6778614521026611,0.7883753379185995,0.6693883893674261,0.2825233508573412,0.312675138314565,0.7408276398976644,-0.02202429374059045,0.053220391273498535
04045500,0.8843913078308105,1.1721633672714233,0.7587303588311691,0.15670864442028648,0.27725986639658606,1.3423986832300823,0.09043147166570031,0.05917974313100183
04057510,0.7756979465484619,0.8979510068893433,0.6979241160930723,0.2116539597949955,0.29510897397994995,0.9731151262919108,-0.013307909170786503,0.12607522805531823
04057800,0.6577008962631226,0.7895428737004598,0.6211400649597142,0.24138044607068251,0.261660099029541,0.6733253399531046,0.015377302964528439,0.13365256786346436
04059500,0.8015626072883606,0.9480383197466532,0.6531599564499736,0.25736353462416894,0.3672172625859578,0.9319564700126648,0.026481469472249386,0.10118742783864343
04063700,0.7416515350341797,0.8613627354303995,0.5534023630974855,0.4149242672933668,0.5151366392771403,0.6870599190394083,0.02774524688720703,0.011577864487965939
04074950,0.6835721731185913,0.8221663236618042,0.3936289587376213,0.5669982752402934,0.8036209543546041,0.5579002499580383,-0.02378559112548828,0.05580401420593262
04105700,0.6045504808425903,1.3367417653401694,0.38235587450133074,0.578765161789084,1.0606272220611572,0.7006936073303223,-0.07157027721405029,0.07124839226404822
04115265,0.613847017288208,1.0833584864934285,0.44924660591272747,0.5208292175028941,0.7008282343546549,0.6045066118240356,0.013346870740254757,0.026919126510620117
04122200,0.7001861333847046,1.0887856483459473,0.4037636446750965,0.4578953198669029,0.7391403913497925,0.6517603596051534,0.19320595264434814,0.030105888843536377
04122500,0.7761598229408264,1.0981661279996235,0.42339828913191513,0.4172797653645666,0.7233007351557413,0.7339064081509908,0.18794399499893188,0.08822007973988855
04127918,0.6975460052490234,0.8659559488296509,0.669592884274973,0.2922176152351813,0.3457876642545064,0.7923442920049032,0.03054366509119666,0.014646828174591064
04127997,0.5106909275054932,1.064460833867391,0.41620287308605036,0.45391549880493026,0.9713857173919678,0.8906801541646321,0.18717680374781293,0.09077175458272296
04161580,0.6310421228408813,0.9206958611806233,0.4510933426727715,0.42052398295015153,0.6094730496406555,0.6537777781486511,0.11973400910695398,0.06633333365122474
04185000,0.8335745930671692,1.101983368396759,0.3002657144314737,0.6304804460290936,1.0027932524681091,0.47757933537165326,0.06896768013636267,0.041182100772857666
04196800,0.7980425357818604,0.9835517803827921,0.2501494024052502,0.6840888247737351,0.959654172261556,0.3509148359298706,0.057123223940531376,0.035128772258758545
04197100,0.7889158129692078,1.045359194278717,0.2816591995161963,0.6646249352369564,0.9181681672732035,0.38910744587580365,0.045645296573638916,0.028562267621358273
04197170,0.7647413015365601,1.0582176049550374,0.18112835998649335,0.7712834698060372,1.0085712273915608,0.23685306310653687,0.05123323202133179,0.010995586713155148
04213000,0.6907454133033752,1.1214385231335957,0.3309132980985245,0.5764339258648126,0.7154276371002197,0.4107053875923157,0.07885948816935218,0.03613436222076416
04213075,0.4861751198768616,0.834251622358958,0.19894974265427978,0.7194401354854913,0.593275765577952,0.1640609900156657,0.021685699621836363,0.04561289151509601
04216418,0.747125506401062,1.1080180406570435,0.45210642522824235,0.4324775694592228,0.6902467012405396,0.7215749224026998,0.11005381743113196,0.07415346304575599
04221000,0.764875590801239,1.0989425778388977,0.41980298736155197,0.5010415859649505,0.6608382066090902,0.5536902745564779,0.029379944006601932,0.075020432472229
04224775,0.6842183470726013,0.9357840816179912,0.45735826982760025,0.4515885937057002,0.5908323327700297,0.5983810424804688,0.05299226442972815,0.066136380036672
04233000,0.6993911266326904,1.189449946085612,0.44582223280501865,0.4352810731788495,0.6867019732793173,0.7033317685127258,0.0981722275416056,0.08939989407857263
04256000,0.8134515881538391,1.1035111943880718,0.4996357493530347,0.41723927167141056,0.6067189375559489,0.7265338897705078,0.03910924990971887,0.08176503578821814
03010655,0.7471319437026978,1.1196901003519695,0.39364115795533205,0.5278098058728701,0.7887183825174967,0.5882270733515421,0.052150845527648926,0.06522679328918457
03011800,0.6882715225219727,1.1289745569229126,0.3121270979407998,0.5998243141021619,0.9284680684407552,0.48314154148101807,0.05433579285939538,0.08195461829503381
03015500,0.795751690864563,1.1950901746749878,0.3275785715004586,0.5511772440460777,0.7812592585881551,0.46432212988535565,0.050742506980895996,0.12111353874206543
03021350,0.6586282849311829,1.0793147285779316,0.39451495620265636,0.44315794508902806,0.6655855377515157,0.5925279060999552,0.06984055042266846,0.17396094401677448
03026500,0.5804018974304199,1.0296732584635417,0.32384179794654494,0.5600455286982029,0.8422332604726155,0.48701457182566327,0.05118634303410852,0.1234315236409505
03028000,0.7090861797332764,1.0692566235860188,0.33352332192082945,0.5787846990884319,0.7440369129180908,0.4287495215733846,0.017511367797851562,0.09521806240081787
03049000,0.6840927600860596,1.0475578308105469,0.3101798022296559,0.6263626931475774,0.8509832620620728,0.42141369978586835,0.01726994911829627,0.06894411643346154
03049800,0.41976308822631836,0.8850494225819905,0.3019594722736712,0.5746660086508528,0.6725919644037883,0.3534148732821147,0.07647985219955444,0.06791830062866211
03050000,0.8012068867683411,1.321903645992279,0.2875528768691345,0.6606416361797541,0.9298146764437357,0.4047139485677083,0.036050041516621945,0.03686316808064782
03069500,0.8316035270690918,1.2200851043065388,0.2183368779410139,0.7234098555748341,0.8991365830103556,0.2713740666707357,0.03757772843043006,0.03482609987258911
03070500,0.7867562770843506,1.2658294041951497,0.3826113445691807,0.5421149492077516,0.7293586929639181,0.514763355255127,0.022096335887908936,0.07917652527491248
03076600,0.646561861038208,1.0069815317789714,0.4033314058510646,0.5665841401124982,0.5882319211959839,0.41874170303344727,-0.0012836058934529992,0.031233906745910645
03078000,0.6261065006256104,1.0632901191711426,0.3833645602401366,0.5313093321447491,0.6887148022651672,0.4969399770100912,0.030591289202372196,0.08001349369684851
03140000,0.7647514343261719,1.073144793510437,0.3101371087081021,0.6030328549128026,0.8849436044692993,0.4551225503285726,0.07793984810511267,0.049482206503550175
03144000,0.8735247254371643,1.1305761138598125,0.19865372596474948,0.7548292490337882,1.168749988079071,0.3075881600379944,0.024863362312316895,0.04716189702351892
03170000,0.7457453012466431,1.359309514363607,0.14947284796338664,0.8114966021838216,1.1434156894683838,0.2106103698412577,-0.04579661289850867,0.05499486128489173
03173000,0.822486400604248,1.096331516901652,0.24247257514090698,0.689257016983775,0.9494697252909342,0.3340123693148295,0.02186107635498047,0.0721832116444906
03180500,0.7387818098068237,1.009841521581014,0.33985686237973034,0.5754023900201974,0.7046912908554077,0.4162203272183736,0.030295570691426632,0.07348583141962683
03182500,0.8549019694328308,1.195960779984792,0.29152846000802446,0.651032976442119,0.9195757905642191,0.4117802381515503,0.02543550729751587,0.055695732434590695
03186500,0.7319878935813904,1.2386997739473977,0.3131537510863156,0.6364277250663711,0.7690384189287821,0.37840473651885986,0.009168247381846073,0.05175584554672241
03237280,0.3922777771949768,0.6888476411501567,0.2468962296879029,0.6943954062660087,0.5503165125846863,0.19566816091537476,-0.006257434686024965,0.04652706782023114
03237500,0.8356262445449829,1.2107417980829875,0.15028653659627184,0.8195747386587815,1.0515601237614949,0.19282601277033484,0.03474104404449463,0.003928621610005734
03238500,0.7885622978210449,1.1722016334533691,0.1443934977380151,0.8340803833646759,1.0435471534729004,0.18065575758616126,0.010896801948547363,0.016035278638203976
03241500,0.8204910159111023,1.1695358554522197,0.1725469575712296,0.7901926268684804,1.0873251557350159,0.2374290029207865,0.01905039946238196,0.032220880190531376
03280700,0.6457817554473877,1.4740006128946939,0.249296517936725,0.6744019704408668,1.0101388692855835,0.37340356906255084,0.08726567029953003,0.027020951112111447
03281500,0.8705551028251648,1.2089826464653015,0.14244604722405832,0.8060322890852587,1.0787102977434795,0.19063506523768103,0.028505802154541016,0.040445466836293575
03285000,0.6071237325668335,0.9529343843460083,0.0,1.0,0.8347353537877401,-0.04092562198638916,-0.02311939001083374,-0.0028926531473795203
03291780,0.6609615087509155,0.9866661230723064,0.12971457475544593,0.80605968738275,0.8359208106994629,0.1345199545224508,0.027503490447998047,0.03910154104232788
03338780,0.6537070274353027,0.7779833475748698,0.19350168376875962,0.7481051374058924,0.6876952250798544,0.1778763135274251,0.026392559210459354,0.027285337448120117
03340800,0.8014239072799683,1.0106758276621501,0.157747695395683,0.7991875593989008,1.0380816062291462,0.2049018144607544,0.05593770742416382,-0.00042170286178588867
03346000,0.8350985050201416,1.1396138270696003,0.19014043563168498,0.7833660465960279,1.048040548960368,0.254382848739624,0.015507181485494015,0.019937654336293575
03364500,0.8233192563056946,1.0990133881568909,0.14434350040663835,0.8128940763114983,1.000986357529958,0.1777425607045492,0.03551385800043738,0.017143189907073975
03366500,0.7821977734565735,1.0742323994636536,0.1506022182139655,0.8184102601806023,1.0259790221850078,0.18879860639572144,0.005416830380757687,0.03342988093694055
03368000,0.6805843114852905,1.0495905876159668,0.18566800011185935,0.7424343778486131,0.844492514928182,0.21119070053100586,0.02570056915283203,0.056080400943756104
03384450,0.726674497127533,0.9161641001701355,0.167443119706085,0.798210001192995,0.8142232696215311,0.17080227533976233,0.013023177782694462,0.022012750307718876
03439000,0.8369937539100647,1.1763461232185364,0.07007953334031808,0.9034796574214359,1.0218167901039124,0.0792585015296936,0.02233511209487915,0.0075688958168029785
03455500,0.7173894643783569,1.1382157802581787,0.13074834195435858,0.8540323750811465,0.8482843637466431,0.12986834843953454,0.004839062690734863,0.01027778784433997
03456500,0.7487776279449463,1.1272149085998535,0.13556443943543892,0.8125770585591953,0.8528715372085571,0.14228687683741248,0.043074270089467404,0.011355817317962646
03460000,0.755558967590332,1.1938327153523762,0.160134996739428,0.7965025672155486,0.8056029876073202,0.16196461518605554,0.042236824830373165,0.0016210476557413367
03463300,0.759157121181488,1.1040668686230977,0.029644950825422078,0.9398134815175505,0.9158808588981628,0.028890033562978146,0.005584696928660038,0.024179120858510372
03471500,0.7165086269378662,1.0680612325668335,0.32393481650452643,0.629149311686781,0.8958846728006998,0.46127084891001385,0.013165831565856934,0.05364058415095008
03473000,0.7321863174438477,1.1091025273005168,0.29732641684515926,0.6757213148796086,0.7981284856796265,0.35118720928827923,-0.020627915859222412,0.03183468182881677
03479000,0.7702963352203369,0.9595638513565063,0.14129219190997425,0.8530346366752135,0.8962089618047079,0.14844336112340295,0.0059603055318196985,-0.006709873676300049
03488000,0.6688271760940552,1.0320859750111897,0.3549319582662515,0.5630827938554986,0.771381656328837,0.4862304528554281,0.057645440101623535,0.05466826756795251
03498500,0.8837214708328247,1.309652845064799,0.15752479844697592,0.828397724238128,1.081290364265442,0.2056138515472412,0.0012991031010946008,0.017075935999552372
03500000,0.8705220222473145,1.252633531888326,0.10385474458129063,0.8762846128317211,0.9554530382156372,0.11323755979537964,0.021654963493347168,-0.0004645387331644324
03500240,0.817315399646759,1.4088181853294373,0.08061908263069675,0.9063786196313104,0.9367722471555074,0.08332248528798425,0.006586313247680664,0.006851991017659542
03504000,0.7921208739280701,1.1869012713432312,0.06777692135866922,0.92798657115232,0.9195070465405782,0.06715760628382361,-0.01445084810256958,0.004197796185811398
03574500,0.8460009098052979,1.069557547569275,0.06022523132896425,0.8876314034630298,0.885537346204122,0.06008315086364746,0.04110797246297204,0.010912378629048702
03592718,0.4877854585647583,0.8506247997283936,0.17048540451036823,0.789094377455483,0.7432287534077961,0.16057604551315308,-0.010690232117970766,0.03807081778844196
03604000,0.7960472106933594,1.0756030877431233,0.06588293575326223,0.9040271332859592,0.9680640697479248,0.07054976622263587,0.00925666093826294,0.02296469608942664
05291000,0.4849187135696411,0.5614346265792847,0.3034818255533018,0.6279787042987469,0.8686929146448772,0.41981122891108197,0.013638357321421324,0.08117338021596271
05362000,0.7386794090270996,0.8982788324356079,0.41463319858293407,0.5070221056800385,0.7458372116088867,0.6099317272504171,0.034195125102996826,0.08105111122131348
05393500,0.8289294242858887,0.9635931650797526,0.4277879699555124,0.47869224818617584,0.7495575745900472,0.6698493957519531,0.06743653615315759,0.07900089025497437
05399500,0.5742368698120117,0.7566384871800741,0.2844873842138081,0.4661947049080159,0.7705065011978149,0.47018847862879437,0.33340026934941613,0.07866162061691284
05408000,0.6371263265609741,1.197295904159546,0.3050117523783266,0.5853523595205417,1.0730648040771484,0.5591459075609843,0.1235518058141073,0.07743211587270105
05413500,0.5794497728347778,1.0170333782831829,0.214138739198187,0.6945992456206164,0.9028417269388835,0.2783380349477132,0.0776729782422384,0.04094960292180383
05414000,0.35754531621932983,0.8100294073422749,0.2787683521710758,0.543698151366096,0.6560428738594055,0.33637044827143353,0.21421736478805542,-0.03077248732248944
05444000,0.573967695236206,0.7427204052607218,0.3229034228504745,0.6132664698763026,0.690155029296875,0.3633875846862793,0.004733006159464481,0.06709982951482141
05454000,0.5492640733718872,0.8292326132456462,0.2674323313123999,0.6693603737024879,0.7058548927307129,0.28201313813527423,0.01356860001881921,0.0530848503112793
05458000,0.6018216609954834,0.7915480931599935,0.2719735604347393,0.5559476590117766,1.132848302523295,0.5541974703470866,0.1792690356572469,0.17137396335601807
05466500,0.7409113049507141,1.1482505202293396,0.2867696012545163,0.6346989728983092,1.0983484784762065,0.4962556560834249,0.08440520366032922,0.05149366458257043
05487980,0.8197612166404724,1.0489454070727031,0.16279165001327398,0.8044817646674879,0.9956932266553243,0.2014844218889872,0.010187645753224728,0.030317485332489014
05488200,0.7698527574539185,1.0336153904596965,0.2215203034918011,0.7012306621846209,1.003887454668681,0.31713024775187176,0.04301206270853675,0.06757827599843347
05489000,0.7938719987869263,1.0022847652435303,0.16083075923575293,0.8196146796858299,1.08808167775472,0.2135113080342611,-0.00046805540720618044,0.025959710280100468
05495000,0.7556381821632385,1.005034347375234,0.21709553897993453,0.7679496663938895,0.9565260211626688,0.2704051335652669,-0.0005819002787271765,0.018627067406972286
05495500,0.7141090631484985,0.929023543993632,0.20673543340345232,0.7932645665965476,0.9906802177429199,0.25818461179733276,-0.011156976222991943,-0.0003598928451538086
05501000,0.6881693005561829,0.8956230282783508,0.21154735004377123,0.7451830804704064,0.919810950756073,0.26112182935078937,0.022591253121693966,0.030818204085032108
05503800,0.6838119029998779,0.896013100941976,0.1333065174699326,0.8561856781479483,0.8735544681549072,0.13601080576578772,0.010720968246459961,-0.010644018650054932
05507600,0.6909334659576416,1.0730734666188557,0.15001812639479342,0.8395567174610488,0.9739278157552083,0.17402853568394983,0.0064518054326375696,0.005641897519429562
05508805,0.7152579426765442,1.0169292092323303,0.15217640779958397,0.8154635829132687,0.9802224834760029,0.18292262156804406,-0.007105072339375851,0.038898130257924435
05525500,0.7533254027366638,1.0567371249198914,0.236188709440784,0.7163158008757967,0.922998050848643,0.30433744192123413,0.028600533803304073,0.03259907166163123
05556500,0.7043015956878662,0.987378756205241,0.3138238123690308,0.6691079063160185,0.9090243577957153,0.4263490041097005,-0.017193496227264404,0.023188312848409054
05584500,0.7751175165176392,0.9445862770080566,0.13762606823350396,0.8556026033337949,1.2377453247706096,0.19909479220708215,-0.0012780229250589636,0.009795645872751835
05591550,0.7285035848617554,1.114127477010091,0.25039213669536636,0.6947340058267796,1.0745524168014526,0.38728415966033936,0.03324035803476966,0.05163361628850305
05592050,0.717060387134552,0.8535978198051453,0.17101593891247738,0.7876293816869939,0.8351879318555196,0.18134220441182458,0.03010513385136926,0.01374661922454834
05592575,0.6128183603286743,0.8297092517217001,0.22832104308805118,0.7534648503260135,0.7703489462534586,0.2334373990694682,-0.011744995911916134,0.01862225929896033
05593575,0.841031014919281,1.0304311712582905,0.11426683638869213,0.8811031419685249,1.0531497995058696,0.13657889763514197,-9.846687316894531e-05,0.005534092585245731
05593900,0.5999510884284973,0.8805308143297832,0.16685208759606632,0.8053205369589597,0.8170958161354065,0.16929177443186444,0.01284203926722205,0.015392223993937137
05595730,0.8408331871032715,1.0310653448104858,0.16698952613138393,0.8044197096444102,0.9834599494934082,0.20415649811426795,0.022012511889139774,0.012941718101501465
07291000,0.5408734083175659,0.8273311853408813,0.008189558923102658,0.9704569864345274,0.8137383858362834,0.006867031256357792,0.01790509621302283,-0.010871589183807373
07359610,0.6507778167724609,0.8735324541727701,0.1251430330292728,0.8501929281267578,0.8111661275227865,0.11939853429794312,0.023531874020894405,-0.005901555220286014
07362100,0.7393563389778137,0.9326361616452535,0.029339306815505273,0.9478223781958919,0.8554181456565857,0.02647898594538367,0.020611782868703243,-0.00451328357060754
07362587,0.5941580533981323,0.7517196337381998,0.13014625887200745,0.8212126173342766,0.6862445672353109,0.1087564428647359,0.03800298770268762,0.00264386336008704
07375000,0.726936936378479,0.910845160484314,0.06271351428566305,0.8894516534792088,0.8080797592798868,0.056976139545440674,0.043458640575408936,-0.005595564842224121
08013000,0.7578585147857666,1.0088220437367756,0.08934379584189814,0.8682845972597237,0.8532371123631796,0.08779545625050866,0.01831650733947754,0.023320794105529785
08014500,0.7286503314971924,1.1907355388005574,0.049221141056296665,0.9326522141493085,0.9537241458892822,0.05033322175343835,0.0017874638239542273,0.01674872636795044
05057200,0.30727481842041016,0.38137845198313397,0.9758348774776481,0.0,-0.03209624687830609,0.3534272114435832,-0.016639510790507017,0.008752107620239258
05120500,0.496052086353302,0.6455437143643697,0.39405128947105605,0.5305626220043179,0.7107911308606466,0.5279078284899393,0.07568025588989258,0.025313973426818848
06221400,0.9061802625656128,1.0756502946217854,0.8628418664555519,0.07172875030250349,0.08068337043126428,0.9705590804417928,0.05619559685389197,0.01740199327468872
06224000,0.879967212677002,1.0739264488220215,0.8048655612204321,0.12210620218946956,0.14718059698740638,0.9701439539591471,0.08387668927510583,0.004147827625274658
06278300,0.8743600249290466,0.9507233500480652,0.8368323265763824,0.0815647251595487,0.08534518877665198,0.8756188750267029,0.07350820302963257,0.0118769804636637
06280300,0.9121757745742798,1.0444693962732952,0.8922977503815733,0.06300915708055342,0.071688711643219,1.0152123769124348,0.05049729347229004,0.00035230318705237185
06289000,0.7050150632858276,0.8928826252619425,0.6517674274662245,0.31301563910811325,0.3530167142550151,0.7350584665934244,0.03971739610036218,-0.0030940969785054895
06291500,0.7572174072265625,1.0487171014149983,0.6055063951911215,0.21071038449126747,0.3229752779006958,0.9281156063079834,0.273717999458313,0.007983525594075558
06311000,0.6687839031219482,0.8140920797983805,0.7408407846965496,0.2591592153034505,0.2513643701871236,0.7185581922531128,-0.09058090051015222,-0.001751104990641239
06332515,0.44862812757492065,0.5362631678581238,0.5581638995864079,0.22240240619390167,0.2612950007120768,0.6557727456092834,0.14451791842778522,0.113289217154185
06339100,0.41256117820739746,0.47218124071757,0.38355242476296886,0.3410109375593011,0.34953991572062176,0.3931454022725423,0.1406252185503642,0.14170032739639282
06344600,0.342990517616272,0.46414514382680255,0.22491208250558006,0.5347409742909993,0.9433577458063761,0.39677631855010986,0.1822489102681478,0.24175665775934857
06350000,0.4298296570777893,0.48910409212112427,0.36445876824442724,0.5813915423708255,0.7214653293291728,0.4522672692934672,-0.014285107453664125,0.06719589233398438
06352000,0.3360787034034729,0.39073143402735394,0.47041445544564164,0.49652877010190866,0.3823661009470622,0.3622560302416484,-0.0858810544013977,0.02545630931854248
06404000,0.7232546806335449,0.830573042233785,0.26137557897494373,0.7222921418542654,0.8278443415959676,0.2995717128117879,0.0002446571985880164,0.018474340438842773
06406000,0.4852306842803955,0.6407500902811686,0.08917055619390818,0.8795048361360606,0.641674280166626,0.06505757570266724,-0.058017631371816036,0.022853990395863832
06409000,0.13144147396087646,0.15065117677052817,0.049992387527717896,0.950007612472282,0.40192333857218426,0.02115046977996826,-0.022306859493255615,-0.037906765937805176
06431500,0.56261146068573,0.6470985412597656,0.321747047508312,0.6186821543130848,0.6174788673718771,0.3211212754249573,0.042949358622233036,0.01650557915369666
06440200,0.4188941717147827,0.45617862542470294,0.24621071177246595,0.6228598802429268,0.48736572265625,0.19265113274256387,0.025991380214691162,0.07645622889200848
06447500,0.4192904233932495,0.514181653658549,0.33175980389818494,0.6682401961018151,0.3868674834569295,0.19206728537877402,-0.05737614631652832,-0.015012244383494078
06470800,0.2944633364677429,0.36536286274592084,0.48809625664931006,0.453474934652353,0.28758780161539715,0.3095441857973735,-0.0009837746620178223,0.03705477714538574
06477500,0.41033869981765747,0.47068605820337933,0.2856435970641874,0.6026572107507278,0.5203077991803488,0.2466121514638265,-0.009694695472717285,0.09643618265787762
06479215,0.41817212104797363,0.4830596446990967,0.321968814858181,0.5296265526479635,0.5293506781260172,0.3218011061350505,0.045060078303019224,0.10326725244522095
06601000,0.5569993853569031,0.7372468511263529,0.24424007001191528,0.7401954763316094,0.5997326374053955,0.1978919704755147,0.005392471949259403,0.0072184006373087195
06614800,0.8292731642723083,0.9256781538327535,0.7769639839761262,0.1343340715297145,0.1263257463773092,0.7306452790896097,0.07491846879323327,0.008495509624481201
06622700,0.8562749028205872,0.9445478717486063,0.7955278888332696,0.11166447217759762,0.1222319404284159,0.8708133896191915,0.09320390224456787,0.008386671543121338
06623800,0.8650720715522766,0.9581713080406189,0.7997460878460215,0.1874557970317711,0.19409139951070153,0.8280556797981262,0.01325114568074548,-0.013450900713602665
06632400,0.8216567635536194,0.9004023273785909,0.7281324157346006,0.059409735371664066,0.06252412001291907,0.7663026650746664,0.2065106829007467,0.01708465814590454
06746095,0.7664458751678467,0.9254132906595866,0.8280833851580675,0.14960245227640978,0.1614837646484375,0.8938491344451904,-0.011887331803639767,0.02408633629480994
06803510,0.4963841438293457,0.5800432761510214,0.10494416038991507,0.8662868561560849,0.5496614774068197,0.0665873686472575,0.011383414268493652,0.006870587666829409
06803530,0.7273776531219482,0.7996635039647421,0.17509849155322044,0.7911206752062891,0.850301464398702,0.18819695711135864,0.029111862182617188,0.007195989290873173
06814000,0.5652150511741638,0.7711804906527201,0.12244562412865066,0.8775543758713494,0.717172642548879,0.10006747643152875,-0.017532527446746826,-0.022831757863362667
06847900,0.25831735134124756,0.3177106777826945,0.2285626114765686,0.6413251980865669,0.2680951754252116,0.09554674228032431,-0.0470375617345174,0.05439120531082153
06853800,0.6248684525489807,0.7904598911603292,0.21485271984076199,0.74494859227626,0.7753618359565735,0.22362428903579712,-0.01619432369867957,0.0418398380279541
06876700,0.7156903743743896,0.7802394231160482,0.24167028877739558,0.7215912349353439,0.8149758179982504,0.27294600009918213,0.01606716712315881,0.025425811608632443
06878000,0.6056991815567017,0.7210940519968668,0.1352559608211363,0.8359918971972674,0.7135258515675863,0.11544205745061237,-0.015524109204610226,0.024540185928344727
06879650,0.3439067602157593,0.41478125254313153,0.04987809848437974,0.8341964719928905,0.39189056555430096,0.023431837558746338,0.02929451068242389,0.025165180365244566
06885500,0.6872271299362183,1.0717200835545857,0.21705258654282508,0.75638622159298,0.9709989229838054,0.2786378463109334,0.0340975125630697,-0.00011064608891808714
06888500,0.7300316691398621,1.050887684027354,0.06323779679484089,0.9367622032051591,1.0299028356870015,0.06952542066574097,-0.024773120880126953,-0.003413856029510498
06889200,0.7692864537239075,1.16984889904658,0.17643518567818248,0.7765312518593825,0.9765161077181498,0.22187362114588416,0.028518100579579708,0.030628303686777714
06889500,0.7621465921401978,1.0939226547876995,0.1660579372726667,0.8004359385842806,1.063477913538615,0.2206284602483114,0.03173228104909265,0.012784739335378048
06892000,0.7910474538803101,1.1536544958750408,0.20020415914321807,0.7846714687991339,1.1673169136047363,0.29783382018407184,0.0024579962094625207,0.020041783650716183
06903400,0.717470645904541,0.8530041774113973,0.12967379252816671,0.8562501391174441,0.8873401880264282,0.1343821883201599,-0.010787129402160645,0.014587163925170898
06906800,0.8087062835693359,1.0393085877100627,0.09104705603306114,0.8868690630969686,1.06158451239268,0.10898355642954505,0.01611230770746863,0.010322153568267822
06910800,0.8423453569412231,1.155587911605835,0.13830204859245532,0.8509407453894203,1.1280513207117717,0.18334039052327478,-0.007518927256266239,0.014260311921437618
06911900,0.8656498193740845,1.1344796816507976,0.13595466149418306,0.8284015928537111,1.1870315472284954,0.1948118805885315,0.006347139676411984,0.044727424780527714
06917000,0.6969735622406006,0.9361184040705363,0.10072386999483215,0.8992761300051678,0.8952165842056274,0.10026917854944861,-0.008523821830749512,-0.002118845780690548
06918460,0.7785974740982056,1.127131422360738,0.14384520623406152,0.8416352913010481,1.0270790656407673,0.1755396922429403,-0.05466105540593469,0.017718692620595333
06919500,0.8792542219161987,1.2819708188374836,0.20033533602893366,0.7611108178372183,1.256404439608256,0.33070375521977746,0.021125733852386475,0.04251706600189209
06921070,0.7970483303070068,1.01187264919281,0.19459629778811507,0.7756180037182214,1.0270469586054485,0.2576777935028076,0.022104183832804325,0.017337024211883545
06921200,0.6483526229858398,0.7839871644973755,0.19771000406065875,0.746344496282437,0.7895825703938802,0.20916396379470825,0.01711030801137292,0.042076289653778076
07057500,0.6276910901069641,0.8432276050249735,0.13562621865337338,0.8346708940196097,0.8390685518582662,0.13634079694747925,0.029859383900960323,-0.01768638690312707
07060710,0.5605900287628174,0.7068589925765991,0.19575207301879943,0.7701258851798334,0.8400523265202839,0.2135261098543803,0.02028602361679077,0.01693425575892127
07066000,0.6113812923431396,0.7637923955917358,0.09787782136923713,0.8567728028676775,0.748041033744812,0.08545629183451331,-0.013149718443552616,0.03959415356318152
07083000,0.807904839515686,0.9250385363896688,0.9141645017235303,0.06637389776340333,0.05804953972498572,0.7995135188102722,0.017020801703135136,-0.0020861228307088586
07142300,0.228834331035614,0.29007575909296673,0.0,0.8380543045471692,0.360210637251536,-0.033200124899546324,-0.10996888081232709,0.06960713863372803
07145700,0.6940661072731018,0.9502672553062439,0.14921100347073085,0.8028880250316645,0.8541367650032043,0.1587352156639099,0.024488727251688602,0.02646978696187341
07167500,0.5795474648475647,0.7911117672920227,0.2794242845437222,0.6884550264939129,0.6848914821942648,0.27797794342041016,0.0233974655469259,0.008556962013244629
07180500,0.718590497970581,1.1062033573786418,0.15090455095616317,0.8377647718146707,0.9978772004445393,0.17974521716435754,0.01349618037541711,-0.008480846881866455
07184000,0.7331870794296265,0.9650243123372396,0.12171071665076054,0.8615985297696904,0.9260106086730957,0.13080966472625732,0.008265833059946659,0.009672701358795166
07195800,0.6347665190696716,1.0198714137077332,0.21299049477151777,0.7397349418238732,0.8347615202267965,0.24035131931304932,0.05334746837615967,-0.05923396348953247
07196900,0.571971595287323,0.8403051892916362,0.14508977060990755,0.8231426058855132,0.7452448407808939,0.1313592592875163,0.01914910475413001,0.009612202644348145
07197000,0.8025603294372559,1.0289058287938435,0.1289038546997995,0.8650559823150074,0.9334402084350586,0.13909393548965454,-0.004960179328918457,0.006517648696899414
07208500,0.43869549036026,0.6214437286059061,0.6342363946504074,0.312177067644159,0.20507742961247763,0.4166467785835266,-0.01307821273803711,0.03520242373148602
07261000,0.5862528085708618,0.8992297649383545,0.12527173993321472,0.8639037393660024,0.6972060203552246,0.10109947125116986,0.008735835552215576,-0.0047652324040731164
07263295,0.6588717103004456,1.0443833470344543,0.1882257285002947,0.8117742714997053,0.9070775310198466,0.21032365163167316,-0.014741241931915283,-0.008955717086791992
07299670,-0.1948000192642212,-0.11890645821889241,0.44870742754852205,0.0,-0.12649353345235187,0.07621721426645917,0.09364227453867596,-0.1610491673151652
07301410,0.4365348219871521,0.5336064696311951,0.22989229956654722,0.7017359187182801,0.44650588432947796,0.14627762635548908,-0.0011280576388041363,0.04350411891937256
07315200,0.5645438432693481,0.5818954308827718,0.26382311121915947,0.6750108589020606,0.5911555290222168,0.23104886213938397,0.03689191738764441,0.016675571600596073
07315700,0.6896795630455017,0.7415300408999125,0.17827928287350805,0.739879985429309,0.7288156946500143,0.175613264242808,0.05898783604303992,0.021629035472869873
07335700,0.5819222927093506,0.8341066042582195,0.0684988729012359,0.9130649220210855,0.7594316403071085,0.056973179181416866,0.015334109465281132,-0.008152206738789913
07340300,0.6304553747177124,0.8985553582509358,0.13574736922362743,0.8493894021343092,0.8003592491149902,0.12791148821512854,-0.01162056128183997,0.014005263646443722
07346045,0.8357264995574951,1.0418121814727783,0.08063397951692478,0.878577928364317,0.9260296026865641,0.08498899141947425,0.0008923610051473352,0.04209868113199866
08023080,0.7046447992324829,1.1610618034998577,0.03743703315728279,0.9503573261027114,1.0520172119140625,0.04144167900085449,0.006218512852986691,0.007292767365773556
08050800,0.4314883351325989,0.4688070813814799,0.06487523144994455,0.8819909710421457,0.5207958817481995,0.038307368755340576,-0.021904448668162046,0.03137431542078656
08066200,0.6326466202735901,0.7738762497901917,0.0029449391230538763,0.9302573562346048,0.7792769471804301,0.0024669766426086426,0.04801279306411743,0.007943669954935673
08066300,0.6593316793441772,0.8162696758906046,0.10438866072150833,0.8519761063872642,0.8196478287378947,0.10042762756347656,0.026301701863606808,0.015677789847056034
08070000,0.6544938087463379,0.7575659354527792,0.010787459512331064,0.8764958333768171,0.7158587376276652,0.008810420831044552,0.07716327905654907,0.014895617961883545
08070200,0.730086088180542,0.8267823457717896,0.024135410665374085,0.9213048986675675,0.8171789248784384,0.02140762408574426,0.0472254753112793,0.0011678735415140418
08082700,0.3076924681663513,0.3164872129758199,0.26102706379461604,0.634414033308639,0.31183671951293945,0.12830394506454468,0.02555223306020099,0.025842130184173584
08086212,0.36194562911987305,0.3786591688791911,0.2076646380055177,0.6035498996267588,0.3696122169494629,0.12717322508494058,0.07866805791854858,0.03694361448287964
08086290,0.23526960611343384,0.24743630488713583,0.3149940297183879,0.685005970281612,0.25261372327804565,0.11616222063700359,-0.0039095679918924875,-0.003540774186452239
08101000,0.7280818819999695,0.7948152422904968,0.08234927279164528,0.7848288517788923,0.7797256509462992,0.08181381225585938,0.1187656124432882,0.013192613919576046
08103900,0.4575626254081726,0.5916539629300436,0.05807396507367952,0.9175641540489993,0.5743998885154724,0.03635460138320923,-0.015323658784230532,0.01525066296259564
08104900,0.6881892681121826,0.7473320166269938,0.11532702004562526,0.8159384593596564,0.7403797308603922,0.10464733839035034,0.035749395688374874,0.02662007013956702
08109700,0.682483434677124,0.7617504199345907,0.06293511173683977,0.9164376927803657,0.7308077812194824,0.05018723011016846,-0.04035919904708862,0.016449034214019775
08150800,0.5341923832893372,0.5705764889717102,0.0,0.8721478958798583,0.548605223496755,-0.015859484672546387,0.055631816387176514,0.024790704250335693
08158700,0.6524655818939209,0.7532097895940145,0.1697835208005891,0.5911833064780718,0.6947737534840902,0.19953393936157227,0.2240392565727234,0.0568786462148031
08158810,0.21527963876724243,0.2810669541358948,0.021878514852678468,0.4647663732629037,0.25895581642786664,0.01219014326731363,0.2357009251912435,0.05032728115717569
08164300,0.791376531124115,0.8672043283780416,0.041555774792996644,0.947416057069611,0.8854523698488871,0.03883790969848633,0.006456772486368778,0.003850122292836544
08164600,0.7506647109985352,0.8639788627624512,0.05091717015381375,0.926157985406831,0.8054176568984985,0.04427925745646155,0.0060375134150186804,0.013898690541585323
08165300,0.23340731859207153,0.32341323296229046,0.2726421874982262,0.5738256244408093,0.2812042037645976,0.13360875844955444,0.07523870468139648,-0.016327897707621247
08171300,0.8136423826217651,0.8863904476165771,0.0,0.9227145933110679,0.8787557681401571,-0.009325504302978516,0.06386138995488488,0.00974208116531372
08175000,0.7316702604293823,0.7888214190800985,0.021184346654127887,0.9788156533458721,0.7653952042261759,0.016565322875976562,-0.033064623673756954,-0.004434645175933838
08176900,0.4619326591491699,0.48098282019297284,0.02009863856246151,0.8734995606067352,0.477424422899882,0.010985215504964174,0.04500261942545575,0.013152897357940674
08178880,0.3931771516799927,0.49862412611643475,0.08533501159361354,0.9146649884063864,0.4676107168197632,0.04362642765045166,-0.13957313696543372,-0.014324049154917418
08189500,0.734140157699585,0.7838638226191202,0.03975902940208782,0.947090932111917,0.8069810469945272,0.03387719392776489,0.005258957544962528,0.005945702393849728
08190000,0.7489423751831055,0.8281497160593668,0.005704155452172357,0.9942958445478276,0.8260564804077148,0.004738986492156982,-0.011938969294230106,-0.02048581838607788
08190500,0.4099733829498291,0.43559638659159344,0.0,0.8614573553895496,0.43280096848805744,-0.01915911833445233,0.04228907823562622,0.02731551726659137
08194200,-0.030871868133544922,0.04877062638600667,0.8982703541284853,0.10172964587151463,0.025217652320861816,0.2226712703704834,-0.05103039741516113,-0.005708277225494385
08195000,0.5248514413833618,0.585281252861023,0.03197974116600046,0.9680202588339996,0.5727347532908121,0.01892099777857459,-0.08172933260599768,-0.13401683171590173
08196000,0.5416092872619629,0.5704464117685953,0.11503881587248846,0.7968462202892395,0.5580832560857137,0.08056916793187457,0.061712642510731996,-0.056051552295684814
08198500,0.5602738857269287,0.6169482866923014,0.11924056192202512,0.8793796011489554,0.580660899480184,0.07873543103535968,-0.13903063535690308,0.0009111166000366211
08200000,0.38254302740097046,0.42773614327112836,0.056129150495979996,0.689998391070691,0.3859829902648926,0.0313984751701355,0.07984139521916706,0.062174081802368164
08202700,0.5563973784446716,0.570086658000946,0.2030892400453603,0.6182415768861682,0.5629395842552185,0.18492281436920166,0.06722549597422284,0.09546164671579999
08267500,0.8088078498840332,1.031982143719991,0.6855488016667332,0.1270684419652197,0.1797007520993551,0.9695061445236206,0.25446438789367676,0.010533134142557743
08269000,0.6393861770629883,0.8039183219273885,0.6393673864232239,0.18012800246437807,0.2092127799987793,0.7426042954126993,0.19713546832402545,0.012514730294545529
08271000,0.8061451315879822,1.0961342453956604,0.7195703965995643,0.19009333167168543,0.27599473794301355,1.0447375575701396,0.12381782134373986,0.007340570290883419
08324000,0.8459377884864807,1.0226050019264221,0.609430258726423,0.2433989512892768,0.4339236418406169,1.08647221326828,0.26102930307388306,0.0013419389724731445
08377900,0.6231753826141357,0.7652332782745361,0.7486062408023276,0.0948419708924531,0.08773364623387658,0.6924988428751627,0.13889992237091064,0.005918443202972412
08378500,0.6254394054412842,0.796441117922465,0.6678654318266984,0.18505952012542062,0.20007890462875366,0.7220692237218221,0.14819127321243286,0.0108203490575155
08380500,0.4750314950942993,0.6453455289204916,0.5204465938714605,0.43193718976396345,0.5077817440032959,0.6118326584498087,0.0459514856338501,0.010025739669799805
09035800,0.911808967590332,1.0343683958053589,0.5778878191991832,0.06566283553202949,0.10792253414789832,0.9498084783554077,0.567608118057251,0.018247127532958984
09035900,0.9296615123748779,1.0801334381103516,0.7518466602063181,0.0527089058271089,0.0702072183291117,1.0014448563257854,0.252937396367391,0.007390717665354374
09047700,0.8229709267616272,0.8857964078585306,0.6113802280388076,0.2639293400401256,0.3348330855369568,0.7756255070368449,0.1413014531135559,0.016886651515960693
09065500,0.8644581437110901,1.0208086768786113,0.8299653237166417,0.1336239840669843,0.13616089026133216,0.8457225561141968,0.03710196415583289,-0.004074374834696415
09066000,0.8826113343238831,0.9841747482617696,0.8053699805514917,0.15136909809439417,0.15869798262914026,0.8443638285001119,0.03454764684041345,0.010807851950327518
09066200,0.8557401895523071,0.9412140846252441,0.7578382078055467,0.11848948467608961,0.1297815442085266,0.8300602634747823,0.13545829057693481,-0.0010088682174682617
09066300,0.8707781434059143,0.912306527296702,0.7920807386235049,0.1958015805947481,0.20402179161707557,0.8253341515858968,0.012626409530639648,-0.005926907062530518
09081600,0.9166316390037537,1.0486656626065571,0.778799495553173,0.08092324849160935,0.09182608127593994,0.8837275703748068,0.15051474173863733,0.008662144343058231
09107000,0.943208634853363,1.1207941174507141,0.7444838214232257,0.1501869188871056,0.2170174320538839,1.0757659077644348,0.1521989107131958,-0.0005163351694742468
09210500,0.7072412967681885,0.8527462879816691,0.7402148556446444,0.13774266182992503,0.13694608211517334,0.7359341184298197,0.12133669853210449,-0.001218120257059696
09223000,0.7802213430404663,0.8774595657984415,0.7249578198523542,0.23209513382019223,0.2561332186063131,0.800041675567627,0.03943789005279541,0.007957180341084835
09306242,0.22887581586837769,0.4219845334688822,0.48044922570600523,0.341060662812945,0.23693794012069702,0.3337724407513936,0.08313693602879843,0.04086176554361978
09312600,0.8150296211242676,0.9981115659077963,0.5432097523414666,0.36744801025254165,0.6095668276151022,0.9011414845784506,0.14821161826451623,-0.05250948667526245
09352900,0.8745969533920288,1.001344919204712,0.7525159697324699,0.10836986655288738,0.1490575671195984,1.0350497166315715,0.18992654482523597,0.0014183322588602332
09378170,0.8297232389450073,0.9143816232681274,0.4661237547931276,0.45275977185199523,0.8447393576304117,0.8696732918421427,0.13958503802617395,0.011758526166280148
09386900,0.17303013801574707,0.21075212955474854,0.44294659143688747,0.3294020616861117,0.15280071894327799,0.20547095934549967,0.1052010456720988,0.00040026505788168243
09404450,0.7847102880477905,0.954895814259847,0.5652903211234974,0.3009759730950977,0.8488264878590902,1.5942581494649253,0.37716203927993774,-0.006582796573638916
09430600,0.2891756296157837,0.39317842324574787,0.0,1.0,0.3177546262741089,-0.026413182417551695,-0.22852047284444177,-0.08837856849034625
09447800,0.22968173027038574,0.24050629138946533,0.2340681194399879,0.4018723742658123,0.23650848865509033,0.1377529303232829,0.20090262095133463,0.013352374235788972
09484600,-0.2910745143890381,-0.1725526253382365,0.0,0.0,-0.261297067006429,-0.28262050946553546,-0.5380734006563822,-0.18480714162190753
09492400,0.7285584807395935,1.014780342578888,0.5153122111707659,0.304737669876076,0.5022099812825521,0.8492384155591329,0.2635159492492676,0.03304320573806763
09494000,0.7576131224632263,1.0468088189760845,0.3682755941865171,0.5214379257339378,0.7056774099667867,0.4983982841173808,0.1434057354927063,0.005848228931427002
09497980,0.7139369249343872,0.7731133302052816,0.1845485642542359,0.6508254524931382,0.7470630407333374,0.2118377685546875,0.15777715047200525,0.031192084153493282
09505350,0.6484875679016113,0.6777654488881429,0.11996141181382361,0.7675152402562576,0.6562780936559042,0.1025752226511637,0.04795463879903161,0.04826052983601892
09505800,0.496978223323822,0.5294510324796041,0.17322436318451778,0.7569905918544186,0.503995398680369,0.1153307358423869,0.030313432216644287,0.016148626804351807
09508300,0.667987048625946,0.6886234084765116,0.10771310603725742,0.7001115472923812,0.6904399196306864,0.10622511307398474,0.17025476694107056,0.019265790780385372
09510200,0.7339087724685669,0.7588501771291097,0.10918154635393675,0.6896362340908795,0.7600721915562948,0.12033279736836755,0.22172995408376062,-0.0028550227483113977
09512280,0.6809837818145752,0.6923439900080363,0.18309221406730825,0.6694423826519005,0.7033920288085938,0.1923774282137553,0.1549438635508219,-0.0025133291880289343
09513780,0.5816841125488281,0.590993603070577,0.1299239633434563,0.6082174131358287,0.5930622021357218,0.12668659289677936,0.25016369422276813,0.005170087019602421
10234500,0.7827972173690796,0.962993343671163,0.5481292901937642,0.37864908132968406,0.5638505220413208,0.8162253697713217,0.10903513431549072,-0.0017364025115966797
10244950,0.62233567237854,0.9041570822397869,0.5055162935943021,0.48647193994412263,0.6509014368057251,0.676382859547933,-0.07664887110392249,0.010719776153564453
10336645,0.8843870162963867,1.0199525356292725,0.6362791757106436,0.3261727223633187,0.6359329422314962,1.2405417760213215,0.07194175322850549,0.0012650887171427039
10336660,0.7780284881591797,0.8519164721171061,0.5439479930217818,0.3823346422382055,0.5929419000943502,0.8435792128245035,0.09843367338180542,0.015890558560689327
10343500,0.6004725098609924,0.6623323162396749,0.5592147179992151,0.35875054447655813,0.5555649201075236,0.8660058776537578,0.1270398696263631,-0.004997273286183712
12010000,0.9028107523918152,1.105261504650116,0.03764088300387806,0.9454857366263512,0.9969111879666647,0.03968818982442224,0.015131453673044803,0.0026596784591674805
12013500,0.8590980768203735,1.112003207206726,0.03460009081285232,0.9651491144771426,0.9828946590423584,0.035236259301503536,0.00025540590286254883,-0.0018239617347717285
12020000,0.8204278945922852,1.0917431116104126,0.09630237329361631,0.8987376214774181,0.9222919543584188,0.09882628917694092,0.004101018110911014,0.0009889801343282434
12025700,0.8244004249572754,1.1524284680684407,0.16129574797305138,0.8372767082164532,0.8166901071866354,0.15732987721761071,-0.0018095970153808594,0.0013924439748128625
12035000,0.8960193991661072,1.064261217912038,0.04474207312269127,0.934683001994423,0.9178428053855896,0.043935954570770264,0.019729971885681152,0.00047425429026282107
12040500,0.814192533493042,1.0511404275894165,0.09030574105035288,0.8681835618105345,0.9179559151331583,0.0954829057057699,0.04138672351837158,0.0025037527084350586
12041200,0.7038636207580566,1.1400565306345622,0.1765877156885897,0.8082914841130352,1.0700201590855916,0.23376766840616864,0.01540164152781165,0.00461534659067786
12048000,0.5574238300323486,0.777330756187439,0.528944621517073,0.384047592473716,0.7248148123423258,0.9982796510060628,0.15681960185368854,0.007390598456064823
12054000,0.7182631492614746,0.9780179659525554,0.36048642461009656,0.5806460169524899,0.8185135920842489,0.5081633726755778,0.050033748149871826,0.03294950723648071
12056500,0.7376339435577393,1.0093225240707397,0.2432718963536787,0.7418854995936454,1.0066645940144856,0.33009568850199383,0.007210791110992432,0.012929141521453857
12073500,0.8713527917861938,1.0130091905593872,0.06915821421477679,0.8739125013374447,0.9163866440455118,0.07251946131388343,0.05846172571182251,0.001234451929728153
12082500,0.7965744733810425,1.1135012706120808,0.3342538898698477,0.635086680710809,1.0418072144190471,0.5483158826828003,0.050294260183970096,-0.0148506760597229
12092000,0.7856690883636475,1.1555839776992798,0.36212270102688354,0.5937079739370832,1.2087878386179607,0.7372808456420898,0.06941697994867957,0.020511647065480587
12114500,0.7459675073623657,0.8860581715901693,0.2688224867327161,0.6744896288149663,0.750480572382609,0.29910920063654584,0.06307458877563477,-0.0027390718460083008
12115000,0.7492294907569885,0.8707359035809835,0.19900306101345547,0.760535095244402,0.7923708558082581,0.2073332667350769,0.042155563831329346,-0.001379688580830929
12117000,0.803479790687561,0.9743945201237997,0.06306327496331063,0.901785022607064,0.8302978674570719,0.058064063390096066,0.03236512343088782,-0.009479999542236328
12143600,0.8029829263687134,1.0142518281936646,0.21304748616117422,0.7516859485614312,0.9294052124023438,0.2634177803993225,0.04360455274581909,-0.00954558451970422
12144000,0.8352975845336914,1.115716020266215,0.2214472046572937,0.7436657626856701,0.944958766301473,0.2813878059387207,0.044330139954884884,-0.002842744191487667
12145500,0.8977599143981934,1.1821295022964478,0.08125431433745184,0.8738388425237877,0.951967199643453,0.08851911624272668,0.04892188310623169,-0.0003780523935953406
12147500,0.8261485695838928,1.3417454759279885,0.17585585052726324,0.7958836103438164,1.098255415757497,0.24266693989435828,0.03565307458241784,0.0033441980679830285
12167000,0.7652554512023926,0.9957858721415201,0.11571730483554109,0.821525733500826,0.882577101389567,0.12431679169336951,0.0645444393157959,0.00287628173828125
12175500,0.8085794448852539,1.336565057436625,0.6666951822270685,0.2927906026730353,0.7503187457720438,1.7085039218266806,0.0931482116381327,0.01067539056142175
12178100,0.7360225915908813,1.287389119466146,0.4351743387986461,0.5128289312842182,1.0998352368672688,0.9332938194274902,0.09425957997639978,0.017254869143168095
12186000,0.72420734167099,1.111714780330658,0.433298328595009,0.5392729945840996,0.9496971567471822,0.763068417708079,0.0474126935005188,0.000891109307607052
12189500,0.7075769901275635,1.0095309019088745,0.3496449163246092,0.5863468118193293,1.0199830532073975,0.6082268754641215,0.10776034990946448,0.0035856167475382117
12375900,0.7887870669364929,0.8852642973264059,0.7193826877810474,0.06082994944760363,0.10232969125111901,1.2101638913154602,0.3697319030761719,-0.013969341913859012
12377150,0.8957358598709106,1.0083612998326619,0.8770697285989258,0.06765115107419829,0.07959645986557007,1.0319358110427856,0.05970839659372962,0.005331476529439327
12381400,0.8163135051727295,0.8772377570470175,0.7606573638848715,0.04400793457483064,0.053200026353200314,0.9195385376612345,0.23268389701843262,0.003451049327850342
12383500,0.7332839369773865,0.993921975294749,0.615476664350775,0.026527703469347196,0.04497651259104407,1.0435126423835754,0.6069652835528055,-0.018494506676991818
12390700,0.7810004353523254,1.0223519206047058,0.6565572000800182,0.2183074035134577,0.3840315540631612,1.1549708247184753,0.22012968858083093,-0.014585653940836552
12411000,0.8191621899604797,1.016138772169749,0.6098596366552642,0.32541904629001167,0.4598858753840129,0.8618605335553488,0.06928998231887817,0.022174914677937863
12447390,0.7672104835510254,0.8873703877131144,0.6543270439752032,0.23374075970788674,0.3426288962364197,0.9591453075408936,0.16407581170399987,-0.0005240837732950476
12451000,0.8355684876441956,1.0460753639539082,0.7361597303413674,0.21201461270169528,0.44533248742421466,1.5462889075279236,0.09379839897155762,0.015060365200042725
12488500,0.7858511805534363,0.9357175230979919,0.5712700162042994,0.3455941068501686,0.6488238970438639,1.0725114544232686,0.13535630702972412,0.02072431643803918
13011500,0.8672662973403931,0.9413191874821981,0.808756599845125,0.18579525408654732,0.2171591718991598,0.9452820221583048,0.00458935896555579,0.0017784833908081055
13011900,0.9429512619972229,1.0518679817517598,0.8162652663513913,0.1429192271398043,0.169181227684021,0.9662573933601379,0.03701436519622803,0.011301159858703613
13018300,0.8517619371414185,1.0067614316940308,0.6496761732650598,0.27637655650128023,0.32857282956441247,0.7723735372225443,0.07807562748591101,0.00983726978302002
13023000,0.8505520224571228,1.0024864474932353,0.7404091766105636,0.25959082338943645,0.3223161300023397,0.9193153182665507,-0.0007919867833455774,-0.008246958255767822
13161500,0.8190417289733887,1.0513119300206502,0.6077936512661714,0.3100734499608471,0.4619089762369792,0.9054156144460043,0.11719550689061486,0.005155901114145878
13235000,0.9088556170463562,0.9640109340349833,0.7080942014498914,0.2833398180783962,0.38192393382390344,0.954465647538503,0.011546393235524532,-0.009938498338063595
13240000,0.8966894149780273,0.9707293113072714,0.733875016757907,0.2250203938431866,0.34078413248062134,1.1114235321680705,0.06225121021270752,-0.0076192418734232215
13313000,0.923550009727478,0.9818178017934164,0.7332268192749621,0.19934623210559033,0.2646631797154745,0.9734728336334229,0.08102087179819739,0.008498907089233398
13331500,0.8857245445251465,0.9912935098012289,0.697881740916851,0.20220028907734078,0.22639334201812744,0.7813825607299805,0.11187305053075158,-0.0010355909665425989
14020000,0.6838582754135132,0.8791375954945883,0.42586426540307587,0.45532519498114965,0.3987838625907898,0.372981329758962,0.07546859979629517,0.028588294982910156
14096850,0.7017842531204224,0.8777698278427124,0.25287014001629,0.6632256912095563,0.7990724245707194,0.30466485023498535,0.08659776051839196,0.014492273330688477
14137000,0.8306562900543213,1.1109893321990967,0.1367005747815625,0.7898538411792224,0.8901331822077433,0.15405599276224768,0.07781171798706055,0.004958470662434933
14138800,0.7474489212036133,0.9938898881276449,0.17964813464866258,0.7460048575438405,0.8702284892400106,0.20956287781397498,0.08672716220219934,-4.649162292480469e-06
14138870,0.7764396071434021,1.1172199447949727,0.14513508100835484,0.8173123615042143,0.926298995812734,0.16448849439620972,0.037919123967488644,0.004640976587931278
14138900,0.7345991134643555,1.1364609400431316,0.1663992674995008,0.8001940367254998,0.9383212725321451,0.19512263933817542,0.03785308202107751,0.001320183277130127
14139800,0.7875662446022034,1.16925976673762,0.14338983045931927,0.8519987095720778,0.9338889320691427,0.15717180569966638,0.005054692427317264,-0.0031578739484151575
14141500,0.8396187424659729,1.2091310620307922,0.16638804227141388,0.7823884663575184,0.9453927477200826,0.2010536392529806,0.0433080792427063,0.01858741044998169
14154500,0.8479253649711609,1.2372604807217915,0.14466895962001905,0.8065101255561806,0.8415441115697225,0.1509532332420349,0.03699237108230591,0.013949275016784668
14158790,0.7629086971282959,0.9542601903279623,0.2712490421006047,0.6476138272307841,0.7188372810681661,0.30108054478963214,0.08619346221288049,0.0038669904073079797
14166500,0.8317886590957642,1.1664230426152546,0.07126039925104984,0.9101567669796062,0.892089327176412,0.06984581549962365,0.018213947614034054,-0.0052014787991842
14182500,0.7309979200363159,1.0392194986343384,0.18857046776667785,0.7927632623627202,0.7345149318377177,0.1747152407964071,0.009288648764292362,0.008006115754445431
14185000,0.8487060070037842,1.2057308753331502,0.16609423901209866,0.7862678474915059,0.8374264637629191,0.17690118153889978,0.04621223608652747,0.004525244235992432
14185900,0.843271791934967,1.2497995098431904,0.14085779410915233,0.8195373258302127,0.9068161050478617,0.1558588147163391,0.041839659214019775,0.001983046531677246
14187000,0.8947009444236755,1.1526500582695007,0.11215979051249428,0.8317254371989361,0.8566387891769409,0.11551940441131592,0.046419382095336914,0.011376241842905643
14216500,0.7301532030105591,0.8542199929555258,0.2548168363662871,0.6881053725928846,0.7188846866289774,0.26621492703755695,0.05767899751663208,0.00195191303888953
14222500,0.857361376285553,1.1880229512850444,0.09723070623640906,0.8643472857495681,0.9597630699475607,0.10796405871709192,0.04013536373774207,0.002528071403503418
14236200,0.8262046575546265,1.049910545349121,0.11821237581784708,0.8204505079804053,0.886337161064148,0.12770547469456994,0.06566286087036133,0.0005999604860941199
14301000,0.9129338264465332,1.1023046970367432,0.018392429505390568,0.9753035438001837,0.9225809574127197,0.017398178577423096,0.004732271035512325,0.0012309749921163293
14303200,0.8155710697174072,0.9165926376978556,0.03211470355213812,0.9129328618271746,0.8319243590037028,0.02926502625147498,0.04807509978612268,0.002001166343688965
14305500,0.8515638113021851,1.1152100165685017,0.0662216038062898,0.9330119816482927,0.9566691319147745,0.06790069739023841,-0.010434766610463497,0.0007858475049337121
14306340,0.8236949443817139,0.9337391058603922,0.040243163293561326,0.9101393496949288,0.8166975180308024,0.03611149390538537,0.03963649272918701,0.004886885484059689
14306500,0.898384153842926,1.0823316772778828,0.05157341826038775,0.938531829759159,0.9784138003985087,0.05376497904459632,0.009616394837697384,0.0006988247235616418
14308990,0.760676383972168,0.9029605786005656,0.0746709887283464,0.8124664957445223,0.8193866014480591,0.07530699173609412,0.10252722104390466,0.01129659016927087
14309500,0.8482544422149658,1.0906058549880981,0.1878602697574334,0.7863522507104661,0.8831055164337158,0.2109747131665548,0.021656950314839718,0.007303436597188351
14316700,0.8363229036331177,1.1607675552368164,0.1967156065286858,0.6968244103144418,0.8451563715934753,0.2385901610056559,0.1038312315940857,0.025290727615356445
14325000,0.8362158536911011,1.0312968889872234,0.09591893395526957,0.8495436927660519,0.8685735066731771,0.0980675220489502,0.04998234907786048,0.00577666362126672
14362250,0.57691490650177,0.6420646905899048,0.15067097920188588,0.849329020798114,0.6098954677581787,0.10819546381632489,-0.21242791414260864,-0.01755046844482422
14400000,0.8375757932662964,1.0526806910832722,0.10957303100371556,0.8844634414857734,0.9667317867279053,0.11976496378580725,-0.0004929900169372559,0.006518224875132206
10259000,0.656064510345459,0.7386661767959595,0.14005614834606525,0.7061965572816403,0.6619164943695068,0.1312743226687113,0.14410700400670373,-0.0258046189943949
11124500,0.5277830362319946,0.6079581181208292,0.1936164311137838,0.8063835688862161,0.5803773403167725,0.13935128847757977,-0.1388864119847616,-0.0587633649508158
11141280,0.34570974111557007,0.44685914119084674,0.13934681574329236,0.8606531842567077,0.4134380618731181,0.06693901618321735,-0.22246418396631873,-0.06311120589574176
11143000,0.8517575860023499,0.9678882161776224,0.01702327967217888,0.9648344168575209,0.9205978910128275,0.01624278227488196,0.017310500144958496,-0.008169134457906124
11148900,0.7401846647262573,0.7782198985417684,0.05860904164977351,0.8254859561389104,0.7633019685745239,0.05419401327768958,0.09930406014124549,0.007869799931844113
11151300,0.86475670337677,0.8917498191197714,0.0022023942550713767,0.8605573079874093,0.8781245152155558,0.0022473533948262903,0.134038507938385,0.006003379821777344
11176400,0.6216556429862976,0.6692605217297872,0.03495215547087667,0.8038476542522409,0.6561083594957987,0.0285282929738363,0.12967336177825928,0.0018998185793558386
11230500,0.6959632635116577,0.8080369234085083,0.8379627928650974,0.1620372071349026,0.21879607439041138,1.1314868529637654,-0.03233712911605835,-0.016951104005177853
11237500,0.7767419815063477,0.9204814831415812,0.7440857801129832,0.2320255691648764,0.539158840974172,1.729035417238871,0.03240456183751428,0.023105601469675663
11264500,0.7954038381576538,0.872936487197876,0.7423069189331378,0.2291987705163052,0.3991281787554423,1.2926579316457112,0.03361868858337402,0.01600148280461633
11266500,0.7729683518409729,0.8169227639834086,0.7318683397150592,0.23388520769664137,0.3756997386614482,1.1756311853726704,0.03796112537384033,0.017050405343373654
11284400,0.746653139591217,0.782849133014679,0.18604227087736527,0.723070992081827,0.7766358256340027,0.19982421398162842,0.08889500300089515,0.00872459014256799
11381500,0.7949548959732056,0.927544633547465,0.24704715979591754,0.722726030766688,0.8374408086140951,0.2862597505251566,0.030626634756724003,0.004397928714752197
11451100,0.6263625621795654,0.706611712773641,0.16229616134697605,0.7297322830459884,0.6829298337300619,0.15188705921173096,0.09092909097671509,0.010117550690968868
11468500,0.7890889644622803,0.8757877747217814,0.04658619601996886,0.9216227882165617,0.836305578549703,0.04227358102798462,0.028848032156626346,-0.0016353925069173547
11473900,0.8188573122024536,1.0144251585006714,0.3081447831322949,0.6885120307203757,0.8919498125712076,0.3991937239964803,-0.02247730890909827,0.004331012566884396
11475560,0.8039901256561279,0.9129211902618408,0.0822656810486741,0.9177343189513258,0.8906645774841309,0.0798391501108805,-0.021099388599395752,-0.00023937225341796875
11476600,0.8515064716339111,0.9453324874242147,0.022275102151773047,0.9645174005927656,0.9453184604644775,0.021831711133321163,0.012944598992665646,-0.0032378435134887695
11478500,0.8329600095748901,1.010242263476054,0.08657952637208557,0.8991629448822264,0.9025699694951376,0.08690758546193444,0.014311552047729492,-0.0032979846000671387
11480390,0.8235077857971191,0.9664634068806967,0.16112960980521057,0.8099258223398856,0.867963949839274,0.17267592748006189,0.03101869424184167,-0.011037151018778446
11481200,0.7817618250846863,1.004310429096222,0.026686126666765182,0.9430481988546054,0.8643779953320821,0.02445993820826209,0.027740875879923466,-0.0003919402758280066
11482500,0.8482715487480164,1.1218721270561218,0.06742327979154679,0.9138836560875081,0.955934981505076,0.07052568594614661,0.01792242129643762,0.0016307830810546875
11522500,0.861792802810669,1.05473796526591,0.30650930323011544,0.6795555499530183,0.8718483249346415,0.3932417631149292,0.014661769072214725,0.003216584523518917
11523200,0.8296619653701782,1.0541934967041016,0.4563412618967214,0.450786187030215,0.7405282855033875,0.7496538758277893,0.12795970837275183,0.024606525897979736
11528700,0.8548209071159363,0.9891331394513448,0.10597057340032025,0.849849591252724,0.8684377074241638,0.10828838745752967,0.042350272337595585,0.002795875072479248
11532500,0.8578265905380249,1.1391043265660603,0.07129059774636978,0.9226705318150212,0.9658970832824707,0.07463051875432336,0.0063217878341674805,-0.0011504689852396277
